# character	readings (pinyin with tone numbers, / between readings), most frequent character first; from Unihan 18.0.0 (Unihan.zip, https://www.unicode.org/Public/UCD/latest/ucd/Unihan.zip): kMandarin, kHanyuPinlu, kTGHZ2013, kXHC1983, else kHanyuPinyin; generated by data/chinese_readings.py
的	de/di4/di2/di1
一	yi1/yi2/yi4
了	le/liao3/liao4
是	shi4/shi
不	bu4/bu/bu2
我	wo3
在	zai4
有	you3/you4
人	ren2/ren
這	zhe4/zhei4
这	zhe4/zhei4
他	ta1
們	men2/men
们	men/men2
來	lai2
来	lai2
個	ge4/ge/ge3
个	ge4/ge/ge3
上	shang4/shang/shang3
地	de/di4
大	da4/dai4
著	zhu4/zhe/zhao2/zhuo2/zhao1
着	zhe/zhao2/zhuo2/zhao1
就	jiu4
你	ni3
到	dao4/dao
說	shuo1
说	shuo1/shui4/yue4
和	he2/huo/he/he4/hu2/huo2/huo4
要	yao4/yao1
里	li3/li
么	me/yao1/ma
子	zi3/zi
也	ye3
去	qu4
那	na4/na1/na3/nai3/ne4/nei3/nei4
得	de2/de/dei3
主	zhu3
會	hui4/kuai4
会	hui4/kuai4
時	shi2
时	shi2
出	chu1
下	xia4/xia
國	guo2
国	guo2
過	guo4/guo/guo1
过	guo4/guo/guo1
為	wei4/wei2
为	wei4/wei2
好	hao3/hao1/hao4
以	yi3
看	kan4/kan1
可	ke3/ke4
還	hai2/huan2
还	hai2/huan2
生	sheng1/sheng
都	dou1/du1
學	xue2
学	xue2
沒	mei2/mo4
没	mei2/mo4
起	qi3
能	neng2
多	duo1
年	nian2
小	xiao3
把	ba3/ba4
天	tian1/tian
工	gong1
家	jia1/jia/jie
發	fa1/fa/fa4
发	fa1/fa/fa4
動	dong4
动	dong4
對	dui4
对	dui4
用	yong4/yong
中	zhong1/zhong4
又	you4
作	zuo4/zuo1/zuo2
同	tong2/tong/tong4
民	min2
自	zi4
樣	yang4
样	yang4
想	xiang3
面	mian4/mian
成	cheng2/cheng
她	ta1
義	yi4
义	yi4
后	hou4
經	jing1/jing/jing4
经	jing1/jing/jing4
產	chan3
产	chan3
十	shi2
什	shen2/shen/shi2
道	dao4/dao
進	jin4
进	jin4
現	xian4
现	xian4
只	zhi3/zhi1
兒	er2/r/ni2
儿	er2/r
點	dian3
点	dian3
頭	tou2/tou
头	tou2/tou
種	zhong3/zhong4
种	zhong3/zhong4/chong2
從	cong2/cong1
从	cong2/cong1
甚	shen4/shen2
些	xie1
很	hen3
然	ran2/ran
前	qian2
見	jian4/xian4/jian
见	jian4/xian4/jian
老	lao3
事	shi4/shi
方	fang1/fang
分	fen1/fen4/fen
開	kai1
而	er2
于	yu2
开	kai1
麼	me
心	xin1/xin
兩	liang3
两	liang3
走	zou3
行	xing2/hang2/heng2/hang4
長	zhang3/chang2
长	zhang3/chang2
高	gao1
象	xiang4
三	san1
當	dang1/dang4/dang
当	dang1/dang4/dang
它	ta1
氣	qi4/qi
回	hui2
給	gei3/ji3
给	gei3/ji3
實	shi2/shi
实	shi2/shi
問	wen4/wen
问	wen4/wen
全	quan2
水	shui3
部	bu4
几	ji3/ji1
二	er4
命	ming4
正	zheng4/zheng/zheng1
定	ding4
黨	dang3
党	dang3
手	shou3/shou
力	li4/li
己	ji3
機	ji1
机	ji1
气	qi4/qi
意	yi4/yi
向	xiang4
所	suo3
幾	ji3/ji1
知	zhi1
等	deng3
社	she4
物	wu4/wu
理	li3/li
战	zhan4
戰	zhan4
邊	bian1/bian
边	bian1/bian
話	hua4/hua
话	hua4/hua
候	hou4/hou
但	dan4
呢	ne/ni2
本	ben3
聲	sheng1/sheng
声	sheng1/sheng
如	ru2
呐	na4/ne/na/ne4
吶	na4/ne
使	shi3
之	zhi1
打	da3/da/da2
叫	jiao4
外	wai4
罷	ba4/ba/pi2
罢	ba4/ba
法	fa3/fa
眼	yan3
情	qing2/qing
做	zuo4
身	shen1
重	zhong4/chong2
化	hua4/hua1
革	ge2/ji2
才	cai2/cai
間	jian1/jian/jian4
间	jian1/jian/jian4
反	fan3
已	yi3/si4
四	si4
最	zui4
真	zhen1
業	ye4
业	ye4
怎	zen3
志	zhi4
聽	ting1/ting
听	ting1/ting
吧	ba/ba1
別	bie2/bie4
别	bie2/bie4
級	ji2
级	ji2
放	fang4
媽	ma1/ma
妈	ma1/ma
無	wu2/mo2
无	wu2/mo2
路	lu4
明	ming2/ming
先	xian1
干	gan4/gan1
新	xin1
因	yin1
量	liang4/liang/liang2
車	che1/ju1
车	che1/ju1
文	wen2
階	jie1
阶	jie1
代	dai4
少	shao3/shao/shao4
五	wu3
加	jia1
解	jie3/jie4/xie4
制	zhi4
政	zheng4
軍	jun1
军	jun1
度	du4/du/duo2
活	huo2/huo
各	ge4/ge3
住	zhu4
電	dian4
电	dian4
比	bi3
員	yuan2
员	yuan2/yun4/yun2
第	di4
常	chang2
關	guan1
关	guan1
體	ti3/ti1
体	ti3/ti1
建	jian4
口	kou3/kou
太	tai4/tai
次	ci4
爭	zheng1
争	zheng1
月	yue4/yue
山	shan1
原	yuan2
再	zai4
吃	chi1
變	bian4
变	bian4
應	ying1/ying4/ying
应	ying1/ying4/ying
果	guo3
門	men2/men
门	men2/men
題	ti2
题	ti2
條	tiao2
条	tiao2
西	xi1/xi
光	guang1
思	si1/si/sai1
由	you2
快	kuai4/kuai
利	li4/li
表	biao3
東	dong1
东	dong1
總	zong3
总	zong3
您	nin2
合	he2/ge3
立	li4
百	bai3
提	ti2/di1
嗎	ma/ma2
吗	ma/ma2/ma3
被	bei4
跟	gen1
領	ling3
领	ling3
結	jie2/jie1
结	jie2/jie1
啊	a1/a/a2/a3/a4
決	jue2
决	jue2
完	wan2
平	ping2
教	jiao4/jiao1
隊	dui4
队	dui4
論	lun4/lun2
论	lun4/lun2
許	xu3
许	xu3
科	ke1
其	qi2/ji1
親	qin1/qin/qing4
亲	qin1/qin/qing4
資	zi1
资	zi1
者	zhe3
九	jiu3
展	zhan3/zhan
书	shu1
書	shu1
內	nei4
内	nei4
更	geng4/geng1
并	bing4/bing1
呀	ya/ya1
哪	na3/na/ne2/nai3/nei3
笑	xiao4
導	dao3
导	dao3
性	xing4/xing
白	bai2/bai
系	xi4/xi/ji4
造	zao4
斗	dou4/dou3
相	xiang1/xiang4
帶	dai4
带	dai4
萬	wan4
万	wan4/mo4
敵	di2
敌	di2
指	zhi3/zhi2/zhi1
界	jie4
共	gong4
接	jie1
直	zhi2
便	bian4/pian2
公	gong1
往	wang3/wang4
農	nong2
农	nong2
記	ji4/ji
線	xian4
线	xian4
记	ji4/ji
日	ri4
位	wei4
認	ren4
认	ren4
每	mei3
研	yan2/yan4
今	jin1
世	shi4
將	jiang1/jiang4/qiang1
将	jiang1/jiang4/qiang1
孩	hai2
任	ren4/ren2
根	gen1
花	hua1/hua
難	nan2/nan/nan4
难	nan2/nan/nan4
覺	jue2/jiao4
區	qu1/ou1
区	qu1/ou1
觉	jue2/jiao4
群	qun2
運	yun4
运	yun4
辦	ban4
办	ban4
風	feng1/feng3
风	feng1
數	shu4/shu3/shu/shuo4
数	shu4/shu3/shu/shuo4
望	wang4/wang
究	jiu1/jiu
識	shi2/shi4/shi/zhi4
识	shi2/shi4/shi/zhi4
寫	xie3/xie4
写	xie3/xie4
處	chu4/chu3/chu
处	chu4/chu3/chu
女	nv3/nv
治	zhi4
件	jian4
流	liu2
卻	que4
却	que4
眾	zhong4
众	zhong4
半	ban4
師	shi1
通	tong1/tong4
师	shi1
愛	ai4
爱	ai4
或	huo4
拿	na2
八	ba1/ba2
形	xing2/xing
步	bu4
此	ci3
計	ji4/ji
计	ji4/ji
必	bi4
站	zhan4
特	te4
設	she4
设	she4
改	gai3
受	shou4
連	lian2
连	lian2
信	xin4
切	qie4/qie1
誰	shui2/shei2
谁	shei2/shui2
強	qiang2/qiang3/jiang4
强	qiang2/qiang3/jiang4
該	gai1
该	gai1
术	shu4/zhu2
朮	shu4
且	qie3/ju1
找	zhao3
算	suan4/suan
遠	yuan3
远	yuan3
六	liu4/lu4
滿	man3
满	man3
觀	guan1/guan4
观	guan1/guan4
早	zao3
報	bao4
报	bao4
坐	zuo4
熱	re4
热	re4
期	qi1/ji1
济	ji4/ji3
濟	ji4/ji3
石	shi2/dan4
似	si4/shi4
告	gao4
夠	gou4
够	gou4
跑	pao3/pao2
啦	la1/la
管	guan3
料	liao4
感	gan3
爸	ba4/ba
講	jiang3
讓	rang4
让	rang4
讲	jiang3
與	yu3/yu4/yu2
与	yu3/yu4/yu2
組	zu3
组	zu3
統	tong3
统	tong3
河	he2
越	yue4
火	huo3
爺	ye2/ye
爷	ye2/ye
服	fu2/fu/fu4
七	qi1/qi2
色	se4/shai3
飛	fei1
飞	fei1
轉	zhuan3/zhuan4/zhuai3
转	zhuan3/zhuan4/zhuai3
死	si3
臉	lian3
脸	lian3
塊	kuai4
块	kuai4
確	que4
确	que4
空	kong1/kong4
船	chuan2
務	wu4/wu
务	wu4/wu
取	qu3
場	chang3/chang2
海	hai3
场	chang3/chang2
極	ji2
极	ji2
質	zhi4
质	zhi4
緊	jin3
准	zhun3
紧	jin3
整	zheng3
倒	dao4/dao3
錢	qian2/qian
基	ji1
钱	qian2/qian
馬	ma3
马	ma3
團	tuan2
团	tuan2
照	zhao4
千	qian1
品	pin3
神	shen2/shen
剛	gang1
刚	gang1
怕	pa4
輕	qing1
轻	qing1
土	tu3
樹	shu4
勞	lao2
劳	lao2
树	shu4
影	ying3
保	bao3
史	shi3
細	xi4
细	xi4
紅	hong2
红	hong2/gong1
習	xi2
习	xi2
程	cheng2
青	qing1
近	jin4
容	rong2
油	you2
清	qing1
历	li4
歷	li4
送	song4
求	qiu2
錯	cuo4
错	cuo4
字	zi4/zi
目	mu4
村	cun1
裡	li3/li
據	ju4
据	ju4/ju1
片	pian4/pian1
席	xi2
夜	ye4
較	jiao4
较	jiao4
響	xiang3
响	xiang3
驗	yan4
類	lei4
类	lei4
验	yan4
離	li2
离	li2
底	di3/de
至	zhi4
張	zhang1
张	zhang1
入	ru4
米	mi3
備	bei4
备	bei4
屋	wu1
買	mai3
买	mai3
深	shen1
器	qi4
收	shou1
名	ming2
規	gui1
咱	zan2/zan/za2
规	gui1
集	ji2
需	xu1
南	nan2/na1
勝	sheng4
胜	sheng4/sheng1
布	bu4
病	bing4
具	ju4/ju
鐵	tie3
須	xu1
铁	tie3
须	xu1
織	zhi1
织	zhi1
裝	zhuang1
装	zhuang1
廠	chang3
厂	chang3/an1
晚	wan3
北	bei3
睛	jing1/jing
及	ji2
況	kuang4
况	kuang4
院	yuan4
傳	chuan2/zhuan4
传	chuan2/zhuan4
友	you3/you
技	ji4
哥	ge1/ge
房	fang2
消	xiao1
包	bao1
際	ji4
际	ji4
母	mu3
堅	jian1
坚	jian1
批	pi1
談	tan2
谈	tan2
何	he2
黑	hei1
市	shi4/fu2
非	fei1
忙	mang2
趕	gan3
斷	duan4
断	duan4
赶	gan3
汽	qi4
睡	shui4
族	zu2
拉	la1/la/la2/la3/la4
速	su4
委	wei3/wei1
低	di1
精	jing1
興	xing4/xing1
抗	kang4
兴	xing4/xing1
害	hai4/hai
圍	wei2
围	wei2
刻	ke4
答	da2/da1
派	pai4/pa1
衣	yi1/yi4
苦	ku3
擊	ji1
击	ji1
交	jiao1
娘	niang2/niang
支	zhi1
音	yin1
嚴	yan2
严	yan2
廣	guang3
广	guang3/an1
腳	jiao3/jue2
脚	jiao3/jue2
壓	ya1/ya4
压	ya1/ya4
句	ju4/gou1/gou4
急	ji2
壞	huai4
坏	huai4/pi1
草	cao3
嘴	zui3
藝	yi4
艺	yi4
始	shi3
帝	di4
破	po4
單	dan1/chan2/shan4
調	diao4/tiao2
单	dan1/chan2/shan4
调	diao4/tiao2
專	zhuan1
专	zhuan1
增	zeng1
持	chi2
隨	sui2
随	sui2
幫	bang1
帮	bang1
安	an1
訴	su4/su
诉	su4/su
穿	chuan1
城	cheng2
乎	hu1/hu
請	qing3
士	shi4/shi
请	qing3
聯	lian2
联	lian2
陣	zhen4
式	shi4/shi
阵	zhen4
偉	wei3
伟	wei3
議	yi4
议	yi4
客	ke4
金	jin1
星	xing1
般	ban1/bo1/pan2
積	ji1
积	ji1
商	shang1
複	fu4
复	fu4
飯	fan4
達	da2
达	da2
饭	fan4
約	yue1
约	yue1/yao1
虫	chong2
参	can1/shen1/cen1
參	can1/shen1/cen1
亮	liang4/liang
舉	ju3/ju
举	ju3/ju
橋	qiao2
育	yu4/yo1
桥	qiao2
左	zuo3
雨	yu3/yu4
雖	sui1
虽	sui1
魚	yu2
鱼	yu2
毛	mao2/mao
兵	bing1
忽	hu1
則	ze2
则	ze2
節	jie2/jie1
节	jie2/jie1
推	tui1
段	duan4
易	yi4
賣	mai4/mai
台	tai2/tai1
卖	mai4/mai
落	luo4/la4/lao4/luo1
鋼	gang1/gang4
钢	gang1/gang4
失	shi1
材	cai2/cai
愿	yuan4
靠	kao4
歲	sui4
皮	pi2
伙	huo3/huo
岁	sui4
证	zheng4
証	zheng4
父	fu4/fu3
朋	peng2
陽	yang2
阳	yang2
微	wei1
即	ji2
誤	wu4/wu
误	wu4/wu
停	ting2
示	shi4
划	hua4/hua2/huai
局	ju2
背	bei4/bei1
顯	xian3
显	xian3
歡	huan1/huan
欢	huan1/huan
夫	fu1/fu/fu2
引	yin3
息	xi1/xi
除	chu2
温	wen1
食	shi2/shi/si4/yi4
畫	hua4
画	hua4
溫	wen1
首	shou3
圖	tu2
图	tu2
右	you4
號	hao4/hao/hao2
号	hao4/hao/hao2
續	xu4
续	xu4
層	ceng2
层	ceng2
呼	hu1/hu
留	liu2
燈	deng1
敢	gan3
權	quan2
权	quan2
灯	deng1
密	mi4
舊	jiu4
旧	jiu4
靜	jing4/jing
静	jing4/jing
另	ling4
突	tu1
掉	diao4
旁	pang2
跳	tiao4
查	cha2/zha1
護	hu4
护	hu4
久	jiu3
紀	ji4
纪	ji4/ji3
紙	zhi3
美	mei3
纸	zhi3
雪	xue3
助	zhu4
修	xiu1
喊	han3
沖	chong1/chong4
冲	chong1/chong4
存	cun2
醫	yi1
医	yi1
喜	xi3
漸	jian4
渐	jian4/jian1
球	qiu2
姑	gu1/gu
激	ji1/ji
呵	he1/a1/a2/a3/a4/a/ke1
冷	leng3
令	ling4/ling2/ling3
勢	shi4/shi
势	shi4/shi
弟	di4/di
創	chuang4/chuang1
创	chuang4/chuang1
念	nian4
注	zhu4
沉	chen2/chen1
頂	ding3
略	lve4
顶	ding3
古	gu3
律	lv4
評	ping2
按	an4
评	ping2
腦	nao3
脑	nao3
室	shi4
搞	gao3
唱	chang4
鄉	xiang1
乡	xiang1
讀	du2/dou4
府	fu3
读	du2/dou4
簡	jian3
简	jian3
板	ban3
養	yang3
價	jia4/jie
价	jia4/jie/jie4
养	yang3
縣	xian4
县	xian4
校	xiao4/jiao4
烈	lie4
沙	sha1/sha4
驚	jing1
惊	jing1
章	zhang1
視	shi4/shi
视	shi4/shi
采	cai3/cai4
維	wei2
维	wei2
血	xue4/xie3
姐	jie3/jie
慢	man4
故	gu4
木	mu4
怪	guai4
鐘	zhong1
钟	zhong1
省	sheng3/xing3
藥	yao4
药	yao4
角	jiao3/jue2
初	chu1
繼	ji4
继	ji4
抓	zhua1
班	ban1
排	pai2/pai3
僅	jin3/jin4
仅	jin3/jin4
奶	nai3/nai
封	feng1
礎	chu3
础	chu3
燒	shao1
烧	shao1
喝	he1/he/he4
座	zuo4
周	zhou1
擔	dan1/dan4/dan
担	dan1/dan4/dan/dan3
傷	shang1
央	yang1
伤	shang1
棉	mian2
竟	jing4
搖	yao2
曾	ceng2/zeng1
摇	yao2
槍	qiang1
困	kun4
枪	qiang1
熟	shu2/shou2
終	zhong1
终	zhong1
功	gong1
態	tai4
态	tai4
止	zhi3
源	yuan2
床	chuang2
盡	jin3/jin4
仍	reng2
尽	jin3/jin4
懂	dong3
彈	dan4/tan2/tan
弹	dan4/tan2/tan
防	fang2
充	chong1
試	shi4
试	shi4
哭	ku1
雙	shuang1
双	shuang1
窗	chuang1
吸	xi1
例	li4
翻	fan1
属	shu3/zhu3
屬	shu3/zhu3
叔	shu1/shu
祖	zu3
揮	hui1
挥	hui1
游	you2
缺	que1
責	ze2
责	ze2
模	mo2/mu2
野	ye3
亂	luan4
乱	luan4
痛	tong4
適	shi4
雜	za2
杂	za2
适	shi4/kuo4
歌	ge1/ge
菜	cai4
替	ti4
換	huan4
换	huan4
婦	fu4/fu
妇	fu4/fu
烟	yan1/yin1
煙	yan1
黃	huang2
負	fu4/fu
负	fu4/fu
黄	huang2
奇	qi2/ji1
瞭	liao4/liao3
標	biao1
岸	an4
占	zhan4/zhan1
标	biao1
待	dai4/dai1
林	lin2
課	ke4
值	zhi2
依	yi1
侵	qin1
课	ke4
卫	wei4
衛	wei4
選	xuan3
嘛	ma/ma2
选	xuan3
稱	cheng1/chen4
称	cheng1/chen4/cheng4
樂	le4/yue4
莊	zhuang1
握	wo4
檢	jian3
武	wu3
乐	le4/yue4
庄	zhuang1
检	jian3
田	tian2
街	jie1
益	yi4
考	kao3
嫂	sao3/sao
巨	ju4
演	yan3
營	ying2
营	ying2
爬	pa2
暗	an4
滅	mie4
貨	huo4
未	wei4
灭	mie4
货	huo4
春	chun1
差	cha4/cha1/chai1/ci1/chai4
固	gu4
元	yuan2
顧	gu4
顾	gu4
普	pu3
希	xi1
含	han2
針	zhen1
弄	nong4/long4
针	zhen1
短	duan3
降	jiang4/xiang2
斤	jin1
架	jia4
格	ge2/ge/ge1
型	xing2
構	gou4
构	gou4
供	gong1/gong4
透	tou4
射	she4
富	fu4
致	zhi4
副	fu4
攻	gong1
忘	wang4/wang2
踐	jian4
践	jian4
足	zu2
司	si1
泥	ni2/ni4
筆	bi3
危	wei1
既	ji4
笔	bi3
伸	shen1
言	yan2
朝	chao2/zhao1
迫	po4/pai3
費	fei4
抬	tai2
费	fei4
景	jing3
永	yong3
哎	ai1
葉	ye4
叶	ye4/xie2
店	dian4
減	jian3
印	yin4
减	jian3
江	jiang1
洋	yang2
宣	xuan1
絕	jue2
勁	jin4/jing4
某	mou3
劲	jin4/jing4
绝	jue2
抱	bao4
掌	zhang3/zhang
配	pei4
環	huan2
环	huan2
遍	bian4
謝	xie4/xie
映	ying4
素	su4
谢	xie4/xie
洗	xi3/xian3
互	hu4
察	cha2
嗯	ng4/en/n2/n3/n4/ng2/ng3
概	gai4
優	you1
优	you1
余	yu2
桌	zhuo1
鼓	gu3
鏡	jing4
镜	jing4
刀	dao1
摸	mo1/mo/mo2
效	xiao4
味	wei4
懷	huai2
奮	fen4
奋	fen4
怀	huai2
肯	ken3
境	jing4
糧	liang2
唯	wei2/wei3
粮	liang2
楚	chu3/chu
矛	mao2
盾	dun4
肉	rou4
王	wang2/wang4
討	tao3
讨	tao3
官	guan1
殺	sha1
逐	zhu2
擺	bai3
摆	bai3
杀	sha1
筑	zhu4/zhu2
仿	fang3
燃	ran2
冬	dong1
追	zhui1
袋	dai4/dai
午	wu3/wu
牛	niu2
掛	gua4
寶	bao3
列	lie4
置	zhi4/zhi
宝	bao3
挂	gua4
鞋	xie2
狀	zhuang4
状	zhuang4
假	jia3/jia4
順	shun4
顺	shun4
投	tou2
牆	qiang2
獨	du2
礦	kuang4
丰	feng1
墙	qiang2
独	du2
矿	kuang4
腿	tui3
酒	jiu3
語	yu3
语	yu3/yu4
遇	yu4
浪	lang4
端	duan1
策	ce4
哦	o2/o4/e2
妹	mei4/mei
園	yuan2
猛	meng3
园	yuan2
幸	xing4
徹	che4
彻	che4
碎	sui4
超	chao1
炼	lian4
煉	lian4
案	an4
退	tui4
鬧	nao4/nao
闹	nao4/nao
英	ying1
佛	fu2/fo2
判	pan4
努	nu3
閃	shan3
闪	shan3
犯	fan4
瞧	qiao2
煤	mei2
男	nan2
散	san4/san3
湖	hu2
鮮	xian1/xian
鲜	xian1/xian/xian3
骨	gu3/gu2/gu1
枝	zhi1
練	lian4
练	lian4
雞	ji1
抽	chou1
企	qi3
鸡	ji1
銀	yin2
银	yin2
朵	duo3/duo
露	lu4/lou4
館	guan3
馆	guan3
限	xian4
吹	chui1
脫	tuo1
挺	ting3
脱	tuo1
季	ji4
嬸	shen3/shen
婶	shen3/shen
洞	dong4/tong2
碗	wan3
蓋	gai4/gai/ge3
盖	gai4/gai/ge3
項	xiang4
项	xiang4
召	zhao4/shao4
像	xiang4
堆	dui1/zui1
淚	lei4
泪	lei4
姓	xing4
折	zhe2/zhe1/she2
沿	yan2/yan4
輸	shu1
束	shu4
率	lv4/shuai4
输	shu1
否	fou3/pi3
哈	ha1/ha3/ha4
套	tao4
測	ce4
漢	han4
削	xue1/xiao1
汉	han4
测	ce4
毫	hao2
哩	li1/li/li3/ying1
鬼	gui3
勇	yong3
拍	pai1
玩	wan2
輪	lun2
險	xian3
轮	lun2
险	xian3
巴	ba1/ba
硬	ying4
預	yu4
移	yi2
耐	nai4
震	zhen4
预	yu4
綠	lv4
臨	lin2
股	gu3/gu
临	lin2
绿	lv4/lu4
碰	peng4
倍	bei4
染	ran3
植	zhi2
敗	bai4
悄	qiao1/qiao3
鋪	pu4/pu1/pu
執	zhi2
守	shou3
执	zhi2
败	bai4
铺	pu4/pu1/pu
户	hu4/hu
哲	zhe2
戶	hu4/hu
狗	gou3
羊	yang2
救	jiu4
伍	wu3/wu
鎮	zhen4
镇	zhen4
麗	li4/li2
旗	qi2
編	bian1
胡	hu2
丽	li4/li2
编	bian1
窮	qiong2
雄	xiong2
穷	qiong2
玻	bo1
璃	li2
剝	bo1
剥	bo1/bao1
粉	fen3
零	ling2
艱	jian1
艰	jian1
肩	jian1
顆	ke1
混	hun4/hun2
挑	tiao1/tiao3
云	yun2
颗	ke1
善	shan4
鑽	zuan1/zuan4
戏	xi4/hu1
钻	zuan1/zuan4
戲	xi4/hu1
昨	zuo2
借	jie4
舞	wu3
偷	tou1
頓	dun4
均	jun1
顿	dun4/du2
篇	pian1
洲	zhou1
施	shi1
厚	hou4
陸	lu4/liu4
陆	lu4/liu4
招	zhao1
傅	fu4/fu
范	fan4
醒	xing3
剩	sheng4
默	mo4
福	fu2
良	liang2
警	jing3
躺	tang3
升	sheng1
夏	xia4
圓	yuan2
休	xiu1
奪	duo2
惡	e4/wu4/e3/wu1
纖	xian1
圆	yuan2
夺	duo2
恶	e4/wu4/e3/wu1
纤	xian1/qian4
倆	lia3/liang3
俩	lia3/liang3
億	yi4
亿	yi4
茶	cha2
擦	ca1
盤	pan2/pan
盘	pan2/pan
伯	bo2/bo/bai3
免	mian3
弱	ruo4
遭	zao1
征	zheng1
迅	xun4
控	kong4
鼻	bi2
鳥	niao3/diao3
齊	qi2/ji4
虎	hu3/hu/hu4
島	dao3
堂	tang2/tang
岛	dao3
鸟	niao3/diao3
齐	qi2/ji4
灰	hui1
忍	ren3
爆	bao4
帽	mao4
威	wei1
毒	du2
牲	sheng1
牙	ya2
冒	mao4/mo4
絲	si1
液	ye4
丝	si1
寬	kuan1
靈	ling2/ling
宽	kuan1
灵	ling2/ling
居	ju1
松	song1
訓	xun4/xun
训	xun4/xun
罪	zui4/zui
粗	cu1
膀	bang3/pang1/pang2/bang4
炮	pao4/bao1/pao2
若	ruo4/re3
罵	ma4
骂	ma4
圈	quan1/juan4/juan1
貴	gui4
孔	kong3
贵	gui4
樓	lou2
揚	yang2
獻	xian4
縮	suo1
扬	yang2
楼	lou2
献	xian4
缩	suo1/su4
份	fen4/fen
途	tu2
輛	liang4
胸	xiong1
紡	fang3
纺	fang3
辆	liang4
爐	lu2
炉	lu2
耳	er3
渡	du4
票	piao4
菌	jun1/jun4
傾	qing1
倾	qing1
涂	tu2/tu
播	bo1
壯	zhuang4
械	xie4
壮	zhuang4
職	zhi2
拖	tuo1
职	zhi2
秋	qiu1
克	ke4
擠	ji3
帳	zhang4
帐	zhang4
挤	ji3
肚	du4/du3
括	kuo4/gua1
索	suo3/suo
棵	ke1
麻	ma2/ma/ma1
插	cha1
謂	wei4
湿	shi1
谓	wei4
濕	shi1
尾	wei3/yi3
阿	a1/e1/a
尖	jian1
盆	pen2
蛋	dan4
趣	qu4/cu4
慌	huang1/huang
梁	liang2/liang
涌	yong3/chong1
冰	bing1
怒	nu4
咬	yao3
避	bi4
財	cai2
财	cai2
累	lei4/lei3/lei2
辯	bian4
辩	bian4
逃	tao2
曲	qu1/qu3
餓	e4
磨	mo2/mo/mo4
饿	e4
疑	yi2
承	cheng2
刺	ci4/ci1
肥	fei2
贊	zan4
探	tan4/tan
糊	hu2/hu/hu1/hu4
赞	zan4
香	xiang1
彎	wan1
徒	tu2
弯	wan1
腰	yao1
付	fu4/fu
暖	nuan3
憤	fen4
擴	kuo4
愤	fen4
扩	kuo4
阻	zu3
吨	dun1
噸	dun1
柴	chai2
藏	cang2/zang4
介	jie4
獲	huo4
紹	shao4
绍	shao4
获	huo4
隔	ge2
緩	huan3
缓	huan3
奔	ben1/ben4
秘	mi4/bi4
窩	wo1
偏	pian1
叹	tan4
窝	wo1
嘆	tan4
晨	chen2/chen
淨	jing4
詩	shi1
穩	wen3
净	jing4
稳	wen3
诗	shi1
喂	wei4
暴	bao4/pu4
潮	chao2
殖	zhi2/shi
登	deng1
迷	mi2
协	xie2
協	xie2
壁	bi4
畢	bi4
毕	bi4
浮	fu2
紛	fen1
闊	kuo4
陰	yin1
附	fu4
纷	fen1
阔	kuo4
阴	yin1
井	jing3
巧	qiao3
榮	rong2
滾	gun3
哼	heng1/hng
拼	pin1
滚	gun3
荣	rong2
厲	li4
麥	mai4
異	yi4
厉	li4
异	yi4
麦	mai4
慣	guan4
寒	han2
谷	gu3/yu4
惯	guan4
丟	diu1
培	pei2
載	zai4/zai3
宇	yu3
泛	fan4
肅	su4
丢	diu1
肃	su4
载	zai4/zai3
舒	shu1
錄	lu4
录	lu4
婆	po2/po
搬	ban1
健	jian4
禁	jin4/jin1
尋	xun2/xin2
灌	guan4
補	bu3
駝	tuo2/tuo
寻	xun2/xin2
补	bu3
驼	tuo2/tuo
刷	shua1/shua4
撲	pu1
珠	zhu1
促	cu4
析	xi1
扑	pu1
旅	lv3
愈	yu4
躍	yue4
跃	yue4
彩	cai3/cai
拔	ba2/ba
袖	xiu4
凝	ning2
幕	mu4
庭	ting2
戴	dai4
援	yuan2
航	hang2
瓜	gua1
溝	gou1
挖	wa1
呆	dai1/ai2
杆	gan1/gan3
沟	gou1
猿	yuan2
迎	ying2
嚇	xia4/he4
凡	fan2
吓	xia4/he4
掃	sao3/sao4
騎	qi2
憑	ping2
凭	ping2
扫	sao3/sao4
骑	qi2
操	cao1
箱	xiang1
扎	zha1/zha2/za1
凍	dong4
純	chun2
聞	wen2
冻	dong4
纯	chun2
闻	wen2
仔	zi3/zai3/zi1
踏	ta4/ta1
顏	yan2
績	ji1
訊	xun4
绩	ji4/ji1
讯	xun4
颜	yan2
序	xu4
搶	qiang3/qiang1
恨	hen4
眉	mei2
橫	heng2
瘋	feng1
抢	qiang3/qiang1
横	heng2/heng4
疯	feng1
宙	zhou4
涼	liang2/liang4
卷	juan3/juan4
繁	fan2/po2
距	ju4
夢	meng4
銅	tong2
氧	yang3
凉	liang2/liang4
梦	meng4
铜	tong2
割	ge1
瓶	ping2
損	sun3
仗	zhang4
攝	she4
损	sun3
摄	she4
摔	shuai1
豆	dou4
悲	bei1
昏	hun1/hun2
繩	sheng2/sheng
疼	teng2
绳	sheng2/sheng
藍	lan2/la
爛	lan4
訂	ding4
烂	lan4
烦	fan2/fan
蓝	lan2/la
订	ding4
煩	fan2/fan
軟	ruan3
側	ce4
鞏	gong3
侧	ce4/ze4/zhai1
巩	gong3
虑	lv4
软	ruan3
慮	lv4
尺	chi3/che3
躲	duo3
貼	tie1
賽	sai4
匆	cong1
域	yu4
贴	tie1
赛	sai4
恰	qia4
薄	bao2/bo2/bo4
劇	ju4
釋	shi4
駛	shi3
狠	hen3
役	yi4
惟	wei2
剧	ju4
释	shi4
驶	shi3
杯	bei1
兄	xiong1/xiong
幅	fu2
尊	zun1
擁	yong1
謀	mou2/mou
授	shou4
俺	an3
拥	yong1
谋	mou2/mou
勸	quan4
博	bo2
劝	quan4
捧	peng3
網	wang3
觸	chu4
儀	yi2
仪	yi2
睁	zheng1
网	wang3
触	chu4
睜	zheng1
騰	teng2/teng
腾	teng2/teng
抖	dou3
匪	fei3
揭	jie1
腐	fu3/fu
夾	jia1/jia2/ga1
稍	shao1/shao4
夹	jia1/jia2/ga1
稼	jia4/jia
閉	bi4
闭	bi4
胞	bao1
濃	nong2
脈	mai4/mo4
駱	luo4
浓	nong2
脉	mai4/mo4
骆	luo4
惜	xi1
貧	pin2
蒸	zheng1
監	jian1/jian4
鍋	guo1
刑	xing2
臟	zang4/zang1
皺	zhou4
皱	zhou4
监	jian1/jian4
脏	zang4/zang1
贫	pin2
锅	guo1
禮	li3
波	bo1
私	si1
繞	rao4/rao3
炸	zha4/zha2
礼	li3
绕	rao4/rao3
塑	su4
磁	ci2
違	wei2
违	wei2
丈	zhang4
玉	yu4
茫	mang2/mang1
憐	lian2
吐	tu3/tu4
敲	qiao1
淡	dan4
噴	pen1
廢	fei4
恢	hui1
挨	ai1/ai2
喷	pen1/pen4
废	fei4
怜	lian2
悉	xi1
蜜	mi4
災	zai1
尤	you2
憶	yi4
忆	yi4
灾	zai1
恐	kong3
述	shu4
隱	yin3
啥	sha2/sha4
隐	yin3
額	e2
殘	can2
残	can2
额	e2
甲	jia3/jia
遲	chi2
旋	xuan2/xuan4
污	wu1
膽	dan3
蹲	dun1/cun2
亩	mu3
胆	dan3
迟	chi2
畝	mu3
乘	cheng2/sheng4
伴	ban4
縫	feng4/feng2
掏	tao1/tao2
缝	feng4/feng2
椅	yi3/yi1
刮	gua1
捉	zhuo1
串	chuan4
埋	mai2/man2
抵	di3
秒	miao3
乏	fa2
喔	o1/wo1/o4
粒	li4
捕	bu3
添	tian1
坡	po1
舍	she3/she4
犧	xi1
噢	o1
牺	xi1
哇	wa1/wa
酸	suan1
允	yun3
柜	gui4/ju3
寄	ji4
遺	yi2
托	tuo1
狂	kuang2
措	cuo4
扔	reng1
遗	yi2/wei4
兔	tu4
伏	fu2
勤	qin2
珍	zhen1
輝	hui1
糟	zao1
辉	hui1
拾	shi2/shi/she4
滴	di1
殊	shu1
浑	hun2
渾	hun2
猜	cai1
典	dian3
漠	mo4
障	zhang4
糖	tang2
撞	zhuang4
棒	bang4
殼	ke2/qiao4
盛	sheng4/cheng2
牽	qian1
德	de2
忿	fen4
唇	chun2
壳	ke2/qiao4
峡	xia2
滑	hua2/hua
牵	qian1
贡	gong4
峽	xia2
貢	gong4
竹	zhu2
蜂	feng1
聰	cong1
敬	jing4
暫	zan4
籠	long2/long/long3
騙	pian4
宜	yi2/yi
斜	xie2
哟	yo1/yo
暂	zan4
歼	jian1
笼	long2/long/long3
聪	cong1
骗	pian4
喲	yo1/yo
殲	jian1
貌	mao4
詳	xiang2
扭	niu3/niu
详	xiang2
辟	pi4/bi4/pi1
亡	wang2
峰	feng1
秀	xiu4
勵	li4
歸	gui1
励	li4
归	gui1
焊	han4
稻	dao4
寸	cun4/cun
脆	cui4
喚	huan4/huan
毀	hui3
緒	xu4
銷	xiao1
唤	huan4/huan
毁	hui3
绪	xu4
销	xiao1
祝	zhu4
雷	lei2
渠	qu2
庫	ku4
貫	guan4
库	ku4
爹	die1
贯	guan4
辛	xin1
飄	piao1
遵	zun1
坑	keng1
蒙	meng2/meng1/meng3
飘	piao1
逼	bi1
婚	hun1
胃	wei4
趟	tang4/tang1
披	pi1
闲	xian2
閑	xian2
娃	wa2/wa
狼	lang2
嚷	rang3/rang1
垂	chui2
塞	sai1/se4/sai4
扯	che3/che
锻	duan4
鍛	duan4
凳	deng4
箭	jian4
膚	fu1
迹	ji4/ji1
跡	ji1
輩	bei4
卵	luan3
炕	kang4
肤	fu1
辈	bei4
巾	jin1
潔	jie2
匠	jiang4/jiang
猴	hou2
臂	bi4/bei
漲	zhang3/zhang4
耗	hao4
陷	xian4
虛	xu1
洁	jie2
涨	zhang3/zhang4
虚	xu1
吵	chao3/chao1
翅	chi4
鈴	ling2
咳	hai1/ke2
森	sen1
漂	piao4/piao1/piao3
霧	wu4
飽	bao3
皇	huang2
獄	yu4
療	liao2
搭	da1
脾	pi2
狱	yu4
疗	liao2
铃	ling2
雾	wu4
饱	bao3
振	zhen4
掩	yan3
牧	mu4
趁	chen4
尚	shang4/shang
番	fan1/pan1
符	fu2
歇	xie1
拣	jian3
揀	jian3
豬	zhu1
舅	jiu4/jiu
綱	gang1
擋	dang3/dang4
曉	xiao3
遞	di4
挡	dang3/dang4
晓	xiao3
猪	zhu1
纲	gang1
迈	mai4
递	di4
邁	mai4
瘦	shou4
淺	qian3/jian1
腸	chang2
壤	rang3
撤	che4
浅	qian3/jian1
肠	chang2
塘	tang2
砍	kan3
塵	chen2
妙	miao4
碑	bei1
尘	chen2
齒	chi3
焦	jiao1
衡	heng2
齿	chi3
匹	pi3
摘	zhai1
劍	jian4
競	jing4
劑	ji4
剂	ji4
剑	jian4
竞	jing4
康	kang1
疲	pi2
盒	he2
漆	qi1
售	shou4
凶	xiong1
拱	gong3
紗	sha1
堵	du3
纱	sha1
楊	yang2
蘋	ping2
泡	pao4/pao1
轟	hong1
坦	tan3
逗	dou4
緣	yuan2
瞪	deng4
斯	si1
杨	yang2
盟	meng2/ming2
缘	yuan2
苹	ping2
轰	hong1
享	xiang3
嘿	hei1/mo4
棚	peng2/peng
龍	long2
掙	zheng1/zheng4
簽	qian1
喘	chuan3
挣	zheng1/zheng4
签	qian1
龙	long2
甜	tian2
餅	bing3/bing
溉	gai4
悶	men4/men1
潑	po1/po
宿	su4/xiu3/xiu4
艙	cang1
泼	po1/po
舱	cang1
闷	men4/men1
饼	bing3/bing
籃	lan2
愉	yu2
捏	nie1
棍	gun4
盼	pan4
篮	lan2
芦	lu2/lu/lu3
铅	qian1/yan2
蘆	lu2/lu/lu3
鉛	qian1
牌	pai2
版	ban3
聚	ju4
訪	fang3
宮	gong1
炭	tan4
脖	bo2
匯	hui4
奴	nu2
宫	gong1
汇	hui4
窑	yao2
访	fang3
隶	li4
窯	yao2
隸	li4
池	chi2
桶	tong3
詞	ci2
釣	diao4
臭	chou4/xiu4
咐	fu4/fu
獵	lie4
軌	gui3
攤	tan1
礙	ai4
摊	tan1
昆	kun1
猎	lie4
碍	ai4
词	ci2
轨	gui3
钓	diao4
颤	chan4/zhan4
顫	chan4
苗	miao2
智	zhi4/zhi1
仇	chou2/qiu2
擇	ze2/zhai2
鋒	feng1
虧	kui1
亏	kui1
择	ze2/zhai2
锋	feng1
抄	chao1
慰	wei4
仰	yang3
岩	yan2
譯	yi4
屆	jie4
嶺	ling3
届	jie4
岗	gang3/gang1
岭	ling3
盐	yan2
译	yi4
崗	gang3/gang1
鹽	yan2
荷	he2/he4
烏	wu1/wu4
妻	qi1/qi4
陪	pei2
徑	jing4
獎	jiang3
悟	wu4
欠	qian4/qian
叢	cong2
蒼	cang1
輯	ji2/ji
丛	cong2
乌	wu1/wu4
凑	cou4
厘	li2
奖	jiang3
径	jing4
苍	cang1
辑	ji2/ji
湊	cou4
蛇	she2/yi2
鎖	suo3
撒	sa1/sa3
柱	zhu4
株	zhu1
核	he2/hu2
漏	lou4
糾	jiu1
叛	pan4
瓷	ci2
潤	run4
捞	lao1
润	run4
纠	jiu1
锁	suo3
撈	lao1
傲	ao4
宗	zong1/zong
扶	fu2
裂	lie4/lie3
厭	yan4
驕	jiao1
估	gu1/gu4
蕩	dang4
蝕	shi2
厌	yan4
捆	kun3
荡	dang4
蚀	shi2
骄	jiao1
幼	you4
挽	wan3
銳	rui4
鳴	ming2
掀	xian1
撥	bo1
拨	bo1
锐	rui4
鸣	ming2
款	kuan3
盯	ding1
胳	ge1/ge2/ga1
偶	ou3
寂	ji4
稿	gao3
懇	ken3
綜	zong1
屈	qu1/qu
歪	wai1
恳	ken3
晃	huang3/huang/huang4
眯	mi1/mi2/mi3
秧	yang1
综	zong1/zeng4
踩	cai3
鲸	jing1
瞇	mi1/mi3
鯨	jing1
欣	xin1
扁	bian3/pian1
吼	hou3
嗓	sang3
朴	pu3/piao2/po4/po1
莫	mo4/mo/mu4
貓	mao1/mao2
灘	tan1
扣	kou4
褲	ku4
傻	sha3
幻	huan4
牢	lao2
掠	lve4/lve3
腔	qiang1
跨	kua4
拢	long3
榴	liu2
溶	rong2
滩	tan1
猫	mao1/mao2
蚕	can2
蝗	huang2
裤	ku4
霜	shuang1
攏	long3
蠶	can2
冶	ye3
晴	qing2
遮	zhe1
搜	sou1
宅	zhai2
咽	yan4/ye4/yan1
抹	mo3/ma1/mo4
敏	min3
漫	man4
筋	jin1
啟	qi3
碼	ma3
彼	bi3
启	qi3
搁	ge1/ge/ge2
码	ma3
键	jian4
擱	ge1/ge
鍵	jian4
桃	tao2
燕	yan4/yan1
欺	qi1
舌	she2
釘	ding1
廳	ting1
拒	ju4
琴	qin2
蔽	bi4
駕	jia4
吊	diao4
旱	han4
厅	ting1
袄	ao3
钉	ding1/ding4
驾	jia4
襖	ao3
鴉	ya1
澆	jiao1
賞	shang3
攔	lan2
摧	cui1
撕	si1
審	shen3
丘	qiu1
审	shen3
币	bi4
愣	leng4
拦	lan2
浇	jiao1
赏	shang3
鸦	ya1
幣	bi4
蛙	wa1
傘	san3
涉	she4
晶	jing1
伞	san3
犹	you2
猶	you2
橘	ju2
裳	shang/chang2
頑	wan2
朗	lang3
柔	rou2
瞎	xia1
描	miao2
稀	xi1
隆	long2/long1
憲	xian4
丫	ya1
僚	liao2
哏	gen2
嗡	weng1
宪	xian4
肝	gan1
顽	wan2
驴	lv2
驢	lv2
童	tong2
耕	geng1
湯	tang1/tang/shang1
倡	chang4
哀	ai1
堤	di1/ti2
姨	yi2
崇	chong2
跪	gui4
延	yan2
廟	miao4
闖	chuang3
庙	miao4
汤	tang1/tang/shang1
碳	tan4
辫	bian4
闯	chuang3
颇	po1
辮	bian4
頗	po1/po3
栽	zai1
嫁	jia4
孤	gu1
拳	quan2
耀	yao4
荒	huang1
脅	xie2
脹	zhang4
勃	bo2
哗	hua1/hua2
晒	shai4
洒	sa3/xi3
胀	zhang4
胁	xie2
膜	mo2
嘩	hua1/hua2
亭	ting2
填	tian2
燭	zhu2
妥	tuo3
患	huan4
督	du1
逢	feng2
魔	mo2
截	jie2
攀	pan1
咧	lie3/lie/lie1
帘	lian2
抑	yi4
梅	mei2
烛	zhu2
煮	zhu3
戚	qi1/qi
盜	dao4
肺	fei4
懸	xuan2
綁	bang3
媳	xi2
伐	fa2
悬	xuan2
盗	dao4
绑	bang3
弃	qi4
浸	jin4
港	gang3
誠	cheng2
喉	hou2
租	zu1
慘	can3
慶	qing4
拋	pao1
俗	su2
哨	shao4
末	mo4/me
醉	zui4
棄	qi4
豈	qi3
侦	zhen1
岂	qi3
帜	zhi4
庆	qing4
惨	can3
抛	pao1
眨	zha3
窜	cuan4
诚	cheng2
偵	zhen1
幟	zhi4
竄	cuan4
墨	mo4
踢	ti1
刊	kan1
炎	yan2
錦	jin3
桩	zhuang1
盏	zhan3
肖	xiao4/xiao1
锦	jin3
樁	zhuang1
盞	zhan3
塔	ta3/da
柳	liu3
辨	bian4
萄	tao2
葡	pu2
貝	bei4
惹	re3
紫	zi3
罩	zhao4
顛	dian1
啪	pa1
筐	kuang1
贝	bei4
颠	dian1
渴	ke3
愁	chou2
粥	zhou1/yu4
返	fan3
廚	chu2
蟬	chan2
吩	fen1
姿	zi1
溜	liu1/liu4
鞭	bian1
偽	wei3
覽	lan3
冤	yuan1
眠	mian2
頻	pin2
伪	wei3
厨	chu2
妄	wang4
屁	pi4
晌	shang3
甩	shuai3
纶	lun2/guan1
蝉	chan2
览	lan3
阀	fa2
频	pin2
綸	lun2/guan1
閥	fa2
汗	han4/han2
跌	die1/die2
傍	bang4
窄	zhai3
紋	wen2
倉	cang1
壺	hu2
怨	yuan4/yuan
泉	quan2
仓	cang1
壶	hu2
纹	wen2/wen4
扮	ban4/ban
秩	zhi4
瓦	wa3/wa4
裹	guo3
墳	fen2
襲	xi2
諒	liang4
洪	hong2
脂	zhi1
魂	hun2
襯	chen4
喽	lou2/lou
坟	fen2
扛	kang2/gang1
虾	xia1/ha2
衬	chen4
袭	xi2
谅	liang4
嘍	lou2/lou
蝦	xia1/ha2
乙	yi3
卧	wo4
矮	ai3
臥	wo4
筒	tong3
倘	tang3/chang2
膊	bo2/bo
疾	ji2
餐	can1
痕	hen2
膨	peng2
欄	lan2
磚	zhuan1
昂	ang2
揉	rou2
栏	lan2
砖	zhuan1
兜	dou1
胖	pang4/pan2
飲	yin3
拆	chai1/ca1
沫	mo4/mo
縱	zong4
齡	ling2
斧	fu3
肌	ji1
夸	kua1
崖	ya2
欲	yu4
涡	wo1/guo1
纵	zong4
趴	pa1
饮	yin3/yin4
龄	ling2
渦	wo1/guo1
鼠	shu3
裁	cai2
戒	jie4
襪	wa4
甘	gan1
譬	pi4
丹	dan1/dan
勾	gou1/gou4
嘻	xi1
御	yu4
拴	shuan1
撑	cheng1/cheng
朽	xiu3
袜	wa4
袱	fu2/fu
钩	gou1
铝	lv3
撐	cheng1/cheng
鉤	gou1
鋁	lv3
鴨	ya1
筷	kuai4
漁	yu2
催	cui1
盲	mang2
購	gou4
淹	yan1
熊	xiong2
攪	jiao3
咦	yi2
拧	ning2/ning3/ning4
搅	jiao3
渔	yu2
纬	wei3
购	gou4
鸭	ya1
擰	ning2/ning3/ning4
緯	wei3
螞	ma3
梯	ti1
淋	lin2/lin4
恆	heng2
獸	shou4
誕	dan4
兼	jian1
殿	dian4
溪	xi1
罐	guan4
飾	shi4
呈	cheng2
哄	hong1/hong3/hong4
娶	qu3
慧	hui4
蠟	la4
予	yu3/yu2
兽	shou4
恒	heng2
氏	shi4/zhi1
蚁	yi3
蚂	ma3/ma4/ma1
蜡	la4/zha4
诞	dan4
逮	dai3/dai4
饰	shi4
蟻	yi3
剪	jian3
嗽	sou4/sou
悔	hui3
碧	bi4
疊	die2
蠅	ying2/ying
聳	song3
繪	hui4
叠	die2
槽	cao2
绘	hui4
耸	song3
蝇	ying2/ying
豫	yu4
蹬	deng1/deng4
轴	zhou2/zhou4
軸	zhou2
缸	gang1
圾	ji1
垃	la1
皂	zao4
叮	ding1
慎	shen4
肢	zhi1
雕	diao1
嘗	chang2
潛	qian2
膝	xi1
竊	qie4
脊	ji3/ji2
酷	ku4
霉	mei2
詫	cha4
垮	kua3
尝	chang2
沾	zhan1
潜	qian2
窃	qie4
胎	tai1
艳	yan4
诧	cha4
艷	yan4
吆	yao1
愧	kui4
膠	jiao1
勉	mian3
症	zheng4/zheng1
岡	gang1
燦	can4
飢	ji1
嫌	xian2
拌	ban4
泊	po1/bo2
瓣	ban4
閨	gui1
巷	xiang4/hang4
隙	xi4
冈	gang1
揪	jiu1
晰	xi1
灿	can4
胶	jiao1
豁	huo1/huo4/hua2
踱	duo2
闺	gui1
饥	ji1
馒	man2
饅	man2
李	li3/li
熄	xi1
醬	jiang4
烤	kao3
恥	chi3
貿	mao4
飼	si4
債	zhai4
譽	yu4
鑄	zhu4
债	zhai4
唰	shua1
墩	dun1
弓	gong1
旦	dan4
砸	za2
粪	fen4
耻	chi3
誉	yu4
贸	mao4
酱	jiang4
铸	zhu4
饲	si4
糞	fen4
蝴	hu2
蝶	die2
仙	xian1/xian
畜	chu4/xu4
鄰	lin2
爽	shuang3
笨	ben4
籍	ji2
頁	ye4
寞	mo4
框	kuang4/kuang1
芒	mang2/wang2
袍	pao2
嬰	ying1
馳	chi2
妨	fang2/fang1
斥	chi4
囑	zhu3
押	ya1
豪	hao2
亦	yi4
哧	chi1
嘱	zhu3
婴	ying1
甭	beng2
癌	ai2
硫	liu2
邻	lin2
页	ye4
驰	chi2
扇	shan4/shan1
蛛	zhu1
蜘	zhi1
枯	ku1
倚	yi3
宴	yan4
宵	xiao1
焰	yan4
遷	qian1
君	jun1
枕	zhen3
縛	fu4
鑿	zao2/zuo4
僵	jiang1
滲	shen4
凿	zao2/zuo4
匀	yun2
崭	zhan3
渗	shen4
瞅	chou3
缚	fu4
赤	chi4
迁	qian1
勻	yun2
嶄	zhan3
蔬	shu1
雀	que4/qiao1/qiao3
挫	cuo4
淘	tao2
躁	zao4
埃	ai1
慨	kai3
渣	zha1
耽	dan1
駐	zhu4
砂	sha1
苏	su1
讶	ya4
鉴	jian4
驻	zhu4
蘇	su1
訝	ya4
鑒	jian4
郵	you2
循	xun2
怖	bu4
燥	zao4
診	zhen3
塌	ta1
擾	rao3
瞞	man2
侮	wu3
朦	meng2
朧	long2
纏	chan2
吁	xu1/yu4/yu1
呸	pei1
啾	jiu1
扰	rao3
瞒	man2
缠	chan2
胧	long2
苇	wei3
诊	zhen3
辽	liao2
邮	you2
陌	mo4
葦	wei3
遼	liao2
芽	ya2
懶	lan3
逝	shi4
黏	nian2
狹	xia2
賊	zei2
鹼	jian3
凸	tu1
凹	ao1/wa1
扒	ba1/pa2
梢	shao1/sao4
輔	fu3
頌	song4
輻	fu2
俘	fu2
剎	sha1/cha4
虜	lu3
丑	chou3
刹	sha1/cha4
嗨	hai1/hei1
宏	hong2
懒	lan3
狭	xia2
碱	jian3
虏	lu3
贼	zei2
辅	fu3
辐	fu2
陡	dou3
陵	ling2
颂	song4
丙	bing3
爪	zhao3/zhua3
吞	tun1
梳	shu1
竿	gan1
蚊	wen2
貪	tan1
夕	xi1
艘	sou1
遣	qian3
邀	yao1
洶	xiong1
濁	zhuo2
誼	yi4
燙	tang4
嶼	yu3
哆	duo1
嗦	suo1/suo
屿	yu3
州	zhou1
汹	xiong1
浊	zhuo2
淀	dian4
烫	tang4
竖	shu4
绷	beng1/beng3/beng4
翘	qiao4/qiao2
谊	yi4
贪	tan1
黎	li2
澱	dian4
繃	beng3/beng1/beng4
翹	qiao4/qiao2
誒	ei2/ei3/ei4/ei1
诶	ei2/ei3/ei4
豎	shu4
耍	shua3
乒	ping1
乓	pang1
佩	pei4
茂	mao4
柄	bing3
矩	ju3/ju
華	hua2/hua4
賤	jian4
鏟	chan3
聊	liao2
堪	kan1
晝	zhou4
华	hua2/hua4
昼	zhou4
橡	xiang4
毯	tan3
潭	tan2
烁	shuo4
膛	tang2
贱	jian4
铲	chan3
爍	shuo4
倦	juan4
巢	chao2
荔	li4
聖	sheng4
氛	fen1
賴	lai4
卸	xie4
囱	cong1
壘	lei3
鑼	luo2
寡	gua3
卡	ka3/qia3
嘲	chao2/zhao1
圣	sheng4
垄	long3
垒	lei3
壕	hao2
沥	li4
炯	jiong3
甸	dian4/dian1
葫	hu2
赖	lai4
蹦	beng4
锣	luo2
鹊	que4/que
囪	cong1
壟	long3
瀝	li4
鵲	que4/que
忠	zhong1
拜	bai4/bai2
滋	zi1
旺	wang4
署	shu3
絡	luo4
覆	fu4
霸	ba4
惱	nao3
絨	rong2
乃	nai3
恼	nao3
搀	chan1
昧	mei4
磷	lin2
竭	jie2
绒	rong2
络	luo4/lao4
脯	pu2/fu3
讼	song4
轿	jiao4
驮	tuo2/duo4
攙	chan1
訟	song4
轎	jiao4
馱	tuo2
郊	jiao1
粘	zhan1/nian2
衫	shan1
亞	ya4
嚨	long2
紐	niu3
罰	fa2
劣	lie4
奏	zou4
謙	qian1
喃	nan2
嫩	nen4
枉	wang3/wang
窟	ku1
駁	bo2
亚	ya4
咙	long2
奠	dian4
尔	er3
徐	xu2
捡	jian3
搏	bo2
煌	huang2
猩	xing1/xing
盔	kui1
窿	long2/long
纽	niu3
罚	fa2
谦	qian1
谬	miu4
顷	qing3
驳	bo2
撿	jian3
爾	er3
謬	miu4
頃	qing3
剿	jiao3/chao1
儲	chu3
鈔	chao1
毅	yi4
沸	fei4
雇	gu4
僱	gu4
賺	zhuan4
融	rong2
誓	shi4
奉	feng4
储	chu3
卜	bo/bu3
叭	ba1/ba
喇	la3/la1/la2
弥	mi2
揍	zou4
搂	lou3/lou1
旬	xun2
杰	jie2
氓	mang2/meng2
涤	di2
灶	zao4
萝	luo2
赚	zhuan4/zuan4
辣	la4
钞	chao1
锡	xi1
阐	chan3
彌	mi2
摟	lou3/lou1
滌	di2
磺	huang2
蘿	luo2
錫	xi1
闡	chan3
鵝	e2
伺	ci4/si4
慕	mu4
羡	xian4
慚	can2
羨	xian4
陳	chen2
乳	ru3
堡	bao3/bu3/pu4
墊	dian4
詢	xun2
剖	pou1/po3
吟	yin2
砌	qi4/qie4
腹	fu4
綢	chou2
腫	zhong3
賠	pei2
邏	luo2
恍	huang3
躇	chu2
躊	chou2
址	zhi3
坝	ba4
坯	pi1
垫	dian4
怦	peng1
惭	can2
拐	guai3
绸	chou2
肿	zhong3
蓬	peng2
询	xun2
诸	zhu1
赔	pei2
踌	chou2
逻	luo2
陈	chen2
鹅	e2
壩	ba4
諸	zhu1
澡	zao3
歉	qian4
翼	yi4
憂	you1
墓	mu4
悦	yue4
税	shui4
檔	dang4
遙	yao2
饒	rao2
惑	huo4/huo
濺	jian4
辭	ci2
陶	tao2/yao2
搗	dao3
匾	bian3
忧	you1
捣	dao3
搓	cuo1
档	dang4
泌	mi4/bi4
溅	jian4/jian1
磕	ke1
篷	peng2/peng
蟀	shuai4
蟋	xi1
辞	ci2
遥	yao2
饶	rao2
悅	yue4
稅	shui4
帆	fan1/fan2
炒	chao3
艇	ting3
隧	sui4
鋤	chu2
躬	gong1
雌	ci2
鞠	ju1
喪	sang4/sang1
閱	yue4
俯	fu3
煎	jian1
酬	chou2/chou
繡	xiu4
辱	ru3
擬	ni3
丧	sang4/sang1
呗	bei/bai4
奈	nai4
宁	ning2/ning4
廓	kuo4
拟	ni3
捂	wu3/wu2
氨	an1
汞	gong3
淌	tang3
绣	xiu4
醋	cu4
锄	chu2
锈	xiu4
阅	yue4
骼	ge2
唄	bei
寧	ning2/ning4
鏽	xiu4
蜓	ting2
蜻	qing1
冊	ce4
謊	huang3
棋	qi2
獅	shi1
濤	tao1
艦	jian4
畔	pan4
膏	gao1/gao4
納	na4
頒	ban1
佳	jia1
姻	yin1
憾	han4
敷	fu1
趨	qu1
册	ce4
啸	xiao4
孵	fu1
扳	ban1/pan1
涛	tao1
熔	rong2
熬	ao2/ao1
狮	shi1
疏	shu1
纳	na4
腈	jing1
舰	jian4
谎	huang3
趋	qu1
轧	ya4/zha2/ga2
颁	ban1
骡	luo2
鹌	an1
鹑	chun2/chun
嘯	xiao4
軋	ya4
騾	luo2
鵪	an1
鶉	chun2/chun
汪	wang1
慈	ci2
狡	jiao3
猾	hua2
侍	shi4
奸	jian1
捷	jie2
榜	bang3/bang4/peng2
申	shen1
翁	weng1
壽	shou4
驟	zhou4
滔	tao1
畏	wei4
簇	cu4
謹	jin3
閘	zha2
祥	xiang2
寿	shou4
枣	zao3
毡	zhan1
津	jin1
穗	sui4
茸	rong2/rong1
蚩	chi1
蠕	ru2
衙	ya2
谨	jin3
闸	zha2
骤	zhou4
棗	zao3
氈	zhan1
乖	guai1
孫	sun1
藹	ai3
崩	beng1
瀑	pu4/bao4
烘	hong1
衰	shuai1/cui1
逛	guang4
暈	yun1
鷹	ying1
謠	yao2
柏	bai3/bo2/bo4
龐	pang2
咆	pao2
哮	xiao4/xiao1
孙	sun1
寇	kou4
庞	pang2
憋	bie1
捎	shao1/shao4
敞	chang3/chang
晕	yun1/yun4
熏	xun1/xun4
舀	yao3
荐	jian4
蔼	ai3
讥	ji1
谣	yao2
跺	duo4
鹰	ying1
譏	ji1
糕	gao1
叙	xu4
摩	mo2/ma1
狐	hu2
狸	li2/li
暢	chang4
拘	ju1
攜	xie2
螢	ying2
俱	ju4/ju1
怯	qie4
濫	lan4
綿	mian2
厢	xiang1
咂	za1
屹	yi4/ge1
携	xie2
梗	geng3
沃	wo4
滥	lan4
琢	zuo2/zhuo2
畅	chang4
眶	kuang4
簸	bo3/bo4
粜	tiao4
绢	juan4
绵	mian2
缕	lv3
菩	pu2
萤	ying2
萨	sa4
镀	du4
廂	xiang1
敘	xu4
糶	tiao4
絹	juan4
縷	lv3
薩	sa4
鍍	du4
泳	yong3
劈	pi1/pi3
磅	bang4/pang2
廈	sha4/xia4
灣	wan1
碌	lu4/liu4
茅	mao2
薪	xin1
裕	yu4
斃	bi4
漿	jiang1
繳	jiao3
徘	pai2
漾	yang4
屜	ti4/ti
鑲	xiang1
厦	sha4/xia4
咋	za3/ze2/zha1
啃	ken3
屉	ti4/ti
嵌	qian4/kan4
徊	huai2/hui2
捍	han4
撼	han4
杉	shan1/sha1
毙	bi4
浆	jiang1/jiang4
湾	wan1
煞	sha1/sha4
疙	ge1
瘩	da/da2
粹	cui4
缰	jiang1
缴	jiao3/zhuo2
舶	bo2
钳	qian2
镶	xiang1
鉗	qian2
韁	jiang1
丁	ding1/zheng1
羽	yu3
禍	huo4
稚	zhi4
懼	ju4
歐	ou1
杜	du4
淒	qi1
紳	shen1
凰	huang2
渺	miao3
砰	peng1
鄭	zheng4
偎	wei1
凄	qi1
凤	feng4
叼	diao1
姆	mu3
尿	niao4/sui1
弦	xian2
惕	ti4
惧	ju4
挎	kua4
撅	jue1
桨	jiang3
樟	zhang1
欧	ou1
淳	chun2
珊	shan1
瑚	hu2
痒	yang3
瞥	pie1
硝	xiao1
祸	huo4
糙	cao1
绅	shen1
舔	tian3
葵	kui2
蚓	yin3
蚯	qiu1
豺	chai2
郑	zheng4
铛	dang1/dang/cheng1
鹃	juan1
槳	jiang3
鐺	dang1/dang/cheng1
鳳	feng4
鵑	juan1
碟	die2
莖	jing1
捐	juan1
賀	he4
咀	ju3/zui3
噪	zao4
嚼	jue2/jiao2/jiao4
蹄	ti2
娛	yu2
籬	li2
伶	ling2/ling
霞	xia2
詭	gui3
屠	tu2
懲	cheng2
娱	yu2
怔	zheng1/zheng4
惩	cheng2
捶	chui2
撩	liao1/liao2/liao4
枚	mei2
枢	shu1
槛	kan3/jian4
漩	xuan2
秤	cheng4
竽	yu2
笆	ba1/ba
篱	li2
臣	chen2
茎	jing1
蚜	ya2
蝙	bian1
蝠	fu2
褂	gua4
诡	gui3
豹	bao4
贺	he4
铀	you2
锤	chui2
锹	qiao1
雹	bao2
樞	shu1
檻	kan3/jian4
鈾	you2
錘	chui2
鍬	qiao1
梨	li2
蕉	jiao1/qiao2
嗅	xiu4
啞	ya3/ya1
販	fan4
擲	zhi4/zhi1
綴	zhui4/zhui
誦	song4
悠	you1
涕	ti4
髦	mao2
鋸	ju4
哺	bu3
誣	wu1
呃	e4/e
咕	gu1/gu
哑	ya3/ya1
唬	hu3/hu/xia4
唾	tuo4
嗐	hai4
嘀	di2/di1
嘶	si1
尸	shi1
屎	shi3
惋	wan3
愕	e4
抿	min3
掷	zhi4/zhi1
搔	sao1
搪	tang2
旷	kuang4
桅	wei2
榕	rong2
泣	qi4
泵	beng4
猬	wei4/wei
疆	jiang1
矗	chu4
硅	gui1
缀	zhui4/zhui
腮	sai1
芯	xin1/xin4
茧	jian3
莹	ying2
蕴	yun4
藤	teng2
讽	feng3/feng4
诬	wu1
诵	song4
贩	fan4
蹭	ceng4
钴	gu3
锯	ju4/ju1
镁	mei3
镰	lian2
隘	ai4
鳄	e4
鹂	li2
曠	kuang4
瑩	ying2
繭	jian3
蘊	yun4
蝟	wei4/wei
諷	feng3/feng4
鈷	gu3
鎂	mei3
鐮	lian2
鱷	e4
鸝	li2
暑	shu3
嘈	cao2
帕	pa4
丸	wan2
卑	bei1
帚	zhou3/zhou
廉	lian2
惶	huang2
慷	kang1
桑	sang1
頸	jing3/geng3
匙	chi2/shi
吉	ji2
呻	shen1
襟	jin1
勒	lei1/le4
撫	fu3
狽	bei4
銜	xian2
伊	yi1
勘	kan1
嗬	he1
坠	zhui4
姜	jiang1
宰	zai3
岖	qu1
峦	luan2
崎	qi2
抚	fu3
拄	zhu3
拭	shi4
掐	qia1
檐	yan2
氢	qing1
氮	dan4
犀	xi1
狈	bei4
瘪	bie3/bie1
瞄	miao2
秃	tu1
绚	xuan4
舟	zhou1
薯	shu3
衔	xian2
谴	qian3
蹋	ta4
邦	bang1
郁	yu4
鄙	bi3
酶	mei2
钥	yao4/yue4
锌	xin1
锭	ding4
颈	jing3/geng3
鸥	ou1
墜	zhui4
嶇	qu1
巒	luan2
氫	qing1
癟	bie3/bie1
禿	tu1
絢	xuan4
譴	qian3
鋅	xin1
錠	ding4
鑰	yao4/yue4
鷗	ou1
黴	mei2
刨	pao2/bao4
啼	ti2
堰	yan4
蛤	ha2/ge2
啄	zhuo2
巡	xun2
揩	kai1
踪	zong1
誘	you4
蹤	zong1
驅	qu1
埠	bu4
峭	qiao4
窖	jiao4
裙	qun2
嬌	jiao1
瑣	suo3
佃	dian4/tian2
俄	e2
凫	fu2
剔	ti1
哽	geng3
啤	pi2
娇	jiao1
峨	e2
峻	jun4
巍	wei1
忱	chen2
惚	hu1
掰	bai1
揣	chuai1/chuai3/chuai4
撂	liao4
晾	liang4
暄	xuan1
曰	yue1
桦	hua4
椒	jiao1
槐	huai2
汛	xun4
炊	chui1
犬	quan3
琐	suo3
甫	fu3/fu
睫	jie2
瞻	zhan1
秆	gan3
筛	shai1
缔	di4
耷	da1
菇	gu1/gu
蔑	mie4
蘑	mo2
蟆	ma2/ma
褐	he4
诱	you4
赴	fu4
驱	qu1
鲤	li3
樺	hua4
稈	gan3
篩	shai1
締	di4
鯉	li3
鳧	fu2
掘	jue2
菊	ju2
蝸	wo1
鴿	ge1
痰	tan2
蓄	xu4
跛	bo3
坊	fang1/fang/fang2
寓	yu4
拇	mu3/mu
浩	hao4
疫	yi4
嗚	wu1
濱	bin1
龜	gui1/jun1/qiu1
悼	dao4
惦	dian4
眺	tiao4
霎	sha4
挾	xie2
穎	ying3
咒	zhou4
笛	di2
魄	po4/bo2/tuo4
戀	lian4
佑	you4
偿	chang2
呜	wu1
咛	ning2
帅	shuai4
恋	lian4
抡	lun1/lun2
挟	xie2/jia1
捻	nian3
攥	zuan4
桔	jie2/ju2
椭	tuo3
沏	qi1
湃	pai4
滨	bin1
澎	peng2/peng1
牡	mu3
牦	mao2
瓢	piao2
瞌	ke1
碾	nian3
箫	xiao1
腥	xing1
芝	zhi1
蚣	gong1/gong
蛾	e2/yi3
蜈	wu2
蜗	wo1
衅	xin4
衍	yan3
钙	gai4
靴	xue1
韧	ren4
颖	ying3
馋	chan2
鸽	ge1
龟	gui1/jun1/qiu1
償	chang2
嚀	ning2
帥	shuai4
掄	lun1/lun2
橢	tuo3
犛	mao2/li2
簫	xiao1
舋	xin4
鈣	gai4
韌	ren4
饞	chan2
姊	zi3
蔗	zhe4/zhe
鹿	lu4
廁	ce4/si
屑	xie4
泄	xie4
吻	wen3
蛀	zhu4
欽	qin1
誡	jie4
賭	du3
軀	qu1
釀	niang4/niang2
屏	ping2/bing3
墾	ken3
頰	jia2
肪	fang2
潰	kui4
厕	ce4/si
吭	keng1/hang2
咸	xian2
嘘	xu1/shi1
坎	kan3
垦	ken3
崽	zai3
廿	nian4
憧	chong1
憬	jing3
撵	nian3
攒	zan3/cuan2
梆	bang1
溃	kui4/hui4
犁	li2
玲	ling2
珑	long2
痹	bi4
皆	jie1
砾	li4
穆	mu4
籽	zi3
羔	gao1
茄	jia1/qie2
蘸	zhan4
蚪	dou3
蛆	qu1
蝌	ke1
诫	jie4
赌	du3
躯	qu1
酿	niang4/niang2
钦	qin1
颊	jia2
饺	jiao3
馅	xian4
驹	ju1
噓	xu1
攆	nian3
攢	zan3
瓏	long2
痺	bi4
礫	li4
餃	jiao3
餡	xian4
駒	ju1
汁	zhi1
賓	bin1
咖	ka1/ga1
啡	fei1
翔	xiang2
葬	zang4
葱	cong1
蹈	dao3
儉	jian3
辜	gu1
輿	yu2
俭	jian3
宾	bin1
庸	yong1
棺	guan1
汰	tai4
磊	lei3
箩	luo2
缎	duan4
舆	yu2
茁	zhuo2
蒜	suan4
豌	wan1
踮	dian3
逊	xun4
酵	jiao4
链	lian4
陋	lou4
籮	luo2
緞	duan4
蔥	cong1
遜	xun4
鏈	lian4
愚	yu2
沛	pei4
稠	chou2
黯	an4
佰	bai3
禾	he2
咊	he2
後	hou4
採	cai3
盃	bei1
窓	chuang1
菓	guo3
蟲	chong2
裏	li3/li
週	zhou1
遊	you2
隻	zhi1
雲	yun2
佣	yong1/yong4
兢	jing1
吠	fei4
吮	shun3
吱	zhi1/zi1
惰	duo4
斟	zhen1
橙	cheng2/chen2
沈	shen3/chen2
浞	zhuo2
漱	shu4
痘	dou4
祚	zuo4
虱	shi1
逾	yu2
醑	xu3
並	bing4
巿	fu2
幹	gan4
曬	shai4
準	zhun3
爲	wei4/wei2
牀	chuang2
牠	ta1
穀	gu3
箏	zheng1
綪	qian4
羣	qun2
蓮	lian2
蔴	ma2
蝨	shi1
術	shu4
謎	mi2
讚	zan4
踫	peng4
鈎	gou1
餵	wei4
鬥	dou4
丐	gai4
乞	qi3
乾	qian2/gan1
侄	zhi2
冠	guan1/guan4
冥	ming2
孝	xiao4
於	yu2/yu1/wu1
曙	shu3
曝	pu4/bao4
熨	yun4/yu4
簿	bu4
羞	xiu1
虹	hong2/jiang4
佈	bu4
係	xi4
倣	fang3
兇	xiong1
劃	hua4/hua2/huai
喬	qiao2
嘔	ou3
塗	tu2
塢	wu4
姪	zhi2
寗	ning2
復	fu4
捲	juan3
敍	xu4
斬	zhan3
曆	li4
枱	tai2
櫃	gui4
歎	tan4
洩	xie4
溼	shi1
濘	ning4
灒	zan4
穫	huo4
築	zhu2/zhu4
糰	tuan2
聾	long2
脣	chun2
臺	tai2
衝	chong1/chong4
衞	wei4
證	zheng4
豐	feng1
貍	li2
贈	zeng4
逕	jing4
鈕	niu3
錶	biao3
閒	xian2/jian1/jian4
願	yuan4
颱	tai2
餘	yu2
骯	ang1
髒	zang1
髮	fa4/fa3
鹹	xian2
麪	mian4
京	jing1
仁	ren2
冀	ji4
凋	diao1
函	han2
券	quan4/xuan4
劫	jie2
卞	bian4
唉	ai1/ai4
喧	xuan1
嗜	shi4
埂	geng3
奢	she1
媒	mei2
嬉	xi1
寺	si4
帖	tie1/tie3/tie4
廊	lang2
弧	hu2
徙	xi3
徵	zhi3/zheng1
徽	hui1
恕	shu4
恩	en1
恭	gong1
惠	hui4
憎	zeng1
掣	che4
斑	ban1
暇	xia2
暮	mu4
杖	zhang4
桂	gui4
楷	kai3/jie1
樽	zun1
涯	ya2
澈	che4
澳	ao4
玫	mei2
瑰	gui1
甥	sheng1
痊	quan2
祕	mi4/bi4
祭	ji4/zhai4
禽	qin2
翠	cui4
舵	duo4
芳	fang1
芾	fei4/fu2
萎	wei3/wei1
蔚	wei4/yu4
蟹	xie4
褥	ru4
赳	jiu1
趾	zhi3
辰	chen2
雅	ya3/ya1
俠	xia2
倖	xing4
僑	qiao2
僕	pu2
僥	jiao3/yao2
凜	lin3
刪	shan1
峯	feng1
慫	song3
捨	she3
捱	ai2
摺	zhe2
榦	gan4
樸	pu3
櫥	chu2
歴	li4
湧	yong3
燬	hui3
瘉	yu4
癒	yu4
癢	yang3
盪	dang4
範	fan4
簾	lian2
籌	chou2
紥	za1/zha1
紮	za1/zha1
纜	lan3
羅	luo2
舖	pu4
艶	yan4
蔭	yin1/yin4
蘭	lan2
託	tuo1
詐	zha4
誇	kua1
譜	pu3
豓	yan4
貯	zhu4
賜	ci4
踴	yong3
蹟	ji1
醜	chou3
鍊	lian4
闢	pi4/pi1
鬆	song1
鱗	lin2
俐	li4
僻	pi4
儡	lei3
凌	ling2
吝	lin4
喱	li2
喳	zha1/cha1
囚	qiu2
圃	pu3
墅	shu4
墟	xu1
婉	wan3
幽	you1
弊	bi4
彷	pang2/fang3
怡	yi2
恤	xu4
撇	pie1/pie3
攘	rang3
敦	dun1/dui4
柚	you4/you2
歧	qi2
歹	dai3
殷	yin1/yan1/yin3
溢	yi4
潦	liao2/lao3/liao3
澄	cheng2/deng4
炬	ju4
祈	qi2
稽	ji1/qi3
穴	xue2
筵	yan2
絮	xu4
藉	ji2/jie4
蠢	chun3
衷	zhong1
跋	ba2
逆	ni4
逸	yi4
郎	lang2/lang4
傑	jie2
傢	jia1
儘	jin3
嗇	se4
嚥	yan4
嚮	xiang4
墬	di4
壇	tan2
屍	shi1
屢	lv3
巖	yan2
弔	diao4
彿	fu2
拚	pan4/pin1
撓	nao2
毆	ou1
淪	lun2
濾	lv4
瀉	xie4
煥	huan4
砲	pao4
禱	dao3
粵	yue4
絆	ban4
綉	tou4
膩	ni4
蠻	man2
訣	jue2
註	zhu4
諧	xie2
賢	xian2
賬	zhang4
贏	ying2
迴	hui2
閣	ge2
騷	sao1
鬚	xu1
鶯	ying1
侈	chi3
俊	jun4
募	mu4
匿	ni4
啜	chuai4/chuo4
喻	yu4
嘹	liao2
噬	shi4
囊	nang2/nang1
垕	hou4
夥	huo3
契	qi4/xie4
妒	du4
婿	xu4
媚	mei4
嫉	ji2
尬	ga4
庇	bi4
忌	ji4
怠	dai4
恃	shi4
悴	cui4
憔	qiao2
懈	xie4
懊	ao4
懦	nuo4
抒	shu1
拯	zheng3
擅	shan4
擒	qin2
旨	zhi3
晦	hui4
榨	zha4
洽	qia4
溺	ni4/niao4
滓	zi3
烹	peng1
焚	fen2
爵	jue2
畸	ji1
痴	chi1
盈	ying2
磋	cuo1
祟	sui4
紊	wen3
翩	pian1
聘	pin4
苛	ke1
莽	mang3
萌	meng2
虐	nve4
蚤	zao3
裸	luo3
逞	cheng3
酣	han1
霓	ni2
骸	hai2
併	bing4
倫	lun2
傭	yong1
兌	dui4
凱	kai3
囂	xiao1
囉	luo1/luo2
墮	duo4
寵	chong3
尷	gan1
慄	li4
慳	qian1
慾	yu4
擄	lu3
柵	shan1/zha4
棲	qi1
樑	liang2
渙	huan4
滯	zhi4
澀	se4
瘓	huan4
瘡	chuang1
癡	chi1
癱	tan1
矯	jiao3/jiao2
禦	yu4
稟	bing3
籲	yu4
緝	ji1
緻	zhi4
繫	xi4
臘	la4
蕪	wu2
褸	lv3
襤	lan2
覓	mi4
誌	zhi4
諾	nuo4
賂	lu4
賄	hui4
贓	zang1
贖	shu2
躭	dan1
輾	zhan3
鈍	dun4
韻	yun4
頹	tui2
飪	ren4
餌	er3
餒	nei3
馴	xun2
駭	hai4
㑇	zhou4
㑊	yi4
㕮	fu3
㘎	han3
㙍	duo1
㙘	yao1
㙦	xie2
㛃	jie2
㛚	tong3
㛹	pian2
㟃	si1
㠇	jiu4
㠓	meng2
㤘	zhou4
㥄	ling2
㧐	song3
㧑	hui1
㧟	kuai3
㫰	lang4
㬊	huan3/huan4
㬎	xian3
㬚	che4
㭎	gang1
㭕	qu1
㮾	lang3
㰀	li2
㳇	fu4
㳘	chong1
㳚	xu4
㴔	ji2/xi1
㵐	jue2
㶲	yong4
㸆	kao4
㸌	huo4
㺄	yu3
㻬	tu1
㽏	gan4
㿠	huang4
䁖	lou1
䂮	lve4
䃅	di1
䃎	zha4
䅟	can3
䌹	jiong3
䎃	ran3
䎖	zeng1
䏝	zhuan1
䏡	shi4
䏲	ti1/die2
䐃	jun4
䓖	qiong2
䓛	qu1
䓨	ying1
䓫	qi2
䓬	zhuo2
䗖	di4
䗛	xiu1
䗪	zhe4
䗴	ting2
䜣	xin1
䝙	chu1
䢺	chu1
䢼	gong1
䣘	tang2
䥽	po1
䦃	zhuo1
䲟	yin4
䲠	chun1
䲢	teng2
䴓	shi1
䴔	jiao1
䴕	lie4
䴖	jing1
䴗	ju2
䴘	ti1
䴙	pi4
䶮	yan3
丏	mian3
丕	pi1
丞	cheng2
乂	yi4
乍	zha4
乔	qiao2
乜	mie1/nie4
乩	ji1
乸	na3
亍	chu4
亓	qi2
亘	gen4
亟	ji2/qi4
亢	kang4
亥	hai4
亨	heng1
亳	bo2
亵	xie4
亶	dan3/dan4
亸	duo3
亹	wei3/men2
仂	le4
仃	ding1
仄	ze4
仆	pu1/pu2
仉	zhang3
仑	lun2
仕	shi4
仝	tong2
仞	ren4
仟	qian1
仡	ge1/yi4
仨	sa1
仫	mu4
仲	zhong4
仳	pi3
仵	wu3
伈	xin3
伉	kang4
伋	ji2
伎	ji4
伛	yu3
伢	ya2
伣	qian4
伥	chang1
伦	lun2
伧	cang1/chen
伫	zhu4
伭	xian2
伲	ni2/ni3/ni4
伽	jia1/ga1/qie2
伾	pi1
佁	yi3
佐	zuo3
佖	bi4
佗	tuo2
佘	she2
佚	yi4
佝	gou1
佞	ning4
佟	tong2
佤	wa3
佥	qian1
佬	lao3
佯	yang2
佴	nai4/er4
佶	ji2
佸	huo2
佺	quan2
佻	tiao1
佼	jiao3
佽	ci4
佾	yi4
侁	shen1
侂	tuo1
侃	kan3
侉	kua3
侏	zhu1
侑	you4
侔	mou2
侗	dong4/tong2/tong3
侘	cha4
侠	xia2
侣	lv3
侥	jiao3/yao2
侨	qiao2
侩	kuai4
侪	chai2
侬	nong2
侯	hou2/hou4
侴	chou3
侹	ting3
俅	qiu2
俍	liang2
俎	zu3
俏	qiao4
俑	yong3
俙	xi1
俚	li3
俜	ping1
俞	yu2/shu4
俟	qi2/si4
俣	yu3
俦	chou2
俨	yan3
俪	li4
俫	lai2
俳	pai2
俵	biao4
俶	chu4/ti4
俸	feng4
俾	bi3/bi4
倌	guan1
倏	shu1
倓	tan2
倔	jue2/jue4
倕	chui2
倜	ti4
倞	jing4/liang4
倥	kong3/kong1
倧	zong1
倨	ju4
倩	qian4
倪	ni2
倬	zhuo1
倭	wo1
倮	luo3
倴	ben4
倻	ye1
偁	cheng1
偃	yan3
偈	ji4/jie2
偌	ruo4
偓	wo4
偕	xie2
偡	zhan4
偬	zong3
偭	mian3
偰	xie4
偲	cai1/si1
偻	lou2/lv3
偾	fen4
傀	kui3/gui1
傃	su4
傈	li4
傉	nu4
傒	xi1
傕	jue2
傣	dai3
傥	tang3
傧	bin1
傩	nuo2
傺	chi4
僇	lu4
僎	zhuan4
僔	zun3
僖	xi1
僦	jiu4
僧	seng1
僬	jiao1
僭	jian4
僮	tong2/zhuang4
僰	bo2
僳	su4
儆	jing3
儇	xuan1
儋	dan1
儒	ru2
儦	biao1
儳	chan2
儴	rang2
兀	wu4/wu1
兆	zhao4
兑	dui4
兕	si4
兖	yan3
兮	xi1
兰	lan2
兹	zi1/ci2
冁	chan3
冉	ran3
冏	jiong3
冔	xu3
冕	mian3
冗	rong3
冢	zhong3
冮	gang1
冯	feng2/ping2
冱	hu4
冼	xian3
冽	lie4
凇	song1
凓	li4
凘	si1
凛	lin3
凯	kai3
凼	dang4
刁	diao1
刃	ren4
刈	yi4
刍	chu2
刎	wen3
刖	yue4
刘	liu2
删	shan1
刬	chan4/chan3
刭	jing3
刳	ku1
刽	gui4
刿	gui4
剀	kai3
剁	duo4
剃	ti4
剅	lou2
剋	kei1/ke4
剌	la4/la2
剐	gua3
剕	fei4
剜	wan1
剞	ji1
剟	duo1
剡	shan4/yan3
剽	piao1/piao4
劁	qiao1
劂	jue2
劄	zha2/zha1
劐	huo1
劓	yi4
劢	mai4
劬	qu2
劭	shao4
劼	jie2
劾	he2
勋	xun1
勍	qing2
勐	meng3
勔	mian3
勖	xu4
勚	yi4
勠	lu4
勰	xie2
勺	shao2
勿	wu4
匈	xiong1
匍	pu2
匏	pao2
匐	fu2
匕	bi3
匜	yi2
匝	za1
匡	kuang1
匣	xia2
匦	gui3
匮	kui4
匼	ke1
卅	sa4
卉	hui4
卒	zu2/cu4
卓	zhuo2/zhuo1
卟	bu3
卢	lu2
卣	you3
卤	lu3
卦	gua4
卬	ang2
卮	zhi1
卯	mao3
卺	jin3
卿	qing1
厄	e4
厍	she4
厖	mang2/pang2
厝	cuo4
厣	yan3
厥	jue2
厩	jiu4
厮	si1
厾	du1
叁	san1
叆	ai4
叇	dai4
叉	cha1/cha2/cha3/cha4
叕	zhuo2
叚	xia2/jia3
叟	sou3
叨	dao1/dao2/tao1
叩	kou4
叱	chi4
叵	po3
叻	le4
叽	ji1
吏	li4
吒	zha1/zha4
吕	lv3
吖	a1
吡	bi3/pi3
吣	qin4
吲	yin3
吴	wu2
吽	hong1
吾	wu2
呇	men4/qi3
呋	fu1
呒	m2
呓	yi4
呔	dai1/tai3
呕	ou3/ou4
呖	li4
呙	guo1
呛	qiang1/qiang4
呣	m2/m4
呤	ling4
呦	you1
呱	gu1/gua1/gua3
呲	ci1/zi1
呶	nao2/nu3
呷	xia1/xia2/ga1
咄	duo1
咇	bi4
咉	yang1
咍	hai1
咎	jiu4
咏	yong3
咔	ka1/ka3
咚	dong1
咝	si1
咡	er4
咣	guang1
咤	zha4
咥	xi4
咨	zi1
咩	mie1
咪	mi1/mi3
咫	zhi3
咯	ge1/ka3/lo/luo4
咴	hui1
咺	xuan3/xuan1
咻	xiu1
咿	yi1
哂	shen3
哃	tong2
哉	zai1
哌	pai4
哐	kuang1
哒	da1
哓	xiao1
哔	bi4
哕	hui4/yue3
哙	kuai4
哚	duo3
哝	nong2
哞	mou1
哢	long4
哱	bo1
哳	zha1
哿	ge3
唁	yan4
唆	suo1
唏	xi1
唐	tang2
唑	zuo4
唔	wu2/n2/ng2
唛	mai4
唝	hong3/gong4
唠	lao2/lao4
唢	suo3
唣	zao4
唧	ji1
唪	feng3
唳	li4
唵	an3
唷	yo1
唼	sha4
唿	hu1
啁	zhao1/zhou1
啉	lin2
啐	cui4
啕	tao2
啖	dan4
啧	ze2
啫	zhe3
啬	se4
啭	zhuan4
啮	nie4
啰	luo1/luo2/luo
啴	chan3/tan1
啵	bo/bo1
啶	ding4
啷	lang1
啻	chi4
喀	ka1
喁	yong2/yu2
喆	zhe2
喈	jie1
喋	die2/zha2
喏	nuo4/re3
喑	yin1
喙	hui4
喟	kui4
喤	huang2
喵	miao1
喹	kui2
喾	ku4
嗄	sha4/a2
嗉	su4
嗌	ai4/yi4
嗍	suo1
嗑	ke1/ke4
嗒	da1/ta4
嗔	chen1
嗖	sou1
嗝	ge2
嗞	zi1
嗟	jie1/jue1
嗣	si4
嗤	chi1
嗥	hao2
嗪	qin2
嗫	nie4
嗲	dia3/die1
嗳	ai3/ai4/ai1
嗵	tong1
嗷	ao2
嗾	sou3
嘁	qi1
嘉	jia1
嘌	piao4
嘎	ga1/ga2/ga3
嘏	gu3/jia3
嘚	de1/dei1
嘞	lei
嘟	du1
嘡	tang1
嘣	beng1
嘤	ying1
嘧	mi4
嘬	zuo1/chuai4
嘭	peng1
噀	xun4
噂	zun3
噇	chuang2
噌	ceng1/cheng1
噍	jiao4
噎	ye1
噔	deng1
噗	pu1
噘	jue1
噙	qin2
噜	lu1
噤	jin4
噩	e4
噫	yi1
噱	xue2/jue2
噶	ga2
噻	sai1
噼	pi1
嚄	huo1/huo4/o3
嚅	ru2
嚆	hao1
嚎	hao2
嚏	ti4
嚓	ca1/cha1
嚚	yin2
嚣	xiao1/ao2
嚭	pi3
嚯	huo4
囔	nang1
囟	xin4
囡	nan1
囤	dun4/tun2
囫	hu2
囵	lun2
囷	qun1
囹	ling2
囿	you4
圄	yu3
圉	yu3
圊	qing1
圌	chui2/chuan2
圐	ku1
圙	lve4
圜	huan2/yuan2
圢	ting3
圩	wei2/xu1
圪	ge1
圫	tuo1
圬	wu1
圭	gui1
圮	pi3
圯	yi2
圲	qian1
圳	zhen4
圹	kuang4
圻	qi2/yin2
坂	ban3
坉	tun2
坋	ben4/fen4
坌	ben4
坍	tan1
坒	bi4
坛	tan2
坜	li4
坞	wu4
坤	kun1
坥	qu1
坨	tuo2
坩	gan1
坪	ping2
坫	dian4
坬	gua4/wa1
坭	ni2
坰	jiong1
坳	ao4
坷	ke3/ke1/jiong1
坻	di3/chi2
坼	che4
坽	ling2
垆	lu2
垈	dai4
垌	dong4/tong2
垍	ji4
垎	he4
垏	lv4
垓	gai1
垙	guang1
垚	yao2
垛	duo3/duo4
垞	cha2
垟	yang2
垠	yin2
垡	fa2
垢	gou4
垣	yuan2
垤	die2
垧	shang3
垩	e4
垭	ya1
垯	da2/da
垱	dang4
垲	kai3
垴	nao3
垵	an1/an3
垸	yuan4
垺	fu2
垾	han4
垿	xu4
埆	que4
埇	yong3
埌	lang4
埏	shan1
埒	lie4
埔	bu4/pu3
埕	cheng2
埗	bu4
埘	shi2
埙	xun1
埚	guo1
埝	nian4
埤	pi2/pi4
埪	kong1
埫	tang3/chong3
埭	dai4
埯	an3
埴	zhi2
埵	duo3
埸	yi4
埼	qi2
埽	sao4
堃	kun1
堇	jin3
堉	yu4
堋	peng2
堌	gu4
堍	tu4
堎	leng4
堐	ya2
堑	qian4
堕	duo4/hui1
堙	yin1
堞	die2
堠	hou4
堧	ruan2
堨	e4
堲	ji2
堼	heng4
堽	gang1
堾	chun1
塄	leng2
塅	duan4
塆	wan1
塍	cheng2
塝	bang4
塥	ge2
塬	yuan2
塱	lang3
塾	shu2
墀	chi2
墁	man4
墈	kan4
墉	yong1
墐	jin4
墒	shang1
墕	yan4/yan1
墘	qian2
墚	liang2
墡	shan4
墣	pu2
墦	fan2
墼	ji1
壅	yong1
壑	he4
壬	ren2
壸	kun3
壹	yi1
夐	xiong4
夔	kui2
夙	su4
夤	yin2
夬	guai4
夭	yao1
夯	hang1/ben4
夷	yi2
夼	kuang3
奁	lian2
奂	huan4
奄	yan3
奎	kui2
奓	zha1/zha4
奕	yi4
奘	zang4/zhuang3
奚	xi1
奡	ao4
奥	ao4
奭	shi4
妁	shuo4
妃	fei1
妆	zhuang1
妊	ren4
妍	yan2
妓	ji4
妖	yao1
妗	jin4
妘	yun2
妞	niu1
妣	bi3
妤	yu2
妧	yuan2
妩	wu3
妪	yu4
妫	gui1
妭	ba2
妮	ni1
妯	zhou2
妲	da2
妾	qie4
姈	ling2
姒	si4
姗	shan1
姘	pin1
姚	yao2
姝	shu1
姞	ji2
姣	jiao1
姤	gou4
姥	lao3/mu3
姬	ji1
姮	heng2
姱	kua1
姶	e4
姹	cha4
姽	gui3
娀	song1
娄	lou2
娅	ya4
娆	rao2/rao3
娈	luan2
娉	ping1
娌	li3
娑	suo1
娓	wei3
娜	na4/nuo2
娟	juan1
娠	shen1
娣	di4
娥	e2
娩	mian3/wan3
娲	wa1
娴	xian2
娵	ju1
娼	chang1
婀	e1
婊	biao3
婌	shu2
婍	qi3
婕	jie2
婘	quan2
婞	xing4
婠	wan1
婢	bi4
婤	zhou1
婧	jing4
婪	lan2
婫	kun1
婳	hua4
婵	chan2
婷	ting2
婺	wu4
婻	nan4
婼	ruo4/chuo4
媂	di4
媄	mei3
媆	ruan3
媓	huang2
媖	ying1
媛	yuan4/yuan2
媞	shi4
媪	ao3
媭	xu1
媱	yao2
媲	pi4
媵	ying4
媸	chi1
媾	gou4
嫄	yuan2
嫒	ai4
嫔	pin2
嫕	yi4
嫖	piao2
嫘	lei2
嫚	man1/man4
嫜	zhang1
嫠	li2
嫡	di2
嫣	yan1
嫦	chang2
嫪	lao4
嫫	mo2
嫭	hu4
嫱	qiang2
嫽	liao2
嬖	bi4
嬗	shan4
嬛	huan2/xuan1
嬥	tiao3
嬬	ru2
嬴	ying2
嬷	mo2/ma1
嬿	yan4
孀	shuang1
孅	xian1
孑	jie2
孓	jue2
孕	yun4
孖	ma1/zi1
孚	fu2
孛	bei4/bo2
孜	zi1
孟	meng4
孢	bao1
孥	nu2
孪	luan2
孬	nao1
孰	shu2
孱	chan2/can4
孳	zi1
孺	ru2
孽	nie4
宄	gui3
宋	song4
宓	mi4/fu2
宕	dang4
宛	wan3
宠	chong3
宥	you4
宦	huan4
宧	yi2
宬	cheng2
宸	chen2
寁	zan3
寅	yin2
寐	mei4
寝	qin3
寤	wu4
寥	liao2
寨	zhai4
寮	liao2
寰	huan2
尉	wei4/yu4
尕	ga3
尜	ga2
尢	wang1/you2
尥	liao4
尧	yao2
尨	mang2/meng2
尪	wang1
尴	gan1
尹	yin3
尻	kao1
尼	ni2
屃	xi4
屐	ji1
屙	e1
屡	lv3
屣	xi3
履	lv3
屦	ju4
屯	tun2/zhun1
屺	qi3
屼	wu4
屾	shen1
岈	ya2
岊	jie2
岌	ji2
岍	qian1
岐	qi2
岑	cen2
岔	cha4
岘	xian4
岙	ao4
岚	lan2
岜	ba1
岞	zuo4
岠	ju4
岢	ke3
岣	gou3
岨	qu1/ju1
岫	xiu4
岬	jia3
岱	dai4
岳	yue4
岵	hu4
岷	min2
岽	dong1
岿	kui1
峁	mao3
峂	tong2
峃	xue2
峄	yi4
峋	xun2
峒	dong4/tong2
峗	wei2
峘	huan2
峙	zhi4/shi4
峛	lie4/li3
峣	yao2
峤	jiao4/qiao2
峥	zheng1
峧	jiao1
峪	yu4
峱	nao2
峿	wu2
崀	lang4
崁	kan4
崂	lao2
崃	lai2
崄	xian3
崆	kong1
崌	ju1
崒	zu2
崔	cui1
崚	leng2
崛	jue2
崞	guo1
崟	yin2
崡	han2
崤	xiao2
崦	yan1
崧	song1
崮	gu4
崴	wai3/wei1
崶	feng1
崾	yao4/yao3
崿	e4
嵁	kan1
嵅	han2
嵇	ji1
嵊	sheng4
嵋	mei2
嵎	yu2
嵖	cha2
嵘	rong2
嵚	qin1
嵛	yu2
嵝	lou3
嵩	song1
嵫	zi1
嵬	wei2
嵯	cuo2
嵲	nie4
嵴	ji3/ji2
嶂	zhang4
嶅	ao2
嶍	xi2
嶒	ceng2
嶓	bo1
嶙	lin2
嶝	deng4
嶟	zun1
嶦	shan4/zhan1
嶲	xi1
嶷	yi2
巅	dian1
巇	xi1
巉	chan2
川	chuan1
巫	wu1
巯	qiu2
巳	si4
巽	xun4
帏	wei2
帑	tang3
帔	pei4
帙	zhi4
帛	bo2
帡	ping2
帧	zhen1/zheng4
帨	shui4
帱	chou2/dao4
帷	wei2
帻	ze2
帼	guo2
幂	mi4
幄	wo4
幌	huang3
幔	man4
幖	biao1
幛	zhang4
幞	fu2
幡	fan1
幢	chuang2/zhuang4
幪	meng2
幺	yao1
庋	gui3
庐	lu2
庑	wu3
庖	pao2
庚	geng1
庠	xiang2
庤	zhi4
庥	xiu1
庱	cheng3
庳	bi4
庵	an1
庶	shu4
庹	tuo3
庼	qing3
庾	yu3
廆	wei3/gui1
廋	sou1
廑	jin3/qin2
廒	ao2
廖	liao4
廙	yi4
廛	chan2
廨	xie4
廪	lin3
廷	ting2
弁	bian4
弆	ju3
弇	yan3
弈	yi4
弋	yi4
弑	shi4
弗	fu2
弘	hong2
弛	chi2
弢	tao1
弨	chao1
弩	nu3
弭	mi3
弶	jiang4
弸	peng2
弼	bi4
彀	gou4
彖	tuan4
彗	hui4
彘	zhi4
彝	yi2
彟	yue1
彤	tong2
彦	yan4
彧	yu4
彪	biao1
彬	bin1
彭	peng2
彰	zhang1
彳	chi4
徂	cu2
徇	xun4
徉	yang2
徕	lai2/lai4
徛	ji4
徜	chang2
徨	huang2
徭	yao2
徼	jiao4/jiao3
忉	dao1
忏	chan4
忐	tan3
忑	te4
忒	te4/tui1/tei1
忖	cun3
忝	tian3
忞	min2
忡	chong1
忤	wu3
忪	song1/zhong1
忭	bian4
忮	zhi4
忳	tun2
忸	niu3
忺	xian1
忻	xin1
忾	kai4
怂	song3
怃	wu3
怄	ou4
怅	chang4
怆	chuang4
怊	chao1
怍	zuo4
怏	yang4
怙	hu4/tie1
怛	da2
怩	ni2
怫	fu2
怵	chu4
怼	dui4
怿	yi4
恁	nen4/nin2
恂	xun2
恓	xi1
恔	jiao3
恙	yang4
恚	hui4
恝	jia2
恣	zi4
恧	nv4
恪	ke4
恫	dong4/tong1
恬	tian2
恸	tong4
恹	yan1
恺	kai3
恻	ce4
恽	yun4
恿	yong3
悃	kun3
悆	yu4
悈	jie4
悌	ti4
悍	han4
悒	yi4
悖	bei4
悚	song3
悛	quan1
悝	kui1/li3
悢	liang4
悫	que4
悭	qian1
悯	min3
悰	cong2
悱	fei3
悸	ji4
悻	xing4
惆	chou2
惇	dun1
惎	ji4
惔	tan2
惘	wang3
惙	chuo4
惛	hun1
惝	chang3/tang3
惫	bei4
惬	qie4
惮	dan4
惴	zhui4
惺	xing1
愀	qiao3
愃	xuan1
愆	qian1
愍	min3
愎	bi4
愐	mian3
愔	yin1
愠	yun4
愦	kui4
愫	su4
愭	qi2
慆	tao1
慊	qian4/qie4
慑	she4
慝	te4
慥	zao4
慬	qin2
慭	yin4
慵	yong1
憕	cheng2
憙	xi3/xi1
憨	han1
憩	qi4
憭	liao3
憷	chu4
憺	dan4
懋	mao4
懑	men4
懔	lin3
懵	meng3
懿	yi4
戆	gang4/zhuang4
戈	ge1
戊	wu4
戋	jian1
戌	xu1/qu
戍	shu4
戎	rong2
戕	qiang1
戗	qiang1/qiang4
戛	jia2/ga1
戟	ji3
戡	kan1
戢	ji2
戣	kui2
戤	gai4
戥	deng3
戬	jian3
戭	yan3
戮	lu4
戳	chuo1
戽	hu4
戾	li4
扂	dian4
扃	jiong1
扅	yi2
扆	yi3
扈	hu4
扉	fei1
扊	yan3
扞	han4/gan3
扦	qian1
扪	men2
扺	zhi3
扼	e4
扽	den4
抃	bian4
抉	jue2
抔	pou2
抟	tuan2
抠	kou1
抨	peng1
抻	chen1
拂	fu2
拃	zha3
拈	nian1
拊	fu3
拎	lin1
拓	ta4/tuo4
拗	ao4/niu4/ao3
拙	zhuo1
拤	qia2
拮	jie2
拶	za1/zan3
拷	kao3
拽	zhuai4/ye4/zhuai1
挈	qie4
挓	zha1
挚	zhi4
挛	luan2
挝	wo1/zhua1
挞	ta4
挠	nao2
挦	xian2
挪	nuo2
挲	sa1/suo1/sha1
挹	yi4
捃	jun4
捅	tong3
捋	lv3/luo1
捌	ba1
捩	lie4
捭	bai3
捯	dao2
捺	na4
捽	zuo2
掂	dian1
掇	duo1
掊	pou2/pou3
掎	ji3
掖	ye1/ye4
掞	yan4/shan4
掬	ju1
掭	tian4
掮	qian2
掳	lu3
掴	guai1/guo2
掸	dan3/shan4
掺	chan1/can4/shan3
掼	guan4
掾	yuan4
揄	yu2
揆	kui2
揕	zhen4
揖	yi1
揠	ya4
揳	xie1
揶	ye2
揸	zha1
揽	lan3
揿	qin4
搋	chuai1
搌	zhan3
搐	chu4
搒	bang4/peng2
搛	jian1
搠	shuo4
搡	sang3
搦	nuo4
搴	qian1
搽	cha2
摁	en4
摅	shu1
摈	bin4
摏	chong1
摒	bing4/bing3
摛	chi1
摞	luo4
摭	zhi2
摴	chu1
摹	mo2
摽	biao4/biao1
撄	ying1
撖	han4
撙	zun3
撬	qiao4
撮	cuo1/zuo3
撰	zhuan4
撷	xie2
撸	lu1
撺	cuan1
擀	gan3
擂	lei2/lei4/lei1
擎	qing2
擐	huan4
擘	bo4/bai1
擞	sou3/sou4
擢	zhuo2
擤	xing3
擿	ti1/zhi4
攉	huo1
攫	jue2
攮	nang3
攸	you1
攽	ban1
敉	mi3
敔	yu3
敕	chi4
敖	ao2
敛	lian3
敝	bi4
敩	xiao4/xue2
敫	jiao3
斋	zhai1
斌	bin1
斐	fei3
斓	lan2
斛	hu2
斝	jia3
斠	jiao4
斡	wo4
斩	zhan3
斫	zhuo2
斶	chu4
旃	zhan1
旄	mao2
旆	pei4
旌	jing1
旎	ni3
旐	zhao4
旒	liu2
旖	yi3
旞	sui4
旭	xu4
旮	ga1
旯	la2
旰	gan4
旴	xu1
旵	chan3
旸	yang2
旻	min2
旿	wu3
昀	yun2
昃	ze4
昄	ban3
昇	sheng1
昈	hu4
昉	fang3
昊	hao4
昌	chang1
昒	hu1
昔	xi1
昕	xin1
昙	tan2
昝	zan3
昡	xuan4
昣	zhen3
昤	ling2
昪	bian4
昫	xu4
昭	zhao1
昱	yu4
昳	die2/yi4
昴	mao3
昵	ni4
昶	chang3
昺	bing3
昽	long2
晁	chao2
晅	xuan3
晊	zhi4
晋	jin4
晏	yan4
晐	gai1
晔	ye4
晖	hui1
晗	han2
晙	jun4
晞	xi1
晟	cheng2/sheng4
晡	bu1
晢	zhe2
晤	wu4
晪	tian3
晫	zhuo2
晱	shan3
晷	gui3
暅	geng4
暌	kui2
暕	jian3
暝	ming2
暧	ai4/nuan3
暨	ji4
暲	zhang1
暵	han4
暶	xuan2
暹	xian1
暾	tun1
暿	xi1
曈	tong2
曌	zhao4
曛	xun1
曜	yao4
曦	xi1
曩	nang3
曳	ye4
曷	he2
曹	cao2
曼	man4
朏	fei3
朐	qu2
朓	tiao3
朔	shuo4
朕	zhen4
札	zha2
朱	zhu1
朳	ba1
朸	li4
杄	qian1
杈	cha1/cha4
杌	wu4
杏	xing4
杓	biao1/shao2
杕	di4/duo4
杙	yi4
杞	qi3
杠	gang4/gang1
杧	mang2
杩	ma4
杪	miao3
杭	hang2
杲	gao3
杳	yao3
杵	chu3
杷	pa2
杻	chou3/niu3
杼	zhu4
枅	ji1
枇	pi2
枋	fang1
枍	yi4
枘	rui4
枞	cong1/zong1
枥	li4
枧	jian3
枨	cheng2
枫	feng1
枭	xiao1
枰	ping2
枲	xi3
枳	zhi3
枵	xiao1
枷	jia1
枸	gou3/gou1/ju3
枹	bao1/fu2
柁	tuo2/duo4
柃	ling2
柈	ban4
柊	zhong1
柑	gan1
柒	qi1
柖	shao2
柘	zhe4
柙	xia2
柝	tuo4
柞	zha4/zuo4
柠	ning2
柢	di3
柩	jiu4
柬	jian3
柯	ke1
柰	nai4
柷	zhu4/chu4
柽	cheng1
柿	shi4
栀	zhi1
栅	zha4/shan1
栈	zhan4
栉	zhi4
栊	long2
栋	dong4
栌	lu2
栎	li4/yue4
栐	yong3
栒	xun2
栓	shuan1
栖	qi1/xi1
栗	li4
栝	gua1/kuo4
栟	ben1/bing1
栩	xu3
栲	kao3
栳	lao3
栴	zhan1
栻	shi4
栾	luan2
桀	jie2
桁	heng2
桄	guang1/guang4
桉	an1
桊	juan4
桎	zhi4
桐	tong2
桓	huan2
桕	jiu4
桠	ya1
桡	rao2
桢	zhen1
桤	qi1
桧	gui4/hui4
桫	suo1
桯	ting1
桲	bo2/po
桴	fu2
桷	jue2
桹	lang2
梃	ting3/ting4
梌	tu2
梏	gu4
梓	zi3
梠	lv3
梣	chen2/qin2
梧	wu2
梭	suo1
梴	chan1
梵	fan4
梼	tao2
梽	zhi4
梾	lai2
梿	lian2
棁	zhuo1
棂	ling2
棐	fei3
棓	bei4/bang4
棕	zong1
棘	ji2
棠	tang2
棣	di4
棤	cuo4
棨	qi3
棪	yan3
棫	yu4
棬	quan1
棰	chui2
棱	leng2/leng1/ling2
棹	zhao4
棻	fen1
棼	fen2
棽	shen1/chen1
椀	wan3
椁	guo3
椆	chou2
椋	liang2
椎	zhui1/chui2
椐	ju1
椑	bei1/pi2
椓	zhuo2
椟	du2
椠	qian4
椤	luo2
椪	peng4
椰	ye1
椴	duan4
椸	yi2
椹	shen4/zhen1
椽	chuan2
椿	chun1
楂	zha1/cha2
楒	si1
楔	xie1
楗	jian4
楙	mao4
楝	lian4
楞	leng2
楠	nan2
楣	mei2
楦	xuan4
楩	pian2
楪	die2
楫	ji2
楮	chu3
楯	dun4/shun3
楸	qiu1
楹	ying2
榃	tan2
榄	lan3
榅	wen1
榆	yu2
榇	chen4
榈	lv2
榉	ju3
榍	xie4
榑	fu2
榔	lang2
榖	gu3
榛	zhen1
榧	fei3
榫	sun3
榭	xie4
榰	zhi1
榱	cui1
榷	que4
榻	ta4
槁	gao3
槃	pan2
槊	shuo4
槌	chui2
槎	cha2
槔	gao1
槚	jia3
槜	zui4
槟	bin1/bing1
槠	zhu1
槭	qi4/cu4/qi1
槱	you3
槲	hu2
槿	jin3
樊	fan2
樗	chu1
樘	tang2
樨	xi1
樯	qiang2
樱	ying1
樵	qiao2
樾	yue4
橄	gan3
橇	qiao1
橐	tuo2
橑	liao2
橛	jue2
橞	hui4
橥	zhu1
橦	tong2
橱	chu2
橹	lu3
橼	yuan2
檀	tan2
檄	xi2
檎	qin2
檑	lei2
檗	bo4
檞	jie3
檠	qing2
檩	lin3
檫	cha2
檬	meng2
櫆	kui2
欂	bo2
欤	yu2
欸	ai3/ai1/ei1/ei2/ei3/ei4
欹	qi1
欻	xu1/hu1/chua1
歃	sha4
歅	yin1
歆	xin1
歙	she4/xi1
殁	mo4
殂	cu2
殃	yang1
殄	tian3
殆	dai4
殇	shang1
殉	xun4
殍	piao3
殒	yun3
殓	lian4
殚	dan1
殛	ji2
殡	bin4
殣	jin4
殪	yi4
殳	shu1
殴	ou1
毂	gu3/gu1
毋	wu2
毌	guan4
毐	ai3
毓	yu4
毖	bi4
毗	pi2
毪	mu2
毳	cui4
毵	san1
毹	shu1
毽	jian4
氅	chang3
氆	pu3
氇	lu3/lu
氍	qu2
氐	di1/di3
氕	pie1
氖	nai3
氘	dao1
氙	xian1
氚	chuan1
氟	fu2
氡	dong1
氤	yin1
氦	hai4
氩	ya4
氪	ke4
氯	lv4
氰	qing2
氲	yun1
氾	fan2/fan4
氿	jiu3/gui3
汀	ting1
汆	cuan1
汈	diao1
汊	cha4
汋	zhuo2
汐	xi1
汔	qi4
汕	shan4
汜	si4
汝	ru3
汧	qian1
汨	mi4
汩	gu3
汫	jing3
汭	rui4
汲	ji2/ji1
汴	bian4
汶	wen4
汾	fen2
沁	qin4
沂	yi2
沄	yun2
沅	yuan2
沆	hang4
沇	yan3
沌	dun4/zhuan4
沐	mu4
沓	da2/ta4
沔	mian3
沘	bi3
沚	zhi3
沣	feng1
沤	ou4/ou1
沦	lun2
沧	cang1
沨	feng1
沩	wei2
沪	hu4
沭	shu4
沮	ju3/ju4
沱	tuo2
沺	tian2
沼	zhao3
沽	gu1
泂	jiong3
泃	ju1
泅	qiu2
泇	jia1
泐	le4
泓	hong2
泔	gan1
泖	mao3
泗	si4
泙	ping2
泚	ci3
泜	zhi1
泞	ning4
泠	ling2
泫	xuan4
泮	pan4
泯	min3
泰	tai4
泱	yang1
泷	long2/shuang1
泸	lu2
泺	luo4/po1
泻	xie4
泽	ze2
泾	jing1
洄	hui2
洇	yin1
洈	wei2
洌	lie4
洎	ji4
洑	fu2/fu4
洓	qi4/suo3
洘	kao3
洙	zhu1
洚	jiang4
洛	luo4
洢	yi1
洣	mi3
洧	wei3
洨	xiao2
洫	xu4
洭	kuang1
洮	tao2
洱	er3
洳	ru4
洴	ping2
洵	xun2
洸	guang1
洹	huan2
洺	ming2
洼	wa1
洿	wu1
浃	jia1
浈	zhen1
浉	shi1
浍	hui4/kuai4
浏	liu2
浐	chan3
浒	hu3/xu3
浔	xun2
浕	jin4
浙	zhe4
浚	jun4/xun4
浛	han2
浜	bang1
浟	you2
浠	xi1
浡	bo2
浣	huan4
浥	yi4
浦	pu3
浬	li3/hai3
浭	geng1
浯	wu2
浰	lian4/li4
浲	feng2
浴	yu4
浼	mei3
涄	ping1
涅	nie4
涍	xiao4
涎	xian2
涐	e2
涑	su4
涓	juan1
涔	cen2
涘	si4
涝	lao4
涞	lai2
涟	lian2
涠	wei2
涢	yun2
涣	huan4
涧	jian4
涩	se4
涪	fu2
涫	guan4
涮	shuan4
涴	wo4/yuan1
涵	han2
涸	he2
涿	zhuo1
淄	zi1
淅	xi1
淆	xiao2
淇	qi2
淏	hao4
淑	shu1
淖	nao4
淙	cong2
淜	peng2
淝	fei2
淞	song1
淟	tian3
淠	pi4
淤	yu1
淦	gan4
淫	yin2
淬	cui4
淮	huai2
淯	yu4
淴	hu1
淼	miao3
渊	yuan1
渌	lu4
渍	zi4
渎	du2
渑	mian3/sheng2
渚	zhu3
渝	yu2
渟	ting2
渤	bo2
渥	wo4
渫	xie4
渭	wei4
渰	yan3
渲	xuan4
渼	mei3
湄	mei2
湉	tian2
湍	tuan1
湎	mian3
湑	xu1/xu4/xu3
湓	pen2
湔	jian1
湘	xiang1
湛	zhan4
湜	shi2
湝	jie1
湟	huang2
湣	min3
湫	jiao3/qiu1
湮	yan1/yin1
湲	yuan2
湴	ban4
溁	ying2
溆	xu4
溇	lou2
溍	jin4
溏	tang2
溘	ke4
溚	da2/ta3
溞	sao1
溟	ming2
溠	zha4
溥	pu3
溦	wei1
溧	li4
溯	su4
溱	qin2/zhen1
溲	sou1
溴	xiu4
溵	yin1
溷	hun4
溹	suo3
溻	ta1
溽	ru4
滁	chu2
滂	pang1
滃	weng1/weng3
滆	ge2
滇	dian1
滉	huang4
滍	zhi4
滏	fu3
滕	teng2
滗	bi4
滘	jiao4
滞	zhi4
滟	yan4
滠	she4
滢	ying2
滤	lv4
滦	luan2
滧	yao2/xiao4
滪	yu4
滫	xiu3
滹	hu1
漈	ji4
漉	lu4
漋	long2
漓	li2
漕	cao2
漖	jiao4
漤	lan3
漦	chi2
漪	yi1
漭	mang3
漯	luo4/ta4
漳	zhang1
漴	chong2/shuang1
漶	huan4
漷	huo3
漹	yan1
漻	liao2
漼	cui3
潆	ying2
潇	xiao1
潋	lian4
潍	wei2
潏	yu4
潖	pa2
潘	pan1
潞	lu4
潟	xi4
潢	huang2
潩	yi4
潲	shao4
潴	zhu1
潵	sa3
潸	shan1
潺	chan2
潼	tong2
潽	pu1
潾	lin2
澂	cheng2
澉	gan3
澌	si1
澍	shu4
澛	lu3
澜	lan2
澥	xie4
澧	li3
澪	ling2
澭	yong1
澴	huan2
澶	chan2
澹	dan4/tan2
澼	pi4
澽	ju4
濂	lian2
濉	sui1
濋	chu3
濑	lai4
濒	bin1
濞	bi4
濠	hao2
濡	ru2
濩	huo4
濮	pu2
濯	zhuo2
瀌	biao1
瀍	chan2
瀔	gu3
瀚	han4
瀛	ying2
瀣	xie4
瀱	ji4
瀵	fen4
瀹	yue4
瀼	rang2/rang4
灈	qu2
灏	hao4
灞	ba4
灸	jiu3
灼	zhuo2
炀	yang2
炅	jiong3/gui4
炆	wen2
炌	kai4
炔	que1/gui4
炖	dun4
炘	xin1
炙	zhi4
炜	wei3
炝	qiang4
炟	da2
炣	ke3
炫	xuan4
炱	tai2
炳	bing3
炷	zhu4
炻	shi2
炽	chi4
烀	hu1
烃	ting1
烊	yang2/yang4
烔	tong2
烙	lao4/luo4
烜	xuan3
烝	zheng1
烠	hui2
烨	ye4
烩	hui4
烬	jin4
烯	xi1
烶	ting3
烷	wan2
烺	lang3
烻	yan4/shan1
烽	feng1
焆	juan1
焉	yan1
焌	jun4/qu1
焐	wu4
焓	han2
焕	huan4
焖	men4
焗	ju2
焘	tao1/dao4
焙	bei4
焜	kun1
焞	tun1
焯	chao1/zhuo1
焱	yan4
煁	chen2
煃	kui3
煅	duan4
煊	xuan1
煋	xing1
煓	tuan1
煜	yu4
煟	wei4
煦	xu4
煨	wei1
煲	bao1
煳	hu2
煴	yun1/yun4
煸	bian1
煺	tui4
煽	shan1
熇	he4
熘	liu1
熙	xi1
熛	biao1
熜	cong1
熠	yi4
熥	teng1
熵	shang1
熹	xi1
熻	xi1
燊	shen1
燋	jiao1
燎	liao2/liao3
燏	yu4
燔	fan2
燚	yi4
燠	yu4
燧	sui4
燮	xie4
燹	xian3
爇	ruo4
爔	xi1
爚	yue4
爝	jue2
爟	guan4
爨	cuan4
爰	yuan2
爻	yao2
爿	pan2
牁	ke1
牂	zang1
牍	du2
牒	die2
牖	you3
牚	cheng4/cheng1
牝	pin4
牟	mou2/mu4
牤	mang1
牥	fang1
牮	jian4
牯	gu3
牻	mang2
牾	wu3
牿	gu4
犄	ji1
犇	ben1
犊	du2
犋	ju4
犍	jian1/qian2
犏	pian1
犒	kao4
犟	jiang4
犨	chou1
犰	qiu2
犴	an4/han1
犷	guang3
犸	ma3
狁	yun3
狃	niu3
狄	di2
狉	pi1
狍	pao2
狎	xia2
狒	fei4
狙	ju1
狝	xian3
狞	ning2
狨	rong2
狩	shou4
狯	kuai4
狰	zheng1
狲	sun1
狳	yu2
狴	bi4
狷	juan4
狺	yin2
狻	suan1
猁	li4
猃	xian3
猄	jing1
猇	xiao1
猊	ni2
猕	mi2
猖	chang1
猗	yi1
猝	cu4
猞	she1
猡	luo2
猢	hu2
猥	wei3
猯	tuan1
猰	ya4
猱	nao2
猷	you2
猹	cha2
猺	yao2
獍	jing4
獐	zhang1
獒	ao2
獗	jue2
獠	liao2
獬	xie4
獭	ta3
獯	xun1
獴	meng3
獾	huan1
玃	jue2
玄	xuan2
玎	ding1
玑	ji1
玒	hong2
玓	di4
玕	gan1
玖	jiu3
玘	qi3
玙	yu2
玚	yang2/chang4
玛	ma3
玞	fu1
玟	wen2
玠	jie4
玡	ya2
玢	bin1/fen1
玤	bang4
玥	yue4
玦	jue2
玭	pin2
玮	wei3
玱	qiang1
玳	dai4
玶	ping2
玷	dian4
玹	xuan2
玺	xi3
玼	ci3
玿	shao2
珀	po4
珂	ke1
珅	shen1
珇	zu3
珈	jia1
珉	min2
珋	liu3
珌	bi4
珏	jue2
珐	fa4
珒	jin1
珕	li4
珖	guang1
珙	gong3
珛	xiu4
珝	xu3
珞	luo4
珢	yin2
珣	xun2
珥	er3
珦	xiang4
珧	yao2
珩	heng2/hang2
珪	gui1
珫	chong1
珰	dang1
珲	hun2/hui1
珵	cheng2
珷	wu3
珸	wu2
珹	cheng2
珺	jun4
珽	ting3
琀	han2
琄	xuan4
琅	lang2
琇	xiu4
琈	fu2
琉	liu2
琊	ya2
琎	jin4
琏	lian3
琔	dian4
琚	ju1
琛	chen1
琟	wei2
琡	chu4
琤	cheng1
琥	hu3
琦	qi2
琨	kun1
琪	qi2
琫	beng3
琬	wan3
琭	lu4
琮	cong2
琯	guan3
琰	yan3
琲	bei4
琳	lin2
琵	pi2
琶	pa2
琼	qiong2
瑀	yu3
瑁	mao4
瑂	mei2
瑃	chun1
瑄	xuan1
瑅	ti2
瑆	xing1
瑑	zhuan4
瑓	lian4
瑔	quan2
瑕	xia2
瑖	duan4
瑗	yuan4
瑙	nao3
瑛	ying1
瑜	yu2
瑝	huang2
瑞	rui4
瑟	se4
瑢	rong2
瑧	zhen1
瑨	jin4
瑬	liu2
瑭	tang2
瑱	tian4/zhen4
瑳	cuo1
瑶	yao2
瑷	ai4
瑾	jin3
璀	cui3
璁	cong1
璆	qiu2
璇	xuan2
璈	ao2
璋	zhang1
璎	ying1
璐	lu4
璒	deng1
璘	lin2
璜	huang2
璞	pu2
璟	jing3
璠	fan2
璥	jing3
璧	bi4
璨	can4
璩	qu2
璪	zao3
璬	jiao3
璮	tan3
璱	se4
璲	sui4
璺	wen4
瓀	ruan3
瓒	zan4
瓖	xiang1
瓘	guan4
瓞	die2
瓠	hu4
瓤	rang2
瓮	weng4
瓯	ou1
瓴	ling2
瓻	chi1
瓿	bu4
甄	zhen1
甍	meng2
甏	beng4
甑	zeng4
甓	pi4
甗	yan3
甡	shen1
甦	su1
甪	lu4
甬	yong3
甯	ning2/ning4
町	ting3/ding1
甾	zai1
畀	bi4
畈	fan4
畋	tian2
畎	quan3
畖	wa1
畚	ben3
畛	zhen3
畤	zhi4
畦	qi2
畬	she1/yu2
畯	jun4
畲	she1
畴	chou2
畹	wan3
畿	ji1
疁	liu2
疃	tuan3
疍	dan4
疐	zhi4
疔	ding1
疖	jie1
疚	jiu4
疝	shan4
疟	nve4/yao4
疠	li4
疡	yang2
疢	chen4
疣	you2
疤	ba1
疥	jie4
疬	li4
疭	zong4
疮	chuang1
疰	zhu4
疱	pao4
疳	gan1
疴	ke1
疵	ci1
疸	dan3/da
疹	zhen3
疽	ju1
痂	jia1
痃	xuan2
痄	zha4
痈	yong1
痉	jing4
痍	yi2
痓	chi4
痔	zhi4
痞	pi3
痢	li4
痣	zhi4
痤	cuo2
痦	wu4
痧	sha1
痨	lao2
痪	huan4
痫	xian2
痱	fei4
痼	gu4
痿	wei3
瘀	yu1
瘁	cui4
瘃	zhu2
瘅	dan1/dan4
瘆	shen4
瘊	hou2
瘌	la4
瘐	yu3
瘕	jia3
瘗	yi4
瘘	lou4
瘙	sao4
瘛	chi4
瘟	wen1
瘠	ji2
瘢	ban1
瘤	liu2
瘥	chai4/cuo2
瘫	tan1
瘭	biao1
瘰	luo3
瘳	chou1
瘴	zhang4
瘵	zhai4
瘸	que2
瘼	mo4
瘾	yin3
瘿	ying3
癀	huang2
癃	long2
癍	ban1
癔	yi4
癖	pi3
癗	lei3
癜	dian4
癞	lai4
癣	xuan3
癫	dian1
癯	qu2
癸	gui3
癿	bie2/qie2
皈	gui1
皋	gao1
皎	jiao3
皑	ai2
皓	hao4
皕	bi4
皖	wan3
皙	xi1
皛	xiao3
皞	hao4
皤	po2
皦	jiao3
皭	jiao4
皲	jun1
皴	cun1
皿	min3
盂	yu2
盅	zhong1
盉	he2
盍	he2
盎	ang4
盥	guan4
盦	an1
盱	xu1
盷	tian2
盹	dun3
眄	mian4/mian3
眇	miao3
眈	dan1
眊	mao4
眍	kou1
眙	yi2
眚	sheng3
眢	yuan1
眦	zi4
眩	xuan4
眬	long2
眭	sui1
眵	chi1
眷	juan4
眸	mou2
睃	suo1
睄	shao4
睇	di4
睎	xi1
睐	lai4
睑	jian3
睚	ya2
睢	sui1
睥	pi4
睦	mu4
睨	ni4
睬	cai3
睹	du3
睽	kui2
睾	gao1
睿	rui4
瞀	mao4
瞋	chen1
瞍	sou3
瞑	ming2
瞟	piao3
瞠	cheng1
瞢	meng2
瞩	zhu3
瞫	shen3
瞬	shun4
瞰	kan4
瞳	tong2
瞵	lin2
瞽	gu3
瞿	qu2/ju4
矍	jue2
矜	jin1/guan1/qin2
矞	yu4
矢	shi3
矣	yi3
矧	shen3
矫	jiao3/jiao2
矬	cuo2
矰	zeng1
矶	ji1
矸	gan1
矻	ku1
矼	gang1
矾	fan2
砀	dang4
砄	jue2
砆	fu1
砉	hua1/huo4/xu1
砑	ya4
砒	pi1
砗	che1
砘	dun4
砚	yan4
砜	feng1
砝	fa3
砟	zha3
砠	ju1
砣	tuo2
砥	di3
砧	zhen1
砫	zhu4
砬	la2
砭	bian1
砮	nu3
砵	bo1
砷	shen1
砹	ai4
砺	li4
砻	long2
砼	tong2
硁	keng1
硇	nao2
硊	hui4/wei3
硌	ge4/luo4
硍	yin2/xian4
硎	xing2
硐	dong4/liu2
硒	xi1
硔	hong2/gong3
硕	shuo4
硖	xia2
硗	qiao1
硙	wei4/wei2
硚	qiao2
硪	wo4
硭	mang2
硼	peng2
硿	kong1/kong4
碃	qing4
碇	ding4
碈	hun1/min2
碉	diao1
碏	que4
碓	dui4
碘	dian3
碚	bei4
碛	qi4
碜	chen3
碡	zhou2/du2
碣	jie2
碥	bian3
碨	wei4
碲	di4
碴	cha2/cha1
碶	qi4
碹	xuan4
磉	sang3
磏	lian2/qian1
磐	pan2
磔	zhe2
磙	gun3
磜	qi4
磡	kan4
磬	qing4
磲	qu2
磴	deng4
磹	tan2
磻	pan2
礁	jiao1
礅	dun1
礌	lei2
礓	jiang1
礞	meng2
礴	bo2
礵	shuang1
祀	si4
祁	qi2
祃	ma4
祆	xian1
祇	qi2/zhi3
祉	zhi3
祊	beng1
祋	dui4
祎	yi1
祏	shi2
祐	you4
祓	fu2
祗	zhi1
祛	qu1
祜	hu4
祠	ci2
祢	mi2/ni3
祧	tiao1
祯	zhen1
祲	jin4
祷	dao3
祺	qi2
祼	guan4
祾	ling2
禀	bing3
禄	lu4
禅	chan2/shan4
禊	xi4
禋	yin1
禒	xian3
禔	zhi1
禘	di4
禚	zhuo2
禛	zhen1
禤	xuan1
禧	xi3
禳	rang2
禹	yu3
禺	yu2
秉	bing3
秕	bi3
秣	mo4
秦	qin2
秫	shu2
秬	ju4
秭	zi3
秸	jie1
秽	hui4
秾	nong2
稂	lang2
稃	fu1
稆	lv3
稌	tu2
稑	lu4
稔	ren3
稗	bai4
稙	zhi1
稞	ke1
稣	su1
稷	ji4
稹	zhen3
穄	ji4
穑	se4
穙	pu2
穜	tong2/zhong3/zhong4
穟	sui4
穰	rang2
穸	xi1
穹	qiong2
窀	zhun1
窅	yao3
窈	yao3
窊	wa1
窍	qiao4
窎	diao4
窒	zhi4
窕	tiao3
窘	jiong3
窠	ke1
窣	su1
窥	kui1
窦	dou4
窨	yin4/xun1
窬	yu2
窭	ju4
窳	yu3
窸	xi1
竑	hong2
竘	qu3
竣	jun4
竦	song3
竫	jing4
竺	zhu2
笃	du3
笄	ji1
笈	ji2
笊	zhao4
笋	sun3
笏	hu4
笕	jian3
笙	sheng1
笞	chi1
笠	li4
笤	tiao2
笥	si4
笪	da2
笫	zi3
笮	ze2/zuo2
笯	nu2
笱	gou3
笳	jia1
笸	po3
笺	jian1
笾	bian1
筀	gui4
筅	xian3
筇	qiong2
筌	quan2
筏	fa2
筘	kou4
筚	bi4
筜	dang1
筝	zheng1
筠	yun2/jun1
筢	pa2
筤	lang2
筥	ju3
筦	guan3
筮	shi4
筱	xiao3
筲	shao1
筶	gao4
筹	chou2
筻	gang4
筼	yun2
箅	bi4
箍	gu1
箐	qing4
箓	lu4
箔	bo2
箕	ji1
箖	lin2
箜	kong1
箢	yuan1
箦	ze2
箧	qie4
箨	tuo4
箪	dan1
箬	ruo4
箴	zhen1
箸	zhu4
篁	huang2
篆	zhuan4
篌	hou2
篑	kui4
篓	lou3
篙	gao1
篚	fei3
篝	gou1
篡	cuan4
篥	li4
篦	bi4
篪	chi2
篯	jian1
篼	dou1
篾	mie4
簃	yi2
簉	zao4
簋	gui3
簌	su4
簏	lu4
簕	le4
簖	duan4
簝	liao2
簟	dian4
簠	fu3
簧	huang2
簪	zan1
簰	pai2
籀	zhou4
籁	lai4
籥	yue4
籴	di2
籼	xian1
粑	ba1
粕	po4
粝	li4
粞	xi1
粟	su4
粢	zi1
粤	yue4
粱	liang2
粲	can4
粳	jing1
粼	lin2
粽	zong4
粿	guo3
糁	san3/shen1
糅	rou2
糇	hou2
糈	xu3
糌	zan1
糍	ci2
糒	bei4
糗	qiu3
糜	mi2/mei2
糠	kang1
糨	jiang4
糯	nuo4
糵	nie4
絜	jie2/xie2
絷	zhi2
綦	qi2
綮	qing4/qi3/qing3
縠	hu2
縢	teng2
縻	mi2
繄	yi1
繇	yao2/you2/zhou4
纂	zuan3
纛	dao4
纡	yu1
纣	zhou4
纥	he2/ge1
纨	wan2
纩	kuang4
纫	ren4
纭	yun2
纮	hong2
纰	pi1
纴	ren4
纻	zhu4
纼	zhen4
纾	shu1
绀	gan4
绁	xie4
绂	fu2
绉	zhou4
绊	ban4
绋	fu2
绌	chu4
绎	yi4
绐	dai4
绔	ku4
绖	die2
绗	hang2
绛	jiang4
绞	jiao3
绠	geng3
绡	xiao1
绤	xi4
绥	sui2
绦	tao1
绨	ti2/ti4
绫	ling2
绮	qi3
绯	fei1
绰	chuo4/chao1
绱	shang4
绲	gun3
绶	shou4
绹	tao2
绺	liu3
绻	quan3
绽	zhan4
绾	wan3
缁	zi1
缂	ke4
缃	xiang1
缄	jian1
缅	mian3
缆	lan3
缇	ti2
缈	miao3
缉	ji1/qi1
缊	yun4/yun1
缌	si1
缐	xian4
缑	gou1
缒	zhui4
缗	min2
缙	jin4
缛	ru4
缜	zhen3
缞	cui1
缟	gao3
缡	li2
缢	yi4
缣	jian1
缤	bin1
缥	piao1/piao3
缦	man4
缧	lei2
缨	ying1
缪	mou2/miao4/miu4
缫	sao1
缬	xie2
缭	liao2
缮	shan4
缯	zeng1/zeng4
缱	qian3
缲	qiao1/sao1
缳	huan2
缵	zuan3
缶	fou3
罂	ying1
罄	qing4
罅	xia4
罍	lei2
罔	wang3
罕	han3
罗	luo2/luo1
罘	fu2
罟	gu3
罡	gang1
罨	yan3
罱	lan3
罴	pi2
罶	liu3
罹	li2
罽	ji4
罾	zeng1
羁	ji1
羌	qiang1
羑	you3
羓	ba1
羕	yang4
羖	gu3
羚	ling2
羝	di1
羟	qiang3
羧	suo1
羯	jie2
羰	tang1
羱	yuan2
羲	xi1
羸	lei2
羹	geng1
羼	chan4
羿	yi4
翀	chong1
翂	fen1
翃	hong2
翈	xia2
翊	yi4
翌	yi4
翎	ling2
翕	xi1
翙	hui4
翚	hui1
翛	xiao1
翟	di2/zhai2
翡	fei3
翥	zhu4
翦	jian3
翮	he2
翯	he4
翰	han4
翱	ao2
翳	yi4
翷	lin2
翾	xuan1
耄	mao4
耆	qi2
耇	gou3
耋	die2
耏	nai4/er2
耑	duan1/zhuan1
耒	lei3
耔	zi3
耖	chao4
耘	yun2
耙	ba4/pa2
耜	si4
耠	huo1
耢	lao4
耤	ji2
耥	tang1
耦	ou3
耧	lou2
耨	nou4
耩	jiang3
耪	pang3
耰	you1
耱	mo4
耵	ding1
耶	ye2/ye1
耿	geng3
聂	nie4
聃	dan1
聆	ling2
聋	long2
聍	ning2
聒	guo1/gua1
聩	kui4
聱	ao2
聿	yu4
肄	yi4
肆	si4
肇	zhao4
肋	lei4/le4/le1
肓	huang1
肘	zhou3
肛	gang1
肟	wo4
肫	zhun1
肭	na4
肮	ang1
肱	gong1
肴	yao2
肷	qian3
肸	xi1
肼	jing3
肽	tai4
肾	shen4
胂	shen4
胄	zhou4
胈	ba2
胍	gua1
胗	zhen1
胙	zuo4
胚	pei1
胛	jia3
胝	zhi1
胠	qu1
胣	chi3
胤	yin4
胥	xu1
胨	dong4
胩	ka3
胪	lu2
胫	jing4
胬	nu3
胭	yan1
胯	kua4
胰	yi2
胱	guang1
胲	hai3
胴	dong4
胺	an4
胼	pian2
脍	kuai4
脎	sa4
脐	qi2
脒	mi3
脓	nong2
脔	luan2
脘	wan3
脞	cuo3
脟	lie4
脩	xiu1
脬	pao1
脲	niao4
脶	luo2
脿	biao3/biao1
腆	tian3
腊	la4/xi1
腋	ye4
腌	yan1/a1
腑	fu3
腒	ju1
腓	fei2
腕	wan4
腘	guo2
腙	zong1
腚	ding4
腠	cou4
腧	shu4
腨	shuan4
腩	nan3
腭	e4
腯	tu2
腱	jian4
腴	yu2
腺	xian4
腻	ni4
腼	mian3
腽	wa4
膂	lv3
膈	ge2
膑	bin4
膘	biao1
膙	jiang3
膦	lin4
膳	shan4
膺	ying1
膻	shan1/dan4
臀	tun2
臃	yong1
臆	yi4
臊	sao1/sao4
臌	gu3
臑	nao4
臜	za1
臧	zang1
臬	nie4
臻	zhen1
臼	jiu4
臾	yu2
舁	yu2
舂	chong1
舄	xi4
舐	shi4
舛	chuan3
舜	shun4
舠	dao1
舢	shan1
舣	yi3
舥	pa1
舫	fang3
舭	bi3
舯	zhong1
舲	ling2
舳	zhu2
舴	ze2
舷	xian2
舸	ge3
舻	lu2
舾	xi1
艄	shao1
艅	yu2
艉	wei3
艋	meng3
艎	huang2
艏	shou3
艚	cao2
艟	chong1
艨	meng2
艮	gen3/gen4
艴	fu2/bo2
艽	jiao1
艾	ai4/yi4
艿	nai3
芃	peng2
芄	wan2
芈	mi3
芊	qian1
芋	yu4
芍	shao2
芎	xiong1/qiong1
芏	du4
芑	qi3
芗	xiang1
芘	bi3/pi2
芙	fu2
芜	wu2
芟	shan1
芠	wen2
芡	qian4
芣	fu2
芤	kou1
芥	jie4/gai4
芨	ji1
芩	qin2
芪	qi2
芫	yan2/yuan2
芬	fen1
芭	ba1
芮	rui4
芰	ji4
芴	wu4
芷	zhi3
芸	yun2
芹	qin2
芼	mao4
苁	cong1
苄	bian4
苈	li4
苉	pi3
苊	e4
苋	xian4
苌	chang2
苎	zhu4
苑	yuan4
苒	ran3
苓	ling2
苔	tai2/tai1
苕	shao2/tiao2
苘	qing3
苜	mu4
苞	bao1
苟	gou3
苠	min2
苡	yi3
苣	ju4/qu3
苤	pie3
苧	ning2/zhu4
苫	shan1/shan4
苯	ben3
苴	ju1
苷	gan1
苻	fu2
苾	bi4
茀	fu2
茆	mao2
茈	ci2/zi3
茉	mo4
茋	di3
茌	chi2
茏	long2
茑	niao3
茓	xue2
茔	ying2
茕	qiong2
茗	ming2
茚	yin4
茛	gen4
茜	qian4/xi1
茝	chai3
茨	ci2
茬	cha2
茭	jiao1
茯	fu2
茱	zhu1
茳	jiang1
茴	hui2
茵	yin1
茹	ru2
茺	chong1
茼	tong2
茽	zhong4
荀	xun2
荁	huan2
荃	quan2
荄	gai1
荆	jing1
荇	xing4
荏	ren3
荑	ti2/yi2
荓	ping2
荖	lao3
荙	da2
荚	jia2
荛	rao2
荜	bi4
荞	qiao2
荟	hui4
荠	ji4/qi2
荤	hun1/xun1
荥	xing2/ying2
荦	luo4
荧	ying2
荨	xun2/qian2
荩	jin4
荪	sun1
荫	yin1/yin4
荬	mai3
荭	hong2
荮	zhou4
荸	bi2
荻	di2
荼	tu2
荽	sui1
莅	li4
莆	pu2
莉	li4
莎	sha1/suo1
莒	ju3
莓	mei2
莘	shen1/xin1
莙	jun1
莛	ting2
莜	you2
莝	cuo4
莞	guan3/wan3/guan1
莠	you3
莨	lang4/liang2
莩	fu2/piao3
莪	e2
莰	kan3
莱	lai2
莲	lian2
莳	shi2/shi4
莴	wo1
莶	xian1
莸	you2
莺	ying1
莼	chun2
莿	ci4
菀	wan3/yu4
菁	jing1
菂	di4
菅	jian1
菉	lu4/lv4
菍	nie4
菏	he2
菔	fu2
菖	chang1
菘	song1
菝	ba2
菟	tu4/tu2
菠	bo1
菡	han4
菥	xi1
菪	dang4
菰	gu1
菱	ling2
菲	fei1/fei3
菹	zu1/ju1
菼	tan3
菽	shu1
萁	qi2
萃	cui4
萆	bi4
萋	qi1
萍	ping2
萏	dan4
萑	huan2
萘	nai4
萚	tuo4
萜	tie1
萣	ding4
萦	ying2
萧	xiao1
萩	qiu1
萱	xuan1
萳	nan2
萸	yu2
萹	bian1/bian3
萼	e4
葆	bao3
葎	lv4
葑	feng1/feng4
葖	tu1
葙	xiang1
葚	ren4/shen4
葛	ge2/ge3
葜	qia1
董	dong3
葩	pa1
葭	jia1
葰	jun4/suo3
葳	wei1
葴	zhen1
葶	ting2
葸	xi3
葺	qi4
蒂	di4
蒄	guan1
蒇	chan3
蒈	kai3
蒉	kui4
蒋	jiang3
蒌	lou2
蒎	pai4
蒐	sou1
蒗	lang4
蒟	ju3
蒡	bang4
蒨	qian4
蒯	kuai3
蒱	pu2
蒲	pu2
蒴	shuo4
蒹	jian1
蒺	ji2
蒻	ruo4
蒽	en1
蒿	hao1
蓁	zhen1
蓂	ming2/mi4
蓇	gu1/gu3
蓉	rong2
蓊	weng3
蓍	shi1
蓏	luo3
蓐	ru4
蓑	suo1
蓓	bei4
蓖	bi4
蓟	ji4
蓠	li2
蓢	lang3
蓣	yu4
蓥	ying2
蓦	mo4
蓰	xi3
蓼	liao3/lu4
蓿	xu/su4
蔀	bu4
蔃	qiang2
蔈	piao4/biao1
蔊	han3/han4
蔌	su4
蔓	man4/man2/wan4
蔟	cu4
蔡	cai4
蔫	nian1
蔷	qiang2
蔸	dou1
蔹	lian3
蔺	lin4
蔻	kou4
蕃	bo1/fan1/fan2
蕈	xun4
蕊	rui3
蕖	qu2
蕗	lu4
蕙	hui4
蕞	zui4
蕤	rui2
蕨	jue2
蕰	wen1
蕲	qi2
蕹	weng4
蕺	ji2
蕻	hong2/hong4
蕾	lei3
薁	ao4/yu4
薅	hao1
薇	wei1
薏	yi4
薛	xue1
薜	bi4
薢	xie4
薤	xie4
薨	hong1
薮	sou3
薰	xun1
薳	wei3
薷	ru2
薸	piao2
薹	tai2
薿	ni3
藁	gao3
藐	miao3
藓	xian3
藕	ou3
藜	li2
藟	lei3
藠	jiao4
藦	mo2
藨	biao1
藩	fan1
藻	zao3
藿	huo4
蘅	heng2
蘖	nie4/bo4
蘘	rang2
蘧	qu2
蘩	fan2
蘼	mi2
虒	si1
虓	xiao1
虔	qian2
虞	yu2
虢	guo2
虤	yan2
虬	qiu2
虮	ji3
虷	han2/gan1
虸	zi3
虺	hui3/hui1
虻	meng2
虼	ge4
虿	chai4
蚄	fang1
蚆	ba1
蚋	rui4
蚌	bang4/beng4
蚍	pi2
蚝	hao2
蚧	jie4
蚨	fu2
蚬	xian3
蚰	you2
蚱	zha4
蚲	ping2
蚴	you4
蚶	han1
蚺	ran2
蛃	bing3
蛄	gu1/gu3
蛉	ling2
蛊	gu3
蛎	li4
蛏	cheng1
蛐	qu1
蛑	mou2
蛔	hui2
蛘	yang2
蛞	kuo4
蛟	jiao1
蛩	qiong2
蛭	zhi4
蛮	man2
蛰	zhe2
蛱	jia2
蛲	nao2
蛳	si1
蛴	qi2
蛸	shao1/xiao1
蛹	yong3
蜀	shu3
蜃	shen4
蜇	zhe1/zhe2
蜉	fu2
蜊	li2
蜍	chu2
蜎	yuan1
蜐	jie2
蜒	yan2
蜕	tui4
蜚	fei1/fei3
蜞	qi2
蜢	meng3
蜣	qiang1
蜥	xi1
蜩	tiao2
蜮	yu4
蜱	pi2
蜴	yi4
蜷	quan2
蜾	guo3
蜿	wan1
蝈	guo1
蝎	xie1
蝓	yu2
蝘	yan3
蝣	you2
蝤	qiu2/you2
蝥	mao2
蝮	fu4
蝰	kui2
蝲	la4
蝻	nan3
蝼	lou2
蝽	chun1
蝾	rong2
螂	lang2
螃	pang2
螅	xi1
螈	yuan2
螋	sou1
螗	tang2
螟	ming2
螠	yi4
螣	teng2/te4
螨	man3
螫	shi4
螬	cao2
螭	chi1
螯	ao2
螱	wei4
螳	tang2
螵	piao1
螺	luo2
螽	zhong1
蟊	mao2
蟏	xiao1
蟑	zhang1
蟒	mang3
蟛	peng2
蟠	pan2
蟥	huang2
蟪	hui4
蟫	yin2
蟮	shan4
蟾	chan2
蠃	luo3
蠊	lian2
蠋	zhu2
蠓	meng3
蠖	huo4
蠡	li2/li3
蠲	juan1
蠹	du4
蠼	qu2
衃	pei1
衄	nv4
衎	kan4
衒	xuan4
衠	zhun1
衢	qu2
衩	cha3/cha4
衮	gun3
衲	na4
衽	ren4
衾	qin1
衿	jin1
袁	yuan2
袂	mei4
袅	niao3
袆	hui1
袈	jia1
袒	tan3
袗	zhen3
袢	pan4
袤	mao4
袪	qu1
袯	bo2
袷	qia1/jia2
袼	ge1
裆	dang1
裈	kun1
裉	ken4
裎	cheng2/cheng3
裒	pou2
裔	yi4
裘	qiu2
裛	yi4
裟	sha1
裢	lian2
裣	lian3
裥	jian3
裨	bi4/pi2
裰	duo1
裱	biao3
裴	pei2
裼	ti4/xi1
裾	ju1
褊	bian3
褒	bao1
褓	bao3
褕	yu2
褙	bei4
褚	chu3/zhu3
褛	lv3
褟	ta1
褡	da1
褪	tui4/tun4
褫	chi3
褯	jie4
褰	qian1
褴	lan2
褶	zhe3
襁	qiang3
襄	xiang1
襕	lan2
襚	sui4
襜	chan1
襞	bi4
襦	ru2
襫	shi4
襻	pan4
覃	tan2/qin2
觃	yan4
觅	mi4
觇	chan1
觊	ji4
觋	xi2
觌	di2
觎	yu2
觏	gou4
觐	jin4
觑	qu4/qu1
觖	jue2
觚	gu1
觜	zi1/zui3
觞	shang1
觟	hua4
觥	gong1
觫	su4
觭	ji1
觯	zhi4
觱	bi4
觳	hu2
觿	xi1
訄	qiu2
訇	hong1
訚	yin2
訾	zi3/zi1
詈	li4
詟	zhe2
詹	zhan1
誊	teng2
謇	jian3
讣	fu4
讦	jie2
讧	hong4
讪	shan4
讫	qi4
讱	ren4
讳	hui4
讴	ou1
讵	ju4
讷	ne4
讹	e2
讻	xiong1
诀	jue2
诂	gu3
诃	he1
诅	zu3
诇	xiong4
诈	zha4
诋	di3
诌	zhou1
诎	qu1
诏	zhao4
诐	bi4
诒	yi2
诓	kuang1
诔	lei3
诖	gua4
诘	jie2/ji2
诙	hui1
诛	zhu1
诜	shen1
诟	gou4
诠	quan2
诣	yi4
诤	zheng4
诨	hun4
诩	xu3
诮	qiao4
诰	gao4
诲	hui4
诳	kuang2
诹	zou1
诺	nuo4
诼	zhuo2
诽	fei3
诿	wei3
谀	yu2
谂	shen3
谄	chan3
谆	zhun1
谇	sui4
谌	chen2
谍	die2
谏	jian4
谐	xie2
谑	xue4
谒	ye4
谔	e4
谕	yu4
谖	xuan1
谗	chan2
谙	an1
谚	yan4
谛	di4
谜	mi2/mei4
谝	pian3
谞	xu1
谟	mo2
谠	dang3
谡	su4
谤	bang4
谥	shi4
谧	mi4
谩	man4/man2
谪	zhe2
谫	jian3
谭	tan2
谮	zen4
谯	qiao2/qiao4
谰	lan2
谱	pu3
谲	jue2
谳	yan4
谵	zhan1
谶	chen4
谼	hong2
谿	xi1
豇	jiang1
豉	chi3
豕	shi3
豚	tun2
豢	huan4
豨	xi1
豮	fen2
豳	bin1
豸	zhi4/zhai4
貂	diao1
貅	xiu1
貆	huan2
貉	hao2/he2
貊	mo4
貔	pi2
貘	mo4
贞	zhen1
贤	xian2
账	zhang4
贬	bian3
贮	zhu4
贰	er4
贲	ben1/bi4
贳	shi4
贶	kuang4
贷	dai4
贻	yi2
贽	zhi4
贾	jia3/gu3
贿	hui4
赀	zi1
赁	lin4
赂	lu4
赃	zang1
赅	gai1
赆	jin4
赇	qiu2
赈	zhen4
赉	lai4
赊	she1
赋	fu4
赍	ji1
赎	shu2
赐	ci4
赑	bi4
赒	zhou1
赓	geng1
赕	dan3
赗	feng4
赘	zhui4
赙	fu4
赜	ze2
赝	yan4
赟	yun1
赠	zeng4
赡	shan4
赢	ying2
赣	gan4
赦	she4
赧	nan3
赪	cheng1
赫	he4
赭	zhe3
赵	zhao4
趄	ju1/qie4
趑	zi1
趔	lie4
趯	ti4
趱	zan3
趵	bao4/bo1
趸	dun3
趺	fu1
趼	jian3
趿	ta1
跂	qi2/qi4
跄	qiang4/qiang1
跆	tai2
跎	tuo2
跏	jia1
跐	ci1/ci3
跖	zhi2
跗	fu1
跚	shan1
跞	li4/luo4
跣	xian3
跤	jiao1
跬	kui3
跱	zhi4
跶	da
跷	qiao1
跸	bi4
跹	xian1
跻	ji1
跽	ji4
踅	xue2
踉	liang4/liang2
踊	yong3
踒	wo1
踔	chuo1
踝	huai2
踞	ju4
踟	chi2
踣	bo2
踦	yi3
踬	zhi4
踯	zhi2
踵	zhong3
踶	di4
踹	chuai4
踺	jian4
踽	ju3
蹀	die2
蹁	pian2
蹂	rou2
蹅	cha3
蹇	jian3
蹉	cuo1
蹊	qi1/xi1
蹐	ji2
蹑	nie4
蹒	pan2
蹙	cu4
蹚	tang1
蹜	su4
蹢	di2/zhi2
蹩	bie2
蹯	fan2
蹰	chu2
蹴	cu4/jiu
蹶	jue2/jue3
蹼	pu3
蹽	liao1
蹾	dun1
蹿	cuan1
躅	zhu2
躏	lin4
躐	lie4
躔	chan2
躜	zuan1
躞	xie4
轩	xuan1
轪	dai4
轫	ren4
轭	e4
轱	gu1
轲	ke1/ke3
轳	lu2
轵	zhi3
轶	yi4
轷	hu1
轸	zhen3
轹	li4
轺	yao2
轼	shi4
轾	zhi4
辀	zhou1
辁	quan2
辂	lu4
辄	zhe2
辇	nian3
辊	gun3
辋	wang3
辌	liang2
辍	chuo4
辎	zi1
辏	cou4
辒	wen1
辔	pei4
辕	yuan2
辖	xia2
辗	zhan3/nian3
辘	lu4
辙	zhe2
辚	lin2
辿	chan1
迂	yu1
迄	qi4
迓	ya4
迕	wu3
迢	tiao2
迤	yi2/yi3
迥	jiong3
迦	jia1
迨	dai4
迩	er3
迪	di2
迭	die2
迮	ze2
迳	jing4
迸	beng4
迺	nai3
逄	pang2
逅	hou4
逋	bu1
逍	xiao1
逑	qiu2
逖	ti4
逡	qun1
逦	li3
逭	huan4
逯	lu4
逴	chuo1
逵	kui2
逶	wei1
遁	dun4
遂	sui4/sui2
遄	chuan2
遆	ti2
遏	e4
遐	xia2
遑	huang2
遒	qiu2
遘	gou4
遛	liu4/liu2
遢	ta/ta1
遨	ao2
遴	lin2
遹	yu4
遽	ju4
邂	xie4
邃	sui4
邈	miao3
邋	la1
邑	yi4
邓	deng4
邕	yong1
邗	han2
邘	yu2
邙	mang2
邛	qiong2
邝	kuang4
邠	bin1
邡	fang1
邢	xing2
邨	cun1
邪	xie2/ye2
邬	wu1
邯	han2
邰	tai2
邱	qiu1
邲	bi4
邳	pi1
邴	bing3
邵	shao4
邶	bei4
邸	di3
邹	zou1
邺	ye4
邽	gui1
邾	zhu1
邿	shi1
郃	he2
郄	qie4
郅	zhi4
郇	huan2/xun2
郈	hou4
郏	jia2
郐	kuai4
郓	yun4
郗	xi1
郚	wu2
郛	fu2
郜	gao4
郝	hao3
郡	jun4
郢	ying3
郤	xi4
郦	li4
郧	yun2
郪	qi1
郫	pi2
郭	guo1
郯	tan2
郴	chen1
郸	dan1
郾	yan3
郿	mei2
鄀	ruo4
鄂	e4
鄃	shu1
鄄	juan4
鄅	yu3
鄌	tang2
鄑	zi1
鄗	hao4
鄘	yong1
鄚	mao4
鄜	fu1
鄞	yin2
鄠	hu4
鄢	yan1
鄣	zhang1
鄫	zeng1
鄯	shan4
鄱	po2
鄹	zou1
酂	zan4/cuo2
酃	ling2
酅	xi1
酆	feng1
酉	you3
酊	ding1/ding3
酋	qiu2
酌	zhuo2
酎	zhou4
酏	yi3
酐	gan1
酗	xu4
酚	fen1
酝	yun4
酞	tai4
酡	tuo2
酢	zuo4/cu4
酤	gu1
酥	su1
酦	po1/fa1
酩	ming3
酪	lao4
酮	tong2
酯	zhi3
酰	xian1
酲	cheng2
酴	tu2
酹	lei4
酺	pu2
酽	yan4
酾	shi1/shai1
醅	pei1
醇	chun2
醌	kun1
醍	ti2
醐	hu2
醚	mi2
醛	quan2
醢	hai3
醨	li2
醪	lao2
醭	bu2
醮	jiao4
醯	xi1
醴	li3
醵	ju4
醺	xun1
醾	mi2
釉	you4
釐	xi1/li2/xi3
釜	fu3
銎	qiong2
銮	luan2
鋆	yun2
鋈	wu4
錾	zan4
鍪	mou2
鎏	liu2
鏊	ao4
鏖	ao2
鐾	bei4
鑫	xin1
钆	ga2
钇	yi3
钊	zhao1
钋	po1
钌	liao3/liao4
钍	tu3
钎	qian1
钏	chuan4
钐	shan1/shan4
钒	fan2
钔	men2
钕	nv3
钖	yang2
钗	chai1
钘	xing2
钚	bu4
钛	tai4
钜	ju4
钝	dun4
钠	na4
钡	bei4
钣	ban3
钤	qian2
钧	jun1
钨	wu1
钪	kang4
钫	fang1
钬	huo3
钭	dou3/tou3
钮	niu3
钯	ba3/pa2
钰	yu4
钲	zheng1
钵	bo1
钷	po3
钹	bo2
钺	yue4
钼	mu4
钽	tan3
钾	jia3
钿	dian4/tian2
铂	bo2
铄	shuo4
铆	mao3
铈	shi4
铉	xuan4
铊	ta1/tuo2
铋	bi4
铌	ni2
铍	pi2/pi1
铎	duo2
铏	xing2
铐	kao4
铑	lao3
铒	er3
铕	you3
铖	cheng2
铗	jia2
铘	ye2
铙	nao2
铚	zhi4
铞	diao4
铟	yin1
铠	kai3
铡	zha2
铢	zhu1
铣	xi3/xian3
铤	ting3/ding4
铥	diu1
铧	hua2
铨	quan2
铩	sha1
铪	ha1
铫	diao4/yao2
铬	ge4
铭	ming2
铮	zheng1/zheng4
铯	se4
铰	jiao3
铱	yi1
铳	chong4
铴	tang1
铵	an3
铷	ru2
铹	lao2
铻	wu2/yu3
铼	lai2
铽	te4
铿	keng1
锂	li3
锃	zeng4
锆	gao4
锇	e2
锉	cuo4
锊	lve4
锍	liu3
锎	kai1
锏	jian3/jian4
锑	ti1
锒	lang2
锓	qin3
锔	ju1/ju2
锕	a1
锖	qiang1
锗	zhe3
锘	nuo4
锚	mao2
锛	ben1
锜	qi2
锝	de2
锞	ke4
锟	kun1
锢	gu4
锥	zhui1
锧	zhi4
锨	xian1
锩	juan3
锪	huo1
锫	pei2
锬	tan2/xian1
锰	meng3
锱	zi1
锲	qie4
锳	ying1
锴	kai3
锵	qiang1
锶	si1
锷	e4
锸	cha1
锺	zhong1
锼	sou1
锽	huang2
锾	huan2
锿	ai1
镂	lou4
镃	zi1
镄	fei4
镅	mei2
镆	mo4
镈	bo2
镉	ge2
镊	nie4
镋	tang3
镌	juan1
镍	nie4
镎	na2
镏	liu2/liu4
镐	gao3/hao4
镑	bang4
镒	yi4
镓	jia1
镔	bin1
镕	rong2
镖	biao1
镗	tang1/tang2
镘	man4
镚	beng4
镛	yong1
镝	di1/di2
镞	zu2
镠	liu2
镡	chan2/tan2/xin2
镢	jue2
镣	liao4
镤	pu2
镥	lu3
镦	dun1/dui4
镧	lan2
镨	pu3
镩	cuan1
镪	qiang1/qiang3
镫	deng4
镬	huo4
镭	lei2
镮	huan2
镯	zhuo2
镱	yi4
镲	cha3
镳	biao1
镴	la4
镵	chan2
闩	shuan1
闫	yan2
闰	run4
闱	wei2
闳	hong2
闵	min3
闶	kang4/kang1
闼	ta4
闽	min3
闾	lv2
闿	kai3
阁	ge2
阂	he2
阃	kun3
阄	jiu1
阆	lang4/lang2
阇	du1/she2
阈	yu4
阉	yan1
阊	chang1
阋	xi4
阌	wen2
阍	hun1
阎	yan2
阏	yan1/e4
阑	lan2
阒	qu4
阕	que4
阖	he2
阗	tian2
阘	ta4/da2
阙	que1/que4
阚	kan4/han3
阜	fu4
阡	qian1
阪	ban3
阮	ruan3
阱	jing3
阼	zuo4
阽	dian4/yan2
陀	tuo2
陂	pi2/bei1/po1
陇	long3
陉	xing2
陎	shu1
陑	er2
陔	gai1
陕	shan3
陛	bi4
陞	sheng1
陟	zhi4
陧	nie4
陨	yun3
陬	zou1
陲	chui2
陴	pi2
隃	shu4
隅	yu2
隈	wei1
隋	sui2
隍	huang2
隗	wei3/kui2
隩	ao4/yu4
隰	xi2
隳	hui1
隹	zhui1
隺	he4
隼	sun3
隽	juan4/jun4
雁	yan4
雉	zhi4
雊	gou4
雍	yong1
雎	ju1
雏	chu2
雒	luo4
雠	chou2
雩	yu2
雯	wen2
雱	pang1
雳	li4
霁	ji4
霄	xiao1
霅	zha4
霆	ting2
霈	pei4
霍	huo4
霏	fei1
霖	lin2
霨	wei4
霪	yin2
霭	ai3
霰	xian4/san3
霹	pi1
霾	mai2
靓	jing4/liang4
靖	jing4
靛	dian4
靡	mi2/mi3
靥	ye4
靬	qian2
靰	wu4
靳	jin4
靶	ba3
靸	sa3/ta1
靺	mo4
靼	da2
靽	ban4
靿	yao4
鞁	bei4
鞅	yang1/yang4
鞍	an1
鞑	da2
鞒	qiao2
鞔	man2
鞘	qiao4/shao1
鞡	la
鞣	rou2
鞧	qiu1
鞨	he2
鞫	ju1
鞬	jian1
鞮	di1
鞯	jian1
鞲	gou1
鞳	ta4
鞴	bei4
韂	chan4
韦	wei2
韨	fu2
韩	han2
韪	wei3
韫	yun4
韬	tao1
韭	jiu3
韵	yun4
韶	shao2
顸	han1
顼	xu1
颀	qi2
颃	hang2
颅	lu2
颉	jie2/xie2
颋	ting3
颌	he2/ge2
颍	ying3
颎	jiong3
颏	ke1/ke2
颐	yi2
颓	tui2
颔	han4
颙	yong2
颚	e4
颛	zhuan1
颞	nie4
颟	man1
颡	sang3
颢	hao4
颥	ru2
颦	pin2
颧	quan2
飏	yang2
飐	zhan3
飑	biao1
飒	sa4
飓	ju4
飔	si1
飕	sou1
飗	liu2
飙	biao1
飧	sun1
飨	xiang3
餍	yan4
餮	tie4
饔	yong1
饕	tao1
饧	xing2/tang2
饨	tun2
饩	xi4
饪	ren4
饫	yu4
饬	chi4
饯	jian4
饳	duo4
饴	yi2
饵	er3
饷	xiang3
饸	he2
饹	ge1/le
饻	xi1
饽	bo1
馁	nei3
馃	guo3
馄	hun2
馇	cha1/zha
馈	kui4
馉	gu3
馊	sou1
馌	ye4
馍	mo2
馏	liu2/liu4
馐	xiu1
馑	jin3
馓	san3
馔	zhuan4
馕	nang2/nang3
馗	kui2
馘	guo2
馝	bi4
馞	bo2
馥	fu4
馧	yun1
馨	xin1
驭	yu4
驯	xun4/xun2
驲	ri4
驵	zang3
驷	si4
驸	fu4
驺	zou1
驽	nu2
驿	yi4
骀	dai4/tai2
骁	xiao1
骃	yin1
骅	hua2
骇	hai4
骈	pian2
骉	biao1
骊	li2
骋	cheng3
骍	xing1
骎	qin1
骏	jun4
骐	qi2
骒	ke4
骓	zhui1
骕	su4
骖	can1
骘	zhi4
骙	kui2
骚	sao1
骛	wu4
骜	ao4
骝	liu2
骞	qian1
骟	shan4
骠	biao1/piao4
骢	cong1
骣	chan3
骥	ji4
骦	shuang1
骧	xiang1
骰	tou2
骱	jie4
骶	di3
骷	ku1
骺	hou2
髀	bi4
髁	ke1
髂	qia4
髃	yu2
髅	lou2
髋	kuan1
髌	bin4
髎	liao2
髑	du2
髓	sui3
髡	kun1
髢	di2
髫	tiao2
髭	zi1
髯	ran2
髹	xiu1
髻	ji4
髽	zhua1
鬃	zong1
鬈	quan2
鬏	jiu1
鬒	zhen3
鬓	bin4
鬘	man2
鬟	huan2
鬣	lie4
鬯	chang4
鬲	ge2/li4
鬶	gui1
鬷	zong1
鬻	yu4
魁	kui2
魃	ba2
魅	mei4
魆	xu1
魇	yan3
魈	xiao1
魉	liang3
魋	tui2
魍	wang3
魏	wei4
魑	chi1
鱽	dao1
鱾	ji3
鱿	you2
鲀	tun2
鲁	lu3
鲂	fang2
鲃	ba1
鲅	ba4/bo1
鲆	ping2
鲇	nian2
鲈	lu2
鲉	you2
鲊	zha3
鲋	fu4
鲌	bo2/ba4
鲍	bao4
鲎	hou4
鲏	pi2
鲐	tai2
鲑	gui1/xie2
鲒	jie2
鲔	wei3
鲕	er2
鲖	tong2
鲗	zei2
鲘	hou4
鲙	kuai4
鲚	ji4
鲛	jiao1
鲝	zha3
鲞	xiang3
鲟	xun2
鲠	geng3
鲡	li2
鲢	lian2
鲣	jian1
鲥	shi2
鲦	tiao2
鲧	gun3
鲨	sha1
鲩	huan4
鲪	jun1
鲫	ji4
鲬	yong3
鲭	qing1/zheng1
鲮	ling2
鲯	qi2
鲰	zou1
鲱	fei1
鲲	kun1
鲳	chang1
鲴	gu4
鲵	ni2
鲷	diao1
鲹	shen1
鲺	shi1
鲻	zi1
鲼	fen4
鲽	die2
鲾	bi1
鲿	chang2
鳀	ti2
鳁	wen1
鳂	wei1
鳃	sai1
鳅	qiu1
鳇	huang2
鳈	quan2
鳉	jiang1
鳊	bian1
鳌	ao2
鳍	qi2
鳎	ta3
鳏	guan1
鳐	yao2
鳑	pang2
鳒	jian1
鳓	le4
鳔	biao4
鳕	xue3
鳖	bie1
鳗	man2
鳘	min3
鳙	yong1
鳚	wei4
鳛	xi2
鳜	gui4
鳝	shan4
鳞	lin2
鳟	zun1
鳠	hu4
鳡	gan3
鳢	li3
鳣	zhan1
鳤	guan3
鸠	jiu1
鸢	yuan1
鸤	shi1
鸧	cang1
鸨	bao3
鸩	zhen4
鸪	gu1
鸫	dong1
鸬	lu2
鸮	xiao1
鸯	yang1
鸰	ling2
鸱	chi1
鸲	qu2
鸳	yuan1
鸵	tuo2
鸶	si1
鸷	zhi4
鸸	er2
鸹	gua1
鸺	xiu1
鸻	heng2
鸼	zhou1
鸾	luan2
鸿	hong2
鹀	wu2
鹁	bo2
鹄	gu3/hu2
鹆	yu4
鹇	xian2
鹈	ti2
鹉	wu3
鹋	miao2
鹍	kun1
鹎	bei1
鹏	peng2
鹐	qian1
鹒	geng1
鹔	su4
鹕	hu2
鹖	he2
鹗	e4
鹘	gu3/hu2
鹙	qiu1
鹚	ci2
鹛	mei2
鹜	wu4
鹝	yi4
鹞	yao4
鹟	weng1
鹠	liu2
鹡	ji2
鹢	yi4
鹣	jian1
鹤	he4
鹦	ying1
鹧	zhe4
鹨	liu4
鹩	liao2
鹪	jiao1
鹫	jiu4
鹬	yu4
鹭	lu4
鹮	huan2
鹯	zhan1
鹱	hu4
鹲	meng2
鹳	guan4
鹴	shuang1
鹾	cuo2
麀	you1
麂	ji3
麇	jun1/qun2
麈	zhu3
麋	mi2
麑	ni2
麒	qi2
麓	lu4
麖	jing1
麝	she4
麟	lin2
麸	fu1
麹	qu1
麽	mo2/me
麾	hui1
黇	tian1
黉	hong2
黍	shu3
黔	qian2
黛	dai4
黜	chu4
黝	you3
黟	yi1
黠	xia2
黡	yan3
黢	qu1
黥	qing2
黧	li2
黩	du2
黪	can3
黹	zhi3
黻	fu2
黼	fu3
黾	min3/mian3
鼋	yuan2
鼍	tuo2
鼎	ding3
鼐	nai4
鼒	zi1
鼗	tao2
鼙	pi2
鼢	fen2
鼩	qu2
鼫	shi2
鼬	you4
鼯	wu2
鼱	jing1
鼷	xi1
鼹	yan3
鼽	qiu2
鼾	han1
齁	hou1
齇	zha1
齉	nang4
齑	ji1
龀	chen4
龁	he2
龂	yin2
龃	ju3
龅	bao1
龆	tiao2
龇	zi1
龈	yin2/ken3
龉	yu3
龊	chuo4
龋	qu3
龌	wo4
龚	gong1
龛	kan1
龠	yue4
龢	he2
鿍	gang4
鿎	ta3/da2
鿏	mai4
𠅤	xi2
𠙶	ou3
𠳐	bang1
𡎚	pian3
𡐓	kang1
𣗋	dang3
𣲗	wei2
𣲘	wu3
𣸣	fen2
𤧛	di4
𤩽	huan2
𤫉	xie4
𥔲	e4
𥕢	cao2
𥖨	zao4
𥻗	cha2
𦈡	xu1
𦒍	tong2
𦙶	gu3
𦝼	lv2/lou2
𦭜	zhi1
𦰡	na4/nuo2
𧿹	mu3
𨐈	guang1
𨙸	qi2
𨚕	bian4
𨟠	quan1
𨭉	ban1
𨱇	qiu2
𨱏	da1
𨱑	huang2
𨱔	zun1
𨺙	ni4
𩽾	an1
𩾃	mian3
𩾌	kang1
𪟝	ji4/ji1
𪣻	lou2
𪤗	liao4
𪨰	qu1
𪨶	she1
𪩘	yan3
𪾢	xian4
𫄧	yan2
𫄨	chi1
𫄷	yi4
𫄸	xun1
𫇭	wei3
𫌀	ji1
𫍣	tong2
𫍯	xian2
𫍲	xiao3
𫍽	xuan1
𫐄	yue4
𫐐	ni2
𫐓	rou2
𫑡	meng2
𫓧	fu1
𫓯	ji1
𫓶	xuan1
𫓹	ji1
𫔍	fan2
𫔎	jue2
𫔶	nie4
𫖮	yi3
𫖯	fu3
𫖳	yun1
𫗧	su4
𫗴	zhan1
𫘜	wen2
𫘝	jue2
𫘦	tao2
𫘧	lu4
𫘨	ti2
𫘪	yuan2
𫘬	xi2
𫚕	shi1
𫚖	ci3
𫚭	lie4
𫛭	kuang2
𫞩	men2
𫟅	liang2
𫟦	sui4
𫟹	hong2
𫟼	da2
𫠆	kui3
𫠊	xuan2
𫠜	ni2
𫢸	dan4
𫫇	e4
𫭟	ou1/qu1
𫭢	lun3
𫭼	lao2
𫮃	shan4
𫰛	xing2
𫵷	li4
𫶇	die2
𫷷	xin1
𫸩	kou1
𬀩	wei3
𬀪	xian4
𬂩	jia1
𬃊	zhi4
𬇕	wan4
𬇙	bei4
𬇹	guo2
𬉼	ou3
𬊈	xun2
𬊤	chan3
𬌗	he2
𬍛	li4
𬍡	dang4
𬍤	xun2
𬒈	que4
𬒔	geng3
𬒗	lan2
𬕂	long3
𬘓	xun2
𬘘	dan3
𬘡	yin1
𬘩	ting1
𬘫	huan2
𬘬	qian4
𬘭	chen1/lin2
𬘯	zhun3
𬙂	yan3
𬙊	mo4
𬙋	xiang1
𬜬	man4
𬜯	liang3
𬞟	pin2
𬟁	yi4
𬟽	dong1
𬣙	xu1
𬣞	zhu3
𬣡	jian4
𬣳	hen3
𬤇	yin1
𬤊	shi4
𬤝	hui4
𬨂	qi2
𬨎	you2
𬩽	xun2
𬪩	nong2
𬬩	yi4
𬬭	lun2
𬬮	chang3
𬬱	jin1
𬬸	shu4
𬬹	shen2
𬬻	lu2
𬬿	zhao1
𬭁	mu3
𬭊	du4
𬭎	hong2
𬭚	chun2/dui4
𬭛	bo1
𬭤	hou2
𬭩	weng1
𬭬	hui4
𬭯	pie3
𬭳	xi3
𬭶	hei1
𬭸	lin2
𬭼	sui4
𬮱	yin1
𬮿	gai4
𬯀	ji1
𬯎	tui2
𬱖	di2
𬱟	wei3
𬳵	pi1
𬳶	jiong1
𬳽	shen1
𬳿	tu2
𬴂	fei1
𬴃	huo1
𬴊	lin2
𬶋	ju1
𬶍	tuo2
𬶏	wei2
𬶐	zhao4
𬶟	la4
𬶠	lian4
𬶨	ji4
𬶭	ji4
𬶮	xi3
𬷕	bu3
𬸘	yan3
𬸚	yue4
𬸣	xian1
𬸦	zhuo2
𬸪	fan2
𬹼	xie4
𬺈	yi3
𬺓	chu3
㐀	qiu1
㐁	tian4
㐄	kua4
㐅	wu3
㐆	yin3
㐌	yi2
㐖	xie2
㐜	chou2
㐡	nuo4
㐤	dan1
㐨	xu4
㐩	xing2
㐫	xiong1
㐬	liu2
㐭	lin3
㐮	xiang1
㐯	yong1
㐰	xin4
㐱	zhen3
㐲	dai4
㐳	wu4
㐴	pan1
㐵	ru2
㐷	ma3
㐸	qian4
㐹	yi4
㐺	yin2
㐻	nei4
㐼	cheng4
㐽	feng1
㑁	zhuo1
㑂	fang3
㑃	ao3
㑄	wu3
㑅	zuo4
㑈	dong4
㑉	su4
㑋	qiong2
㑌	kuang1
㑍	lei4
㑎	nao3
㑏	zhu4
㑐	shu1
㑔	xu3
㑗	shen1
㑘	jie4
㑙	die2
㑚	nuo2
㑛	su4
㑜	yi4
㑝	long4
㑞	ying4
㑟	beng3
㑣	lan2
㑤	miao2
㑥	yi4
㑦	li4
㑧	ji4
㑨	yu3
㑩	luo2
㑪	chai2
㑮	hun2
㑯	xu3
㑰	hui4
㑱	rao3
㑳	zhou4
㑵	han4
㑶	xi4
㑷	tai4
㑸	yao2
㑹	hui4
㑺	jun4
㑻	ma4
㑼	lve4
㑽	tang2
㑾	yao2
㑿	zhao4
㒀	zhai1
㒁	yu3
㒂	zhuo2
㒃	er4
㒄	ran3
㒅	qi3
㒆	chi4
㒇	wu3
㒈	han4
㒉	tang3
㒊	se4
㒋	si1
㒌	qiong2
㒍	lei2
㒎	sa4
㒑	kui3
㒒	pu2
㒓	ta4
㒔	shu2
㒕	yang1
㒖	ou3
㒗	tai2
㒙	mian2
㒚	yin4
㒛	diao4
㒜	yu3
㒝	mie4
㒞	jun4
㒟	niao3
㒠	xie4
㒡	you2
㒤	che4
㒥	feng1
㒦	lei3
㒧	li4
㒩	luo3
㒫	ji4
㒰	quan2
㒲	cai2
㒳	liang3
㒴	gu3
㒵	mao4
㒷	gua3
㒸	sui4
㒻	mao4
㒼	man2
㒽	quan1
㒾	shi4
㒿	li2
㓁	wang3
㓂	kou4
㓃	du4
㓄	zhen4
㓅	ting1
㓈	bing4
㓉	huo4
㓊	dong4
㓋	gong4
㓌	cheng1
㓎	qin1
㓏	jiong3
㓐	lu4
㓑	xing4
㓓	nan2
㓔	xie4
㓖	bi4
㓗	jie2
㓘	su4
㓚	gong1
㓜	you4
㓝	xing2
㓞	qia4
㓟	pi2
㓠	dian4
㓡	fu3
㓢	luo4
㓣	qia4
㓤	qia4
㓥	tang1
㓦	bai1
㓧	gan1
㓨	ci2
㓩	xuan1
㓪	lang3
㓭	she2
㓮	diao1
㓯	li2
㓰	hua4
㓱	tou2
㓲	pian1
㓳	di1
㓴	ruan3
㓵	e4
㓶	qie4
㓷	yi4
㓸	zhuo1
㓹	rui4
㓺	jian1
㓼	chi4
㓽	chong2
㓾	xi1
㔀	lve4
㔁	deng1
㔂	lin2
㔃	jue2
㔄	su4
㔅	xiao4
㔆	zan4
㔉	zhu3
㔊	zhan3
㔋	jian1
㔌	zou4
㔍	chua1
㔎	xie4
㔏	li4
㔑	chi4
㔒	xi2
㔓	jian3
㔕	ji2
㔗	fei4
㔘	chu4
㔙	beng1
㔚	jie2
㔜	ba2
㔝	liang3
㔞	kuai4
㔠	xia1
㔡	bie1
㔢	jue2
㔣	lei2
㔤	xin4
㔥	bai4
㔦	yang3
㔧	lv4
㔨	bei4
㔩	e4
㔪	lu3
㔭	che4
㔮	nuo2
㔯	xuan2
㔰	heng2
㔱	yu3
㔳	gui3
㔴	yi4
㔵	xuan3
㔶	gong4
㔷	lou4
㔸	ti1
㔹	le4
㔺	shi4
㔼	sun3
㔽	yao4
㔾	xian1
㔿	zou4
㕁	que4
㕂	yin2
㕃	xi1
㕄	zhi3
㕅	jia2
㕆	hu4
㕇	la1
㕈	yi3
㕉	ke4
㕊	fu1
㕋	qin2
㕌	ai4
㕎	ke4
㕏	chu2
㕐	xie3
㕑	chu2
㕒	wei1
㕕	huan4
㕖	su4
㕗	you4
㕙	jun4
㕚	zhao3
㕛	xu4
㕜	shi3
㕞	shua1
㕟	kui4
㕠	shuang1
㕡	he2
㕢	gai4
㕣	yan3
㕤	qiu2
㕥	shen1
㕦	hua4
㕧	xi1
㕨	fan4
㕩	pang4
㕪	dan3
㕫	fang3
㕬	gong1
㕭	ao1
㕯	ne4
㕰	xue4
㕱	you2
㕲	hua2
㕴	chen2
㕵	guo2
㕶	n3/ng3
㕷	hua4
㕸	li4
㕹	fa2
㕺	xiao1
㕻	pou3
㕽	si4
㖀	le4
㖁	lin4
㖂	yi4
㖃	hou3
㖅	xu4
㖆	qu2
㖇	er2
㖊	xun2
㖏	nie4
㖐	wei3
㖑	xie4
㖒	ti2
㖓	hong2
㖔	tun3
㖕	nie4
㖖	nie4
㖗	yin2
㖘	zhen1
㖞	wai1
㖟	shou4
㖠	nuo4
㖡	ye4
㖢	qi2
㖣	tou4
㖤	han2
㖥	jun4
㖦	dong3
㖧	hun1
㖨	lu4
㖩	ju1
㖪	huo4
㖫	ling2
㖭	tian3
㖮	lun2
㖵	ge2
㖶	yan1
㖷	shi2
㖸	xue2
㖹	pen1
㖺	chun3
㖻	niu2
㖼	duo3
㖽	ze2
㖾	e4
㖿	xie2
㗀	you1
㗁	e4
㗂	sheng3
㗃	wen3
㗄	ku1
㗅	hu2
㗆	ge2
㗇	xia2
㗈	man4
㗉	lve4
㗊	ji2
㗋	hou2
㗌	zhi4
㗏	wai1
㗑	bai
㗒	ai4
㗓	zhui1
㗔	qian1
㗕	gou4
㗖	dan4
㗗	bei1
㗘	bo2
㗙	chu1
㗚	li4
㗛	xiao4
㗜	xiu4
㗢	hong2
㗣	ti4
㗤	cu4
㗥	kuo4
㗦	lao2
㗧	zhi4
㗨	xie1
㗩	xi1
㗫	qie4
㗬	zha1
㗭	xi1
㗰	cong2
㗱	ji2
㗲	huo4
㗳	ta3
㗴	yan2
㗵	xu4
㗶	po1
㗷	sai3
㗻	guo1
㗼	ye4
㗽	xiang3
㗾	xue1
㗿	he2
㘀	zuo4
㘁	yi4
㘂	ci2
㘄	leng1
㘅	xian2
㘆	tai3
㘇	rong2
㘈	yi4
㘉	zhi4
㘊	xi1
㘋	xian2
㘌	ju4
㘍	ji2
㘐	pao4
㘑	li4
㘓	lan2
㘔	sai3
㘕	han3
㘖	yan2
㘗	qu1
㘙	yan2
㘚	han3
㘛	kan1
㘜	chi3
㘝	nie4
㘞	huo4
㘠	bi4
㘡	xia2
㘢	weng3
㘣	xuan2
㘤	wan1
㘥	you2
㘦	qin2
㘧	xu4
㘨	nie4
㘩	bi4
㘪	hao4
㘫	jing3
㘬	ao4
㘭	ao4
㘰	zhen1
㘱	tan1
㘲	ju2
㘴	zuo4
㘵	bu4
㘶	jie2
㘷	ai4
㘸	zang4
㘹	ci2
㘺	fa2
㘿	nie4
㙀	liu4
㙁	mei2
㙂	dui4
㙃	bang1
㙄	bi4
㙅	bao3
㙇	chu4
㙈	xia4
㙉	tian3
㙊	chang2
㙎	wei1
㙏	fu4
㙐	duo3
㙑	yu3
㙒	ye3
㙓	kui2
㙔	wei3
㙕	kuai4
㙗	wei1
㙙	long3
㙚	xing1
㙛	bu3
㙜	chi2
㙝	xie2
㙞	nie4
㙟	lang3
㙠	yi1
㙡	zong1
㙢	man2
㙣	zhang4
㙤	xia4
㙥	gun4
㙨	ji4
㙩	liao2
㙪	yi4
㙫	ji2
㙬	yin2
㙮	da1
㙯	yi4
㙰	xie4
㙱	hao4
㙲	yong3
㙳	kan3
㙴	chan4
㙵	tai2
㙶	tang2
㙷	zhi2
㙸	bao4
㙹	meng2
㙺	kui2
㙻	chan2
㙼	lei3
㙾	xi4
㚀	xi1
㚁	qiao4
㚂	nang4
㚃	yun1
㚅	long2
㚆	fu4
㚇	zong1
㚉	gu3
㚊	kai1
㚋	diao1
㚌	hua4
㚍	kui3
㚏	gao3
㚐	tao4
㚒	shan3
㚓	lai3
㚔	nie4
㚕	fu2
㚖	gao3
㚗	qie2
㚘	ban4
㚙	jia1
㚚	kong1
㚛	xi4
㚜	yu4
㚝	zhui1
㚞	shen3
㚟	chuo4
㚠	xiao1
㚡	ji3
㚢	nu2
㚣	xiao2
㚤	yi4
㚥	yu2
㚦	yi2
㚧	yan3
㚨	shen3
㚩	ran3
㚪	hao4
㚫	sa4
㚬	jun1
㚭	you2
㚯	xin2
㚰	pei1
㚱	qiu1
㚲	chan1
㚴	bu4
㚵	dong1
㚶	si4
㚷	er3
㚹	mao3
㚺	yun4
㚻	ji1
㚽	qiao3
㚾	xiong1
㚿	pao2
㛀	chu2
㛁	peng1
㛂	nuo3
㛄	yi1
㛅	er4
㛆	duo4
㛊	duo3
㛍	qie4
㛎	lv3
㛏	qiu2
㛐	sou3
㛑	can4
㛒	dou4
㛓	xi1
㛔	feng1
㛕	yi4
㛖	suo1
㛗	qie1
㛘	po4
㛙	xin1
㛛	xin4
㛜	you2
㛝	bei4
㛞	long4
㛣	yun2
㛤	li2
㛥	ta4
㛦	lan3
㛧	man3
㛨	qiang3
㛩	zhou2
㛪	yan4
㛫	xi1
㛬	lu4
㛭	xi1
㛮	sao3
㛯	fan4
㛱	wei3
㛲	fa4
㛳	yi4
㛴	nao3
㛵	cheng1
㛶	tan4
㛷	ji1
㛸	shu4
㛺	an1
㛻	kua1
㛼	cha1
㛾	xian2
㛿	zhi4
㜂	feng1
㜃	lian4
㜄	xun2
㜅	xu4
㜆	mi4
㜇	hui4
㜈	mu4
㜉	yong1
㜊	zhan3
㜋	yi4
㜌	nou3
㜍	tang2
㜎	xi1
㜏	yun2
㜐	shu4
㜑	fu2
㜒	yi4
㜓	da2
㜕	lian2
㜖	cao2
㜗	can1
㜘	ju4
㜙	lu4
㜚	su4
㜛	nen4
㜜	ao4
㜝	an3
㜞	qian4
㜠	cui1
㜡	cong1
㜣	ran2
㜤	nian3
㜥	mai2
㜦	xin2
㜧	yue4
㜨	nai2
㜩	ao4
㜪	shen1
㜫	ma4
㜮	lan4
㜯	xi1
㜰	yue4
㜱	zhi4
㜲	weng3
㜳	huai2
㜴	meng4
㜵	niao3
㜶	wan3
㜷	mi2
㜸	nie4
㜹	qu2
㜺	zan4
㜻	lian4
㜼	zhi2
㜽	zi3
㜾	hai2
㜿	xu4
㝀	hao4
㝁	xuan1
㝂	zhi4
㝃	mian3
㝄	chun2
㝅	gou4
㝇	chun2
㝈	luan2
㝉	zhu4
㝊	shou3
㝋	liao3
㝌	jiu4
㝍	xie3
㝎	ding4
㝏	jie4
㝐	rong2
㝑	mang2
㝓	ke4
㝔	yao3
㝕	ning2
㝖	yi2
㝗	lang2
㝘	yong2
㝙	yin2
㝚	yan2
㝛	su4
㝝	lin2
㝞	ya1
㝟	mao2
㝠	ming2
㝡	zui4
㝢	yu3
㝣	yi4
㝤	gou4
㝥	mi3
㝦	jun4
㝧	wen3
㝩	kang1
㝪	dian4
㝫	long2
㝭	xing3
㝮	cui4
㝯	qiao2
㝰	mian2
㝱	meng4
㝲	qin3
㝴	wan2
㝵	de2
㝶	ai4
㝸	bian4
㝹	nou2
㝺	lian2
㝻	jin3
㝼	yu1
㝽	chui2
㝾	zuo3
㝿	bo3
㞀	hui1
㞁	yao4
㞂	tui3
㞃	ji4
㞄	an1
㞅	luo4
㞆	ji3
㞇	wei3
㞈	bo1
㞉	za1
㞊	xu4
㞋	nian3
㞌	yun4
㞎	ba3
㞏	zhe2
㞐	ju1
㞑	wei3
㞒	xie4
㞓	qi4
㞔	yi2
㞕	xie4
㞖	ci2
㞗	qiu2
㞘	du1
㞙	niao4
㞚	qi4
㞛	ji3
㞜	tui1
㞞	song2
㞟	dian4
㞠	lao2
㞡	zhan3
㞤	yin2
㞥	cen2
㞦	ji3
㞧	hui4
㞨	zi3
㞩	lan2
㞪	nao2
㞫	ju4
㞬	qin4
㞭	dai4
㞯	jie2
㞰	xu3
㞱	cong1
㞲	yong4
㞳	dou3
㞴	chi2
㞶	min3
㞷	huang2
㞸	sui4
㞹	ke3
㞺	zu2
㞻	hao4
㞼	cheng2
㞽	xue4
㞾	ni2
㞿	chi4
㟀	lian2
㟁	an4
㟂	mu3
㟄	xiang2
㟅	yang2
㟆	hua2
㟇	cuo4
㟈	qiu2
㟉	lao2
㟊	fu2
㟋	dui4
㟌	mang2
㟍	lang2
㟎	tuo3
㟏	han2
㟐	mang3
㟑	bo2
㟒	qun1
㟓	qi2
㟔	han2
㟖	long4
㟗	bin1
㟘	tiao2
㟙	ze2
㟚	qi2
㟛	zan4
㟜	mi2
㟝	pei2
㟞	zhan4
㟟	xiang4
㟠	gang3
㟢	qi2
㟤	lu4
㟥	cen1
㟦	yun4
㟧	e4
㟨	duan1
㟩	min2
㟪	wei1
㟫	quan2
㟬	sou3
㟭	min2
㟮	tu1
㟰	ming3
㟱	yao3
㟲	jue2
㟳	li4
㟴	kuai4
㟵	gang3
㟶	yuan2
㟷	da
㟹	lao2
㟺	lou2
㟻	qian4
㟼	ao2
㟽	biao3
㟾	yong1
㟿	mang3
㠀	dao3
㠂	ao2
㠄	xi2
㠅	fu2
㠆	dan1
㠈	run4
㠉	tong2
㠊	qu1
㠋	e4
㠌	qi1
㠍	ji2
㠎	ji2
㠏	hua2
㠐	jiao4
㠑	zui4
㠒	biao3
㠔	bai4
㠕	wei3
㠖	yi3
㠗	ao4
㠘	yu3
㠙	hao2
㠚	dui4
㠛	wo4
㠜	ni4
㠝	cuan2
㠟	li2
㠠	lu2
㠡	niao3
㠢	huai2
㠣	li4
㠥	lv4
㠦	feng1
㠧	mi3
㠨	yu4
㠪	ju4
㠭	zhan3
㠮	peng1
㠯	yi3
㠱	ji4
㠲	bi3
㠴	ren4
㠵	huang1
㠶	fan2
㠷	ge2
㠸	ku4
㠹	jie4
㠺	sha1
㠼	si1
㠽	tong2
㠾	yuan1
㠿	zi1
㡀	bi4
㡁	kua3
㡂	li4
㡃	huang1
㡄	xun2
㡅	nuo3
㡇	zhe2
㡈	wen4
㡉	xian2
㡊	qia4
㡋	ye2
㡌	mao4
㡎	shan1
㡏	shu4
㡑	qiao1
㡒	zhun1
㡓	kun1
㡔	wu4
㡕	ying1
㡖	chuang2
㡗	ti2
㡘	lian2
㡙	bi1
㡚	gou1
㡛	mang2
㡜	xie4
㡝	feng4
㡞	lou2
㡟	zao1
㡠	zheng4
㡡	chu2
㡢	man4
㡣	long2
㡥	yin4
㡦	pin1
㡧	zheng4
㡨	jian1
㡩	luan2
㡪	nie2
㡫	yi4
㡭	ji4
㡮	ji2
㡯	zhai2
㡰	yu3
㡱	jiu3
㡲	huan2
㡳	zhi3
㡴	la1
㡵	ling2
㡶	zhi3
㡷	ben3
㡸	zha4
㡹	ju1
㡺	dan4
㡻	liao4
㡼	yi4
㡽	zhao4
㡾	xian4
㡿	chi4
㢀	ci4
㢁	chi3
㢂	yan3
㢃	lang2
㢄	dou4
㢅	long4
㢆	chan2
㢈	tui2
㢉	cha2
㢊	ai3
㢋	chi3
㢍	ying3
㢎	zhe2
㢏	tou2
㢑	tui2
㢒	cha2
㢓	yao3
㢔	zong3
㢖	pan1
㢗	qiao4
㢘	lian2
㢙	qin2
㢚	lu3
㢛	yan4
㢜	kang4
㢝	su1
㢞	yi4
㢟	chan1
㢠	jiong3
㢡	jiang3
㢣	jing4
㢥	dong4
㢧	juan4
㢨	han4
㢩	di4
㢬	hong2
㢮	chi2
㢯	diao1
㢰	bi4
㢲	xun4
㢳	lu2
㢵	xie2
㢶	bi4
㢸	bi4
㢺	xian2
㢻	rui4
㢼	bie4
㢽	er3
㢾	juan4
㣀	zhen4
㣁	bei4
㣂	e4
㣃	yu3
㣄	qu2
㣅	zan4
㣆	mi2
㣇	yi4
㣈	si4
㣌	shan4
㣍	tai2
㣎	mu4
㣏	jing4
㣐	bian4
㣑	rong2
㣒	ceng4
㣓	can4
㣔	ding1
㣙	di2
㣚	tong3
㣛	ta4
㣜	xing2
㣝	song1
㣞	duo2
㣟	xi4
㣠	tao1
㣢	ti2
㣣	shan4
㣤	jian4
㣥	zhi4
㣦	wei1
㣧	yin4
㣪	huan3
㣫	zhong3
㣬	qi4
㣭	zong1
㣯	xie4
㣰	xie4
㣱	ze2
㣲	wei2
㣵	ta4
㣶	zhan1
㣷	ning4
㣺	xin1
㣻	yi4
㣼	ren3
㣽	shu4
㣾	cha4
㣿	zhuo2
㤁	mian3
㤂	ji2
㤃	fang2
㤄	pei4
㤅	ai4
㤆	fan4
㤇	ao3
㤈	qin4
㤉	qia1
㤊	xiao4
㤋	fen1
㤌	gan1
㤍	qiao1
㤎	ge1
㤏	tong2
㤐	chan1
㤑	you4
㤒	gao1
㤓	ben4
㤔	fu4
㤕	chu4
㤖	zhu4
㤚	hang2
㤛	nin2
㤜	jue2
㤝	chong1
㤞	cha4
㤟	kong3
㤠	lie4
㤡	li4
㤢	yu4
㤤	yu2
㤥	hai4
㤦	li4
㤧	hou2
㤨	gong3
㤩	ke4
㤪	yuan4
㤫	de2
㤬	hui4
㤭	jiao1
㤮	guang4
㤯	jiong3
㤰	zuo4
㤱	fu4
㤲	qie4
㤳	bei3
㤴	che4
㤵	ci2
㤶	mang2
㤷	han1
㤸	xi4
㤹	qiu2
㤺	huang3
㤽	chou2
㤾	san4
㤿	yan1
㥀	zhi2
㥁	de2
㥂	te4
㥃	men4
㥅	shou4
㥆	tui4
㥇	can2
㥈	die2
㥉	che4
㥊	peng2
㥋	yi1
㥌	ju2
㥍	ji4
㥎	lai2
㥏	tian3
㥐	yuan4
㥒	cai3
㥓	qi1
㥔	yu4
㥕	lian2
㥖	cong1
㥚	yu2
㥛	ji2
㥜	wei4
㥝	mi3
㥞	sui4
㥟	xie2
㥠	xu1
㥡	chi4
㥢	qiu2
㥣	hui4
㥥	yu2
㥦	qie4
㥧	shun4
㥨	shui4
㥩	duo3
㥪	lou2
㥬	pang2
㥭	tai4
㥮	zhou4
㥯	yin3
㥰	sao1
㥱	fei3
㥲	chen1
㥳	yuan2
㥴	yi2
㥵	hun4
㥶	se4
㥷	ye4
㥸	min3
㥹	fen3
㥺	he2
㥼	yin4
㥽	ce4
㥾	ni4
㥿	ao4
㦀	feng2
㦁	lian2
㦂	chang2
㦃	chan3
㦄	ma2
㦅	die1
㦆	hu1
㦇	lu4
㦈	ai4
㦉	yi4
㦊	hua2
㦋	zha1
㦌	hu1
㦍	e4
㦎	huo4
㦏	sun3
㦐	ni4
㦑	xian4
㦒	li2
㦓	xian4
㦔	yan4
㦕	long2
㦖	men4
㦗	jin1
㦘	ji1
㦚	bian3
㦛	yu3
㦜	huo4
㦝	miao3
㦞	chou2
㦟	mai2
㦡	le4
㦢	jie2
㦣	wei4
㦤	yi4
㦥	xuan1
㦦	xi4
㦧	can3
㦨	lan2
㦩	yin3
㦪	xie4
㦫	za1
㦬	luo3
㦭	ling2
㦮	qian2
㦯	huo4
㦰	jian1
㦱	wo3
㦴	ge2
㦵	zhu1
㦶	die2
㦷	yong3
㦸	ji3
㦹	yang2
㦺	ru4
㦻	xi2
㦼	shuang4
㦽	yu4
㦾	yi2
㦿	qian3
㧀	ji2
㧁	qu4
㧂	tian2
㧃	shou1
㧄	qian3
㧅	mu4
㧆	jin1
㧇	mao3
㧈	yin3
㧉	gai4
㧊	po1
㧋	xuan3
㧌	mao4
㧍	fang3
㧎	ya2
㧏	gang1
㧒	yu4
㧓	gua1
㧔	guai4
㧕	liu3
㧖	e4
㧗	zi3
㧘	zi4
㧙	bi4
㧚	wa3
㧛	lan3
㧜	lie4
㧡	hai4
㧢	yin1
㧣	zhu1
㧤	chong4
㧥	xian3
㧦	xuan4
㧨	qiu2
㧩	pei4
㧪	gui3
㧫	er2
㧬	gong3
㧭	qiong2
㧮	hu1
㧯	lao3
㧰	li4
㧱	chen4
㧲	san3
㧳	zhuo4
㧴	wo3
㧵	pou2
㧶	keng1
㧷	tun4
㧸	peng1
㧹	te4
㧺	ta4
㧻	zhuo2
㧼	biao4
㧽	gu4
㧾	hu1
㨀	bing3
㨁	zhi4
㨂	dong3
㨃	dui3
㨄	zhou1
㨅	nei4
㨆	lin3
㨇	po2
㨈	ji3
㨉	min2
㨊	wei3
㨋	che3
㨌	gou4
㨍	bang1
㨎	ru2
㨏	tan1
㨐	bu3
㨑	zong1
㨒	kui1
㨓	lao2
㨔	han4
㨕	ying2
㨖	zhi4
㨗	jie2
㨘	xing3
㨙	xie2
㨚	xun2
㨛	shan3
㨜	qian2
㨝	xie1
㨞	su4
㨟	hai1
㨠	mi4
㨡	hun2
㨢	pi1
㨤	hui4
㨥	na4
㨦	song3
㨧	ben4
㨨	chou1
㨩	jie2
㨪	huang4
㨫	lan3
㨭	hu4
㨮	dou1
㨯	huo4
㨰	gun3
㨱	yao2
㨲	ce4
㨳	gui3
㨴	jian4
㨵	jian3
㨶	dao3
㨷	jin4
㨸	ma4
㨹	hui4
㨺	mian3
㨻	can2
㨼	lve4
㨽	pi4
㨾	yang4
㨿	ju4
㩀	ju4
㩁	que4
㩃	qian1
㩄	shai1
㩆	jiu4
㩇	huo4
㩈	yun3
㩉	da2
㩊	xuan1
㩋	xiao1
㩌	fei4
㩍	ce4
㩎	ye4
㩐	den4
㩒	qin2
㩓	hui3
㩔	tun2
㩖	qiang2
㩗	xi2
㩘	ni3
㩙	sai1
㩚	meng2
㩛	tuan2
㩜	lan3
㩝	hao2
㩞	ci4
㩟	zhai4
㩠	ao1
㩡	luo3
㩢	mie4
㩤	fu1
㩦	xie2
㩧	bo2
㩨	hui4
㩩	qing3
㩪	xie2
㩭	bo2
㩮	qian2
㩯	po2
㩰	jiao3
㩱	jue2
㩲	kun3
㩳	song3
㩴	ju2
㩵	e4
㩶	nie4
㩷	qian1
㩸	die2
㩹	die2
㩻	qi1
㩼	zhi1
㩽	qi2
㩾	zhui4
㩿	ku1
㪀	yu2
㪁	qin2
㪂	ku1
㪃	he2
㪄	fu2
㪅	geng4/geng1
㪆	di3
㪇	xian4
㪈	gui4
㪉	he2
㪊	qun2
㪋	han4
㪌	tong3
㪍	bo2
㪎	shan3
㪏	bi3
㪐	lu4
㪑	ye4
㪒	ni2
㪓	chuai2
㪔	san4
㪕	diao4
㪖	lu4
㪗	tou3
㪘	lian3
㪙	ke3
㪚	san4
㪛	zhen3
㪜	chuai3
㪝	lian4
㪞	mao4
㪠	qian1
㪡	kai4
㪢	shao3
㪣	xiao1
㪤	bi4
㪥	zha1
㪦	yin4
㪧	xi1
㪨	shan4
㪩	su4
㪪	sa4
㪫	rui4
㪬	chuo1
㪭	lu2
㪮	ling2
㪯	cha2
㪱	huan4
㪴	jia2
㪵	ban4
㪶	hu2
㪷	dou3
㪹	lou3
㪺	ju1
㪻	juan4
㪼	ke3
㪽	suo3
㪾	luo4
㪿	zhe2
㫀	ding3
㫁	duan4
㫂	zhu4
㫃	yan3
㫄	pang2
㫅	cha2
㫊	yi3
㫍	you2
㫎	hui1
㫏	yao3
㫐	yao3
㫑	zhi3
㫒	gong3
㫓	qi3
㫔	gen4
㫗	hou4
㫘	mi4
㫙	fu2
㫚	hu1
㫛	guang4
㫜	tan3
㫝	di1
㫟	yan2
㫢	qu4
㫤	chang3
㫥	ming3
㫦	tao1
㫧	bao4
㫨	an1
㫫	xian3
㫯	mao4
㫱	nan3
㫲	bei4
㫳	chen2
㫵	fei1
㫶	zhou3
㫷	ji1
㫸	jie1
㫹	shu4
㫻	kun4
㫼	die2
㫽	lu4
㬂	yu2
㬃	tai2
㬄	chan4
㬅	man4
㬆	min3
㬇	huan4
㬈	wen1
㬉	nuan3
㬋	hou2
㬌	jing4
㬍	bo2
㬏	li4
㬐	jin4
㬒	mang3
㬓	piao4
㬔	hao2
㬕	yang2
㬗	xian4
㬘	su4
㬙	wei3
㬛	xi1
㬜	jin4
㬝	ceng2
㬞	he4
㬟	fen1
㬠	shai4
㬡	ling2
㬣	dui4
㬤	qi1
㬥	pu4
㬦	yue4
㬧	bo2
㬩	hui4
㬪	die2
㬫	yan4
㬬	ju4
㬭	jiao4
㬮	nan4
㬯	lie4
㬰	yu2
㬱	ti4
㬲	tian1
㬳	wu3
㬴	hong3
㬵	xiao2
㬶	hao4
㬸	tiao1
㬹	zheng1
㬻	huang1
㬼	fu4
㬿	tun1
㭁	reng2
㭂	jiao3
㭄	xin4
㭇	yuan4
㭈	jue2
㭉	hua2
㭋	bang4
㭌	mou2
㭏	wei3
㭑	mei4
㭒	si4
㭓	bian4
㭔	lu2
㭘	ge2
㭙	zhe2
㭚	lv3
㭛	pai4
㭜	rong2
㭝	qiu2
㭞	lie4
㭟	gong3
㭠	xian3
㭡	xi4
㭢	xin1
㭤	niao3
㭨	xie2
㭩	lie4
㭪	fu1
㭫	cuo2
㭬	zhuo2
㭭	ba1
㭮	zuo4
㭯	zhe2
㭰	zui1
㭱	he2
㭲	ji2
㭴	jian1
㭸	tu2
㭹	xian2
㭺	yan3
㭻	tang2
㭼	ta4
㭽	di3
㭾	jue2
㭿	ang2
㮀	han2
㮁	xiao2
㮂	ju2
㮃	wei1
㮄	bang3
㮅	zhui1
㮆	nie4
㮇	tian4
㮈	nai4
㮋	you3
㮌	mian2
㮏	nai4
㮐	sheng3
㮑	cha1
㮒	yan1
㮓	gen4
㮔	chong4
㮕	ruan3
㮖	jia2
㮗	qin2
㮘	mao2
㮙	e4
㮚	li4
㮛	chi2
㮜	zang1
㮝	he2
㮞	jie2
㮟	nian3
㮡	guan4
㮢	hou2
㮣	gai4
㮥	ben4
㮦	suo3
㮧	wu1
㮨	ji4
㮩	xi1
㮪	qiong2
㮫	he2
㮬	weng1
㮭	xian2
㮮	jie2
㮯	hun2
㮰	pi2
㮱	shen1
㮲	chou1
㮳	zhen4
㮵	zhan1
㮶	shuo4
㮷	ji1
㮸	song4
㮹	zhi3
㮺	ben3
㮿	bi4
㯀	xuan4
㯁	pei2
㯂	dai4
㯃	qi1
㯄	zhi1
㯅	pi2
㯆	chan3
㯇	bi4
㯈	su4
㯉	huo4
㯊	hen2
㯋	jiong3
㯌	chuan2
㯍	jiang3
㯎	nen4
㯏	gu3
㯐	fang3
㯓	ta4
㯔	cui4
㯕	xi1
㯖	de2
㯗	xian2
㯘	kuan3
㯙	zhe2
㯚	ta1
㯛	hu2
㯜	cui4
㯝	lu4
㯞	juan4
㯟	lu4
㯠	qian4
㯡	pao4
㯢	zhen4
㯤	li4
㯥	cao2
㯦	qi2
㯩	ti4
㯪	ling2
㯫	qu2
㯬	lian3
㯭	lu3
㯮	shu2
㯯	gong4
㯰	zhe2
㯱	pao1
㯲	jin4
㯳	qing2
㯶	zong1
㯷	pu2
㯸	jin3
㯹	biao3
㯺	jian4
㯻	gun3
㯽	bin1
㯾	zao1
㯿	lie4
㰁	luo3
㰂	shen3
㰃	mian2
㰄	jian4
㰅	di2
㰆	bei4
㰈	lian3
㰊	xian2
㰋	pin2
㰌	que4
㰍	long2
㰎	zui4
㰐	jue2
㰑	shan1
㰒	xue2
㰔	xie4
㰖	lan3
㰗	qi2
㰘	yi2
㰙	nuo2
㰚	li2
㰛	yue4
㰝	yi3
㰞	chi1
㰟	ji4
㰠	hang1
㰡	xie4
㰢	keng1
㰣	zi1
㰤	he1
㰥	xi4
㰦	qu4
㰧	hai1
㰨	xia1
㰩	hai1
㰪	gui1
㰫	chan1
㰬	xun2
㰭	xu1
㰮	shen4
㰯	kou4
㰰	xia1
㰱	sha4
㰲	yu1
㰳	ya4
㰴	pou3
㰵	zu2
㰶	you3
㰷	zi4
㰸	lian3
㰹	xian1
㰺	xia4
㰻	yi3
㰼	sha4
㰽	yan4
㰾	jiao4
㰿	xi1
㱀	chi3
㱁	shi4
㱂	kang1
㱃	yin3
㱄	hei1
㱅	yi4
㱆	xi1
㱇	se4
㱈	jin4
㱉	ye4
㱊	you1
㱋	que4
㱌	ye2
㱍	luan2
㱎	kun1
㱏	zheng4
㱔	xie1
㱖	cui4
㱗	xiu1
㱘	an4
㱙	xiu3
㱚	can2
㱛	chuan3
㱜	zha2
㱞	yi4
㱟	pi1
㱠	ku1
㱡	sheng1
㱢	lang2
㱣	tui3
㱤	xi1
㱥	ling2
㱦	qi1
㱧	wo4
㱨	lian4
㱩	du2
㱪	men4
㱫	lan4
㱬	wei3
㱭	duan4
㱮	kuai4/hui4
㱯	ai2
㱰	zai3
㱱	hui4
㱲	yi4
㱳	mo4
㱴	zi4
㱵	fen4
㱶	peng2
㱸	bi4
㱹	li4
㱺	lu2
㱻	luo4
㱼	hai1
㱽	zhen3
㱾	gai1
㱿	que4
㲀	zhen1
㲁	kong1
㲂	cheng2
㲃	jiu4
㲄	jue2
㲅	ji4
㲆	ling2
㲈	shao2
㲉	que4
㲊	rui4
㲋	chuo4
㲌	neng4
㲍	zhi1
㲎	lou2
㲏	pao1
㲒	bao4
㲓	rong2
㲔	xian1
㲕	lei4
㲖	xiao1
㲗	fu1
㲘	qu2
㲚	sha1
㲛	zhi3
㲜	tan2
㲝	rong3
㲞	su1
㲟	ying3
㲠	mao2
㲡	nai4
㲢	bian4
㲤	shuai1
㲥	tang2
㲦	han4
㲧	sao4
㲨	rong2
㲪	deng1
㲫	pu2
㲬	jiao1
㲭	tan3
㲯	ran2
㲰	ning2
㲱	lie4
㲲	die2
㲳	die2
㲴	zhong4
㲶	lv4
㲷	dan4
㲸	xi1
㲹	gui3
㲺	ji2
㲻	ni4
㲼	yi4
㲽	nian4
㲾	yu3
㲿	wang3
㳀	guo4
㳁	ze4
㳂	yan2/yan4
㳃	cui4
㳄	xian2
㳅	jiao3
㳆	tou3
㳈	pei4
㳊	you1
㳋	qiu1
㳌	ya1
㳍	bu4
㳎	bian4
㳏	shi4
㳐	zha2
㳑	yi4
㳒	bian4
㳔	dui4
㳕	lan2
㳖	yi1
㳗	chai4
㳙	xuan4
㳛	yu2
㳜	xiu1
㳠	ta4
㳡	guo1
㳥	long4
㳦	xie4
㳧	che4
㳨	jian3
㳩	tan1
㳪	pi4
㳫	zan3
㳬	xuan2
㳭	xian2
㳮	niao4
㳴	mi4
㳵	ji4
㳶	nou3
㳷	hu1
㳸	hua1
㳹	wang3
㳺	you2
㳻	ze2
㳼	bi4
㳽	mi3
㳾	qiang1
㳿	xie4
㴀	fan4
㴁	yi4
㴂	tan1
㴃	lei4
㴄	yong3
㴆	jin4
㴇	she4
㴈	yin4
㴉	ji3
㴋	su4
㴎	nai4
㴏	wang3
㴐	mian4
㴑	su4
㴒	yi4
㴓	shai1
㴕	ji2
㴖	luo4
㴗	you1
㴘	mao4
㴙	zha3
㴚	sui4
㴛	zhi4
㴜	bian4
㴝	li2
㴥	qiao4
㴦	guan4
㴧	xi1
㴨	zhen4
㴩	yong1
㴪	nie4
㴫	jun4
㴬	xie4
㴭	yao3
㴮	xie4
㴯	zhi1
㴰	neng2
㴲	si1
㴳	long3
㴴	chen2
㴵	mi4
㴶	que4
㴷	dan1
㴸	shan3
㴼	su4
㴽	xie4
㴾	bo2
㴿	ding3
㵀	zu2
㵂	shu4
㵃	she2
㵄	han4
㵅	tan1
㵆	gao3
㵊	na4
㵋	mi4
㵌	xun2
㵍	men4
㵎	jian4
㵏	cui3
㵑	he4
㵒	fei4
㵓	shi2
㵔	che3
㵕	shen4
㵖	nv4
㵗	ping2
㵘	man4
㵝	yi4
㵞	chou2
㵠	ku1
㵡	bao2
㵢	lei2
㵣	ke3
㵤	sha4
㵥	mi4
㵦	sui2
㵧	ge2
㵨	pi4
㵩	yi4
㵪	xian2
㵫	ni4
㵬	ying2
㵭	zhu3
㵮	chun2
㵯	feng2
㵰	xu4
㵱	piao3
㵲	wu3
㵳	liao2
㵴	cang2
㵵	zou4
㵶	zuo1
㵷	bian4
㵸	yao4
㵹	huan2
㵺	pai4
㵻	xiu1
㵽	lei3
㵾	qing4
㵿	xiao4
㶀	jiao1
㶁	guo2
㶄	yan2
㶅	xue2
㶆	zhu1
㶇	heng2
㶈	ying2
㶉	xi1
㶌	lian2
㶍	xian3
㶎	huan2
㶏	yin1
㶑	lian4
㶒	shan3
㶓	cang2
㶔	bei4
㶕	jian3
㶖	shu4
㶗	fan4
㶘	dian4
㶚	ba4
㶛	yu2
㶞	nang3
㶟	lei3
㶠	yi4
㶡	dai4
㶣	chan2
㶤	chao3
㶥	gan1
㶦	jin4
㶧	nen4
㶫	liao3
㶬	mo4
㶭	you3
㶯	liu4
㶰	han2
㶳	jin4
㶴	chi3
㶵	ren4
㶶	nong2
㶹	hong4
㶺	tian4
㶼	ai1
㶽	gua1
㶾	biao1
㶿	bo2
㷀	qiong2
㷂	shu4
㷃	chui3
㷄	hui3
㷅	chao3
㷆	fu4
㷇	hui1
㷈	e4
㷉	wei4
㷊	fen2
㷋	tan2
㷍	lun2
㷎	he4
㷏	yong3
㷐	hui3
㷒	yu2
㷓	zong3
㷔	yan4
㷕	qiu2
㷖	zhao4
㷗	jiong3
㷘	tai2
㷟	tui4
㷠	lin2
㷡	jiong3
㷢	zha3
㷣	xing1
㷤	hu4
㷦	xu4
㷪	cui4
㷫	qing3
㷬	mo4
㷮	zao1
㷯	beng4
㷰	chi1
㷳	yan4
㷴	ge2
㷵	mo4
㷶	bei4
㷷	juan3
㷸	die2
㷹	zhao4
㷻	wu2
㷼	yan4
㷾	jue2
㷿	xian1
㸀	tai2
㸁	han3
㸃	dian3
㸄	ji4
㸅	jie2
㸇	zuan3
㸉	xie4
㸊	lai4
㸋	fan2
㸍	xi4
㸎	nie4
㸏	mi2
㸐	ran2
㸑	cuan4
㸒	yin2
㸓	mi4
㸕	jue2
㸖	qu1
㸗	tong2
㸘	wan4
㸙	zhe1
㸚	li3
㸛	shao2
㸜	kong4
㸝	xian1
㸞	zhe2
㸟	zhi1
㸠	tiao3
㸡	shu1
㸢	bei4
㸣	ye4
㸤	pian4
㸥	chan4
㸦	hu4
㸧	ken4
㸨	jiu1
㸩	an1
㸪	chun2
㸫	qian2
㸬	bei4
㸭	ba1
㸮	fen2
㸯	ke1
㸰	tuo2
㸱	tuo2
㸲	zuo2
㸳	ling2
㸵	gui3
㸶	yan1
㸷	shi4
㸸	hou3
㸹	lie4
㸺	sha1
㸻	si4
㸽	bei4
㸾	ren4
㸿	du2
㹀	bo2
㹁	liang2
㹂	qian3
㹃	fei4
㹄	ji4
㹅	zong3
㹆	hui1
㹇	he2
㹈	li2
㹉	yuan2
㹊	yue4
㹋	xiu1
㹌	chan3
㹍	di2
㹎	lei2
㹏	jin3
㹐	chong2
㹑	si4
㹒	pu3
㹓	yao3
㹔	jiang1
㹕	huan1
㹖	huan4
㹗	tao1
㹘	ru4
㹙	weng3
㹚	ying2
㹛	rao2
㹜	yin2
㹝	shi4
㹞	yin2
㹟	jue2
㹠	tun2
㹡	xuan2
㹢	jia1
㹣	zhong1
㹤	qie4
㹥	zhu4
㹦	diao1
㹨	you4
㹫	yi2
㹬	shi3
㹭	yi4
㹮	mo4
㹱	que4
㹲	xiao1
㹳	wu2
㹴	geng1
㹵	ying3
㹶	ting2
㹷	shi3
㹸	ni2
㹹	geng1
㹺	ta4
㹻	wo1
㹼	ju2
㹽	chan3
㹾	piao3
㹿	zhuo2
㺀	hu1
㺁	nao3
㺂	yan2
㺃	gou3
㺅	hou2
㺇	si1
㺈	chi1
㺉	hu4
㺊	yang4
㺋	weng1
㺌	xian4
㺍	pin2
㺎	rong2
㺏	lou2
㺐	lao3
㺑	shan1
㺒	xiao1
㺓	ze2
㺔	hai4
㺕	fan2
㺖	han3
㺗	chan1
㺘	zhan4
㺚	ta3
㺛	zhu4
㺜	nong2
㺝	han4
㺞	yu2
㺟	zhuo2
㺠	you4
㺡	li4
㺢	huo4
㺣	xi1
㺤	xian1
㺥	chan2
㺦	lian2
㺨	si1
㺩	jiu4
㺪	pu2
㺫	qiu2
㺬	gong3
㺭	zi3
㺮	yu2
㺱	reng2
㺲	niu3
㺳	mei2
㺴	ba1
㺵	jiu2
㺷	xu4
㺸	ping2
㺹	bian4
㺺	mao4
㺿	yi2
㻀	yu2
㻂	ping2
㻃	qu1
㻄	bao3
㻅	hui4
㻉	bu4
㻊	mang2
㻋	la4
㻌	tu2
㻍	wu2
㻎	li4
㻏	ling2
㻑	ji4
㻒	jun4
㻓	zou1
㻔	duo3
㻕	jue2
㻖	dai4
㻗	bei4
㻝	la4
㻞	bin1
㻟	sui2
㻠	tu2
㻡	xue1
㻧	duo4
㻪	sui4
㻫	bi4
㻭	se4
㻮	can4
㻯	tu2
㻰	mian3
㻱	jin1
㻲	lv3
㻵	zhan4
㻶	bi3
㻷	ji2
㻸	zen1
㻹	xuan1
㻺	li4
㻽	sui4
㻾	yong1
㻿	shu3
㼂	e2
㼆	ying2
㼇	qiong2
㼈	luo2
㼉	zhen4
㼊	tun2
㼋	gu1
㼌	yu3
㼍	lei3
㼎	bo2
㼏	nei3
㼐	pian2
㼑	lian4
㼒	tang3
㼓	lian2
㼔	wen1
㼕	dang1
㼖	li4
㼗	ting2
㼘	wa3
㼙	zhou4
㼚	gang1
㼛	xing2
㼜	ang4
㼝	fan4
㼞	peng4
㼟	bo2
㼠	tuo2
㼡	shu1
㼢	yi2
㼣	bo2
㼤	qie4
㼥	tou3
㼦	gong3
㼧	tong2
㼨	han2
㼩	cheng2
㼪	jie2
㼫	huan4
㼬	xing4
㼭	dian4
㼮	chai1
㼯	dong4
㼰	pi2
㼱	ruan3
㼲	lie4
㼳	sheng3
㼴	ou3
㼵	di4
㼶	yu2
㼷	chuan2
㼸	rong2
㼹	kang1
㼺	tang2
㼻	cong2
㼼	piao2
㼽	chuang3
㼾	lu4
㼿	tong2
㽀	zheng4
㽁	li4
㽂	sa4
㽃	pan1
㽄	si1
㽆	dang1
㽇	hu2
㽈	yi4
㽉	xian4
㽊	xie4
㽋	luo2
㽌	liu4
㽎	tan2
㽑	tan2
㽕	you2
㽖	nan2
㽘	gang3
㽙	jun4
㽚	chi4
㽛	gou1
㽜	wan3
㽝	li4
㽞	liu2
㽟	lie4
㽠	xia2
㽡	bei1
㽢	an3
㽣	yu4
㽤	ju2
㽥	rou2
㽦	xun2
㽧	zi1
㽨	cuo2
㽩	can4
㽪	zeng3
㽫	yong1
㽬	fu4
㽭	ruan3
㽯	xi2
㽰	shu4
㽱	jiao3
㽲	jiao3
㽳	xu1
㽴	zhang4
㽷	shui4
㽸	chen2
㽹	fan3
㽺	ji2
㽻	zhi1
㽽	gu4
㽾	wu4
㾀	qie4
㾁	shu4
㾂	hai1
㾃	tuo2
㾄	du2
㾅	zi3
㾆	ran2
㾇	mu4
㾈	fu4
㾉	ling2
㾊	ji2
㾋	xiu1
㾌	xuan3
㾍	nai2
㾎	ya1
㾏	jie4
㾐	li4
㾑	da2
㾒	ru2
㾓	yuan1
㾔	lv3
㾕	shen3
㾖	li3
㾗	liang4
㾘	geng3
㾙	xin4
㾚	xie1
㾛	qin3
㾜	qie4
㾝	che4
㾞	you2
㾟	bu4
㾠	kuang2
㾡	que4
㾢	ai4
㾣	qin1
㾤	qiang1
㾥	chu4
㾦	pei4
㾧	kuo4
㾨	yi1
㾩	guai1
㾪	sheng3
㾫	pian1
㾭	zhou4
㾮	huang2
㾯	hui1
㾰	hu2
㾱	bei4
㾴	zha1
㾵	ji4
㾶	gu3
㾷	xi1
㾸	gao3
㾹	chai2
㾺	ma4
㾻	zhu4
㾼	tui3
㾽	zhui4
㾾	xian1
㾿	lang2
㿃	zhi4
㿄	ai4
㿅	xian3
㿆	guo1
㿇	xi2
㿉	tui3
㿊	can3
㿋	sao4
㿌	xian1
㿍	jie4
㿎	fen4
㿏	qun2
㿑	yao4
㿒	dao3
㿓	jia2
㿔	lei3
㿕	yan2
㿖	lu2
㿗	tui2
㿘	ying2
㿙	pi4
㿚	luo4
㿛	li4
㿜	bie3
㿞	mao4
㿟	bai2
㿢	yao4
㿣	he1
㿤	chun3
㿥	he2
㿦	ning4
㿧	chou2
㿨	li4
㿩	tang3
㿪	huan2
㿫	bi4
㿬	ba1
㿭	che4
㿮	yang4
㿯	da2
㿰	ao2
㿱	xue2
㿳	zi1
㿴	da1
㿵	ran3
㿶	bang1
㿷	cuo2
㿸	wan3
㿹	ta4
㿺	bao2
㿻	gan1
㿼	yan2
㿽	xi1
㿾	zhu4
㿿	ya3
䀀	fan4
䀁	you4
䀂	an1
䀃	tui2
䀄	meng2
䀅	she4
䀆	jin4
䀇	gu3
䀈	ji4
䀉	qiao2
䀊	jiao3
䀋	yan2
䀌	xi4
䀍	kan4
䀎	mian3
䀏	xuan4
䀐	shan1
䀑	wo4
䀒	qian1
䀓	huan4
䀔	ren4
䀕	zhen4
䀖	tian1
䀗	jue2
䀘	xie2
䀙	qi4
䀚	ang2
䀛	mei4
䀜	gu3
䀞	tao1
䀟	fan2
䀠	ju4
䀡	chan4
䀢	shun4
䀣	bi4
䀤	mao4
䀥	shuo4
䀦	gu3
䀧	hong3
䀨	hua4
䀩	luo4
䀪	hang2
䀫	jia2
䀬	quan2
䀭	gai1
䀮	huang1
䀯	bu3
䀰	gu3
䀱	feng1
䀲	mu4
䀳	ai4
䀴	ying3
䀵	shun4
䀶	liang4
䀷	jie2
䀸	chi4
䀹	jie2
䀺	chou1
䀻	ping4
䀼	chen1
䀽	yan2
䀾	du3
䀿	di4
䁁	liang4
䁂	xian4
䁃	biao1
䁄	xing4
䁅	meng3
䁆	ye4
䁇	mi4
䁈	qi4
䁉	qi4
䁊	wo4
䁋	xie4
䁌	yu4
䁍	qia4
䁎	cheng2
䁏	yao3
䁐	ying1
䁑	yang2
䁒	ji2
䁓	zong1
䁔	xuan1
䁕	min2
䁗	kai3
䁘	yao3
䁙	yan3
䁚	sun3
䁛	gui4
䁜	huang4
䁝	ying2
䁞	sheng3
䁟	cha2
䁠	lian2
䁢	xuan2
䁣	chuan2
䁤	che4
䁥	ni4
䁦	qu4
䁧	miao2
䁨	huo4
䁩	yu2
䁪	zhan3
䁫	hu2
䁬	ceng2
䁭	biao1
䁮	qian2
䁯	xi1
䁰	jiang3
䁱	kou1
䁲	mai2
䁳	mang3
䁴	zhan3
䁵	bian3
䁶	ji1
䁷	jue2
䁸	nang2
䁹	bi4
䁺	shi4
䁻	shuo4
䁼	mo4
䁽	lie4
䁾	mie4
䁿	mo4
䂀	xi1
䂁	chan2
䂂	qu2
䂃	jiao4
䂄	huo4
䂅	xian1
䂆	xu4
䂇	niu3
䂈	tong2
䂉	hou2
䂊	yu4
䂌	chong1
䂍	bo2
䂎	zuan3
䂏	diao1
䂐	zhuo1
䂑	ji1
䂒	qia4
䂔	xing4
䂕	hui4
䂖	shi2
䂗	ku1
䂙	dui1
䂚	yao2
䂛	yu2
䂜	bang4
䂝	jie2
䂞	zhe4
䂟	jia1
䂠	shi3
䂡	di3
䂢	dong3
䂣	ci2
䂤	fu4
䂥	min2
䂦	zhen1
䂧	zhen3
䂩	yan4
䂪	qiao3
䂫	hang1
䂬	gong3
䂭	qiao1
䂯	guai4
䂰	la4
䂱	rui4
䂲	fa3
䂳	cuo3
䂴	yan2
䂵	gong1
䂶	jie2
䂷	guai1
䂸	guo2
䂹	suo3
䂺	wo3
䂻	zheng4
䂼	nie4
䂽	diao4
䂾	lai3
䂿	ta4
䃀	cui4
䃁	ya1
䃂	gun3
䃇	mian2
䃈	jie1
䃉	min2
䃊	ju3
䃋	yu2
䃌	zhen1
䃍	zhao4
䃏	xing1
䃑	ban1
䃒	he2
䃓	gou4
䃔	hong2
䃕	lao2
䃖	wu4
䃗	bo1
䃘	keng1
䃙	lu4
䃚	cu4
䃛	lian2
䃜	yi1
䃝	qiao4
䃞	shu2
䃠	xuan4
䃡	jin1
䃢	qin1
䃣	hui3
䃤	su4
䃥	chuang2
䃦	dun1
䃧	long2
䃩	nao2
䃪	tan2
䃫	dan3
䃬	wei3
䃭	gan3
䃮	da2
䃯	li4
䃰	ca1
䃱	xian4
䃲	pan2
䃳	la4
䃴	zhu1
䃵	niao3
䃶	huai2
䃷	ying2
䃸	xian4
䃹	lan4
䃺	mo2
䃻	ba4
䃽	gui3
䃾	bi3
䃿	fu1
䄀	huo4
䄁	yi4
䄂	liu4
䄃	yang1
䄄	yin1
䄅	juan4
䄆	huo2
䄇	cheng2
䄈	dou4
䄉	e2
䄋	yan3
䄌	zhui4
䄍	zha4
䄎	qi3
䄏	yu2
䄐	quan4
䄑	huo2
䄒	nie4
䄓	huang2
䄔	ju3
䄕	she4
䄘	peng2
䄙	ming2
䄚	cao2
䄛	lou2
䄜	li2
䄝	chuang1
䄟	cui1
䄠	shan4
䄡	dan1
䄢	qi2
䄤	lai4
䄥	ling2
䄦	liao3
䄧	reng2
䄨	yu2
䄩	yi4
䄪	diao3
䄫	qi3
䄬	yi2
䄭	nian2
䄮	fu1
䄯	jian3
䄰	ya2
䄱	fang1
䄲	rui4
䄳	xian1
䄶	bi4
䄷	shi2
䄸	po4
䄹	nian2
䄺	zhi4
䄻	tao2
䄼	tian3
䄽	tian3
䄾	ru4
䄿	yi4
䅀	lie4
䅁	an4
䅂	he2
䅃	qiong2
䅄	li4
䅅	gui1
䅆	zi4
䅇	su4
䅈	yuan4
䅉	ya4
䅊	cha2
䅋	wan3
䅌	juan1
䅍	ting3
䅎	you3
䅏	hui4
䅐	jian3
䅑	rui2
䅒	mang2
䅓	ju3
䅔	zi1
䅕	ju1
䅖	an1
䅗	sui4
䅘	lai2
䅙	hun4
䅚	quan3
䅛	chang1
䅜	duo4
䅝	kong1
䅞	ne4
䅠	ti2
䅡	xu3
䅢	jiu4
䅣	huang2
䅤	qi4
䅥	jie2
䅦	mao2
䅧	yan1
䅩	zhi3
䅪	tui2
䅬	ai4
䅭	pang2
䅮	cang4
䅯	tang2
䅰	en3
䅱	hun4
䅲	qi2
䅳	chu2
䅴	suo3
䅵	zhuo2
䅶	nou4
䅷	tu2
䅸	shen1
䅹	lou3
䅺	biao1
䅻	li2
䅼	man2
䅽	xin1
䅾	cen2
䅿	huang2
䆀	mei3
䆁	gao1
䆂	lian2
䆃	dao4
䆄	zhan3
䆅	zi1
䆈	zhi4
䆉	ba4
䆊	cui4
䆋	qiu1
䆍	long2
䆎	xian1
䆏	fei4
䆐	guo2
䆑	cheng2
䆒	jiu4
䆓	e4
䆔	chong1
䆕	yue4
䆖	hong2
䆗	yao3
䆘	ya1
䆙	yao2
䆚	tong2
䆛	zha4
䆜	you4
䆝	xue4
䆞	yao3
䆟	ke4
䆠	huan4
䆡	lang2
䆢	yue4
䆣	chen2
䆦	shen4
䆨	ning2
䆩	ming2
䆪	hong1
䆫	chuang1
䆬	yun3
䆭	xuan1
䆮	jin4
䆯	zhuo2
䆰	yu1
䆱	tan1
䆲	kang1
䆳	qiong2
䆵	cheng2
䆶	jiu1
䆷	xue4
䆸	zheng1
䆹	chong1
䆺	pan1
䆻	qiao4
䆽	qu2
䆾	lan2
䆿	yi4
䇀	rong2
䇁	si1
䇂	qian1
䇃	si4
䇅	fa2
䇇	meng2
䇈	hua4
䇋	hai4
䇌	qiao4
䇍	chu4
䇎	que4
䇏	dui4
䇐	li4
䇑	ba4
䇒	jie4
䇓	xu1
䇔	luo4
䇖	yun3
䇗	zhong1
䇘	hu4
䇙	yin3
䇚	pu1
䇛	zhi3
䇜	qian3
䇞	gan1
䇟	jian4
䇠	zhu4
䇡	zhu4
䇢	ku3
䇣	nie4
䇤	rui4
䇥	ze2
䇦	ang3
䇧	zhi4
䇨	gong4
䇩	yi4
䇪	chi1
䇫	ji1
䇬	zhu1
䇭	lao3
䇮	ren4
䇯	rong2
䇰	zheng1
䇱	na4
䇲	ce4/jia1
䇵	yi2
䇶	jue2
䇷	bie2
䇸	cheng2
䇹	jun4
䇺	dou4
䇻	wei3
䇼	yi4
䇽	zhe2
䇾	yan2
䈀	san1
䈁	lun2
䈂	ping2
䈃	zhao3
䈄	han2
䈅	yu4
䈆	dai4
䈇	zhao4
䈈	fei2
䈉	sha4
䈊	ling2
䈋	ta4
䈌	qu1
䈍	mang2
䈎	ye4
䈏	bao2
䈐	gui4
䈑	gua3
䈒	nan3
䈓	ge2
䈕	shi2
䈖	ke1
䈗	suo3
䈘	ci2
䈙	zhou4
䈚	tai2
䈛	kuai4
䈜	qin4
䈝	xu1
䈞	du3
䈟	ce4
䈠	huan3
䈡	cong1
䈢	sai3
䈣	zheng4
䈤	qian2
䈥	jin1
䈦	zong1
䈧	wei3
䈪	xi4
䈫	na4
䈬	pu2
䈭	sou1
䈮	ju4
䈯	zhen1
䈰	shao1
䈱	tao1
䈲	ban1
䈳	ta4
䈴	qian4
䈵	weng1
䈶	rong2
䈷	luo4
䈸	hu2
䈹	sou3
䈺	zhong1
䈻	pu2
䈼	mie4
䈽	jin1
䈾	shao1
䈿	mi4
䉀	shu4
䉁	ling2
䉂	lei3
䉃	jiang3
䉄	leng2
䉅	zhi4
䉆	diao3
䉈	san3
䉉	gu1
䉊	fan4
䉋	mei4
䉌	sui4
䉍	jian3
䉎	tang2
䉏	xie4
䉐	ku1
䉑	wu2
䉒	fan2
䉓	luo4
䉔	can1
䉕	ceng2
䉖	ling2
䉗	yi1
䉘	cong2
䉙	yun2
䉚	meng2
䉛	yu4
䉜	zhi4
䉝	yi3
䉞	dan3
䉟	huo4
䉠	wei2
䉡	tan2
䉢	se4
䉣	xie4
䉤	sou3
䉥	song3
䉦	qian1
䉧	liu2
䉨	yi4
䉪	lei4
䉫	li2
䉬	fei4
䉭	lie4
䉮	lin4
䉯	xian4
䉰	xiao4
䉱	ou1
䉲	mi2
䉳	xian1
䉴	rang2
䉵	zhuan4/zuan3
䉶	shuang1
䉷	yan2
䉸	bian4
䉹	ling2
䉺	hong2
䉻	qi2
䉼	liao4
䉽	ban3
䉾	bi4
䉿	hu2
䊀	hu2
䊂	ce4
䊃	pei4
䊄	qiong2
䊅	ming2
䊆	jiu4
䊇	bu4
䊈	mei2
䊉	san3
䊊	wei4
䊍	li2
䊎	quan3
䊐	hun2
䊑	xiang3
䊓	shi4
䊔	ying2
䊖	nan3
䊗	huang2
䊘	jiu4
䊙	yan1
䊛	sa4
䊜	tuan2
䊝	xie4
䊞	zhe2
䊟	men2
䊠	xi4
䊡	man2
䊣	huang2
䊤	tan2
䊥	xiao4
䊦	ye4
䊧	bi4
䊨	luo2
䊩	fan2
䊪	li4
䊫	cui3
䊬	chua1
䊭	dao4
䊮	di2
䊯	kuang4
䊰	chu2
䊱	xian1
䊲	chan4
䊳	mi2
䊴	qian4
䊵	qiu2
䊶	zhen4
䊺	hu4
䊻	gan1
䊼	chi3
䊽	guai4
䊾	mu4
䊿	bo2
䋀	hua4
䋁	geng3
䋂	yao2
䋃	mao4
䋄	wang3
䋈	ru2
䋉	xue2
䋊	zheng1
䋋	min2
䋌	jiang3
䋎	zhan4
䋏	zuo2
䋐	yue4
䋑	lie4
䋓	zhou4
䋔	bi4
䋕	ren4
䋖	yu4
䋘	chuo4
䋙	er3
䋚	yi4
䋛	mi3
䋜	qing4
䋞	wang3
䋟	ji4
䋠	bu3
䋢	bie1
䋣	fan2
䋤	yue4
䋥	li2
䋦	fan2
䋧	qu2
䋨	fu3
䋩	er2
䋪	e1
䋫	zheng1
䋬	tian1
䋭	yu4
䋮	jin4
䋯	qi3
䋰	ju2
䋱	lai2
䋲	che3
䋳	bei4
䋴	niu4
䋵	yi4
䋶	xu3
䋷	mou2
䋸	xun2
䋹	fu2
䋻	nin2
䋼	ting1
䋽	beng3
䋾	zha3
䋿	wei1
䌀	ke1
䌁	yao1
䌂	ou4
䌃	xiao1
䌄	geng3
䌅	tang2
䌆	gui4
䌇	hui4
䌈	ta1
䌊	yao2
䌋	da1
䌌	qi4
䌍	jin3
䌎	lve4
䌏	mi4
䌐	mi4
䌑	jian1
䌒	lu4
䌓	fan2
䌔	ou1
䌕	mi2
䌖	jie2
䌗	fu3
䌘	bie4
䌙	huang4
䌚	su1
䌛	yao2
䌜	nie4
䌝	jin1
䌞	lian3
䌟	bo2
䌠	jian1
䌡	ti3
䌢	ling2
䌣	zuan3
䌤	shi1
䌥	yin3
䌦	dao4
䌧	chou2
䌨	ca1
䌩	mie4
䌪	yan3
䌫	lan3
䌬	chong2
䌭	jiao1
䌮	shuang1
䌯	quan1
䌰	nie4
䌱	luo4
䌳	shi1
䌴	luo4
䌵	zhu2
䌷	chou1/chou2
䌸	juan4
䌺	er3
䌻	yi4
䌼	rui4
䌽	cai3
䌾	ren2
䌿	fu2
䍀	lan2
䍁	sui4
䍂	yu2
䍃	you2
䍄	dian3
䍅	ling2
䍆	zhu4
䍇	ta4
䍈	ping2
䍉	zhai3
䍊	jiao1
䍋	chui2
䍌	bu4
䍍	kou4
䍎	cun4
䍐	han3
䍑	han3
䍒	mou3
䍓	hu4
䍔	gong1
䍕	di1
䍖	fu2
䍗	xuan4
䍘	mi2
䍙	mei2
䍚	lang4
䍛	gu4
䍜	zhao4
䍝	ta4
䍞	yu4
䍟	zong4
䍠	li2
䍡	lu4
䍢	wu2
䍣	lei2
䍤	ji3
䍥	li4
䍦	li2
䍨	po1
䍩	yang3
䍪	wa4
䍫	tuo2
䍬	peng1
䍮	zhao4
䍯	gui3
䍱	xu2
䍲	nai2
䍳	que4
䍴	wei3
䍵	zheng1
䍶	dong1
䍷	wei3
䍸	bo2
䍺	huan4
䍻	xuan4
䍼	zan1
䍽	li4
䍾	yan3
䍿	huang2
䎀	xue4
䎁	hu2
䎂	bao3
䎄	xiao1
䎅	po4
䎆	liao4
䎇	zhou1
䎈	yi4
䎉	xu4
䎊	luo4
䎋	kao4
䎌	chu4
䎎	na4
䎏	han2
䎐	chao3
䎑	lu4
䎒	zhan3
䎓	ta4
䎔	fu1
䎕	hong1
䎗	qiao2
䎘	su4
䎙	pin1
䎚	guan4
䎜	hun1
䎝	chu2
䎟	er2
䎠	er2
䎡	ruan3
䎢	qi3
䎣	si4
䎤	ju2
䎦	yan3
䎧	bang4
䎨	ye4
䎩	zi1
䎪	ne4
䎫	chuang4
䎬	ba4
䎭	cao1
䎮	ti4
䎯	han4
䎰	zuo2
䎱	ba4
䎲	yi4
䎳	wa4
䎴	geng1
䎵	bi4
䎶	er4
䎷	zhu4
䎸	wu4
䎹	wen2
䎺	zhi4
䎻	zhou4
䎼	lu4
䎽	wen2
䎾	gun3
䎿	qiu2
䏀	la4
䏁	zai3
䏂	sou3
䏃	mian2
䏄	di3
䏅	qi4
䏆	cao2
䏇	piao4
䏈	lian2
䏉	shi1
䏊	long2
䏋	su4
䏌	qi4
䏍	yuan4
䏎	feng2
䏏	xu1
䏐	jue2
䏑	di4
䏒	pian4
䏓	guan3
䏔	niu3
䏕	ren4
䏖	zhen4
䏗	gai4
䏘	pi4
䏙	tan3
䏚	chao3
䏛	chun3
䏜	he1
䏞	mo4
䏟	bie2
䏠	qi4
䏢	bi3
䏣	jue2
䏤	si4
䏦	gua1
䏧	na4
䏨	hui3
䏩	xi1
䏪	er4
䏫	xiu1
䏬	mou2
䏮	xi2
䏯	zhi4
䏰	run4
䏱	ju2
䏳	zhe4
䏴	shao4
䏵	meng3
䏶	bi4
䏷	han4
䏸	yu2
䏹	xian4
䏺	pang1
䏻	neng2
䏼	can2
䏽	bu4
䏿	qi3
䐀	ji4
䐁	zhuo2
䐂	lu4
䐄	xian4
䐅	xi1
䐆	cai3
䐇	wen3
䐈	zhi2
䐉	zi4
䐊	kun1
䐋	cong1
䐌	tian3
䐍	chu4
䐎	di1
䐏	chun3
䐐	qiu1
䐑	zhe2
䐒	zha1
䐓	rou2
䐔	bin3
䐕	ji2
䐖	xi1
䐗	zhu1
䐘	jue2
䐙	ge2
䐚	ji1
䐛	da1
䐜	chen1
䐝	suo4
䐞	ruo4
䐟	xiang3
䐠	huang3
䐡	qi2
䐢	zhu4
䐣	sun3
䐤	chai1
䐥	weng3
䐦	ke1
䐧	kao4
䐨	gu3
䐩	gai1
䐪	fan4
䐫	cong1
䐬	cao2
䐭	zhi4
䐮	chan3
䐯	lei2
䐰	xiu1
䐱	zhai4
䐲	zhe2
䐳	yu2
䐴	gui4
䐵	gong1
䐶	zan1
䐷	dan1
䐸	huo4
䐹	sou1
䐺	tan4
䐻	gu1
䐼	xi4
䐽	man2
䐾	duo2
䐿	ao4
䑀	pi4
䑁	wu4
䑂	ai3
䑃	meng2
䑄	pi4
䑅	meng2
䑆	yang3
䑇	zhi4
䑈	bo2
䑉	ying2
䑊	wei2
䑋	rang3
䑌	lan2
䑍	yan1
䑎	chan3
䑏	quan2
䑐	zhen3
䑑	pu2
䑓	tai2
䑔	fei4
䑕	shu3
䑗	dang4
䑘	cuo2
䑙	tan1
䑚	tian2
䑛	chi3
䑜	ta4
䑝	jia3
䑞	shun4
䑟	huang2
䑠	liao3
䑣	chen1
䑤	jin4
䑥	e4
䑦	gou1
䑧	fu2
䑨	duo4
䑪	e4
䑫	beng1
䑬	tao1
䑭	di4
䑯	di4
䑰	bu4
䑱	wan3
䑲	zhao4
䑳	lun2
䑴	qi2
䑵	mu4
䑶	qian4
䑸	zong1
䑹	sou1
䑻	you2
䑼	zhou1
䑽	ta4
䑿	su4
䒀	bu4
䒁	xi2
䒂	jiang3
䒃	cao4
䒄	fu4
䒅	teng2
䒆	che4
䒇	fu4
䒈	fei4
䒉	wu3
䒊	xi1
䒋	yang3
䒌	ming4
䒍	pang3
䒎	mang3
䒏	seng1
䒐	meng2
䒑	cao3
䒒	tiao2
䒓	kai3
䒔	bai4
䒕	xiao3
䒖	xin4
䒗	qi4
䒚	shao3
䒛	huan4
䒜	niu2
䒝	xiao2
䒞	chen2
䒟	dan1
䒠	feng1
䒡	yin3
䒢	ang2
䒣	ran3
䒤	ri4
䒥	man2
䒦	fan4
䒧	qu1
䒨	shi3
䒩	he2
䒪	bian4
䒫	dai4
䒬	mo4
䒭	deng3
䒰	kuang1
䒲	cha4
䒳	duo3
䒴	you3
䒵	hao4
䒷	gua1
䒸	xue4
䒹	lei4
䒺	jin3
䒻	qi3
䒼	qu1
䒽	wang3
䒾	yi1
䒿	liao2
䓂	yan2
䓃	yi4
䓄	yin2
䓅	qi2
䓆	zhe2
䓇	xi4
䓈	yi4
䓉	ye2
䓊	wu2
䓋	zhi1
䓌	zhi4
䓍	han3
䓎	chuo4
䓏	fu1
䓐	chun2
䓑	ping2
䓒	kuai3
䓓	chou2
䓕	tuo3
䓗	cong1
䓘	gao1
䓙	kua1
䓚	qu1
䓜	zhi1
䓝	meng4
䓞	li4
䓟	zhou1
䓠	ta4
䓡	zhi1
䓢	gu4
䓣	liang3
䓤	hu1
䓥	la4
䓦	dian3
䓧	ci4
䓭	cha4
䓮	mao4
䓯	du2
䓰	yin1
䓱	chai2
䓲	rui4
䓳	hen3
䓴	ruan3
䓵	fu1
䓶	lai4
䓷	xing4
䓸	jian1
䓹	yi4
䓺	mei3
䓼	mang2
䓽	ji4
䓾	suo1
䓿	han4
䔁	li4
䔂	zi3
䔃	zu3
䔄	yao2
䔅	ge1
䔆	li2
䔇	qi3
䔈	gong4
䔉	li4
䔊	bing1
䔋	suo1
䔎	su4
䔏	chou4
䔐	jian1
䔑	xie2
䔒	bei4
䔓	xu3
䔔	jing4
䔕	pu2
䔖	ling2
䔗	xiang2
䔘	zuo4
䔙	diao4
䔚	chun2
䔛	qing3
䔜	nan2
䔝	zhai1
䔞	lv4
䔟	yi2
䔠	shao3
䔡	yu2
䔢	hua2
䔣	li2
䔤	pa1
䔧	li2
䔪	shuang3
䔬	yi4
䔭	ning4
䔮	si1
䔯	ku4
䔰	fu4
䔱	yi1
䔲	deng1
䔳	ran2
䔴	ce4
䔶	ti2
䔷	qin2
䔸	biao3
䔹	sui4
䔺	wei2
䔻	dun1
䔼	se4
䔽	ai4
䔾	qi4
䔿	zun3
䕀	kuan3
䕁	fei3
䕃	yin4
䕅	sao3
䕆	dou4
䕇	hui4
䕈	xie4
䕉	ze2
䕊	tan2
䕋	tang2
䕌	zhi4
䕍	yi4
䕎	fu2
䕏	e2
䕑	jun4
䕒	jia1
䕓	cha2
䕔	xian2
䕕	man4
䕗	bi4
䕘	ling2
䕙	jie2
䕚	kui4
䕛	jia2
䕝	cheng1
䕞	lang4
䕟	xing1
䕠	fei4
䕡	lv2
䕢	zha3
䕣	he2
䕤	ji1
䕥	ni3
䕦	ying2
䕧	xiao4
䕨	teng2
䕩	lao3
䕪	ze2
䕫	kui2
䕭	qian2
䕮	ju2
䕯	piao2
䕰	fan2
䕱	tou2
䕲	lin3
䕳	mi2
䕴	zhuo2
䕵	xie2
䕶	hu4
䕷	mi2
䕸	jie1
䕹	za2
䕺	cong2
䕻	li4
䕼	ran2
䕽	zhu2
䕾	yin2
䕿	han4
䖁	yi4
䖂	luan2
䖃	yue4
䖄	ran2
䖅	ling2
䖆	niang4
䖇	yu4
䖈	nve4
䖊	yi4
䖋	nve4
䖌	yi4
䖍	qian2
䖎	xia2
䖏	chu3/chu4
䖐	yin2
䖑	mi4
䖒	xi1
䖓	na4
䖔	kan3
䖕	zu3
䖖	xia2
䖗	yan2
䖘	tu2
䖙	ti1
䖚	wu1
䖛	suo3
䖜	yin2
䖝	chong2
䖞	zhou3
䖟	mang3
䖠	yuan2
䖡	nv4
䖢	miao2
䖣	zao3
䖤	wan3
䖥	li2
䖦	qu1
䖧	na4
䖨	shi2
䖩	bi4
䖪	zi1
䖫	bang4
䖭	juan4
䖮	xiang3
䖯	kui2
䖰	pai4
䖱	kuang1
䖲	xun2
䖳	zha4
䖴	yao2
䖵	kun1
䖶	hui1
䖷	xi1
䖸	e2
䖹	yang2
䖺	tiao2
䖻	you2
䖼	jue2
䖽	li2
䖿	li2
䗀	cheng1
䗁	ji4
䗂	hu3
䗃	zhan4
䗄	fu3
䗅	chang2
䗆	guan3
䗇	ju2
䗈	meng2
䗉	chang1
䗊	tan4
䗋	mou2
䗌	xing1
䗍	li3
䗎	yan1
䗏	sou1
䗐	shi1
䗑	yi4
䗒	bing4
䗓	cong1
䗔	hou2
䗕	wan3
䗗	ji1
䗘	ge2
䗙	han2
䗚	bo2
䗜	liu2
䗝	can2
䗞	can2
䗟	yi4
䗠	xuan2
䗡	yan2
䗢	zao3
䗣	han4
䗤	yong2
䗥	zong1
䗧	kang1
䗨	yu2
䗩	qi1
䗫	ma2
䗮	shuang3
䗯	jin4
䗰	guan4
䗱	pu2
䗲	lin4
䗵	jiang1
䗶	la4
䗷	yi4
䗸	yong1
䗹	ci4
䗺	yan3
䗻	jie2
䗼	xun1
䗽	wei4
䗾	xian3
䗿	ning2
䘀	fu4
䘁	ge2
䘃	mo4
䘄	zhu4
䘅	nai2
䘆	xian3
䘇	wen2
䘈	li4
䘉	can2
䘊	mie4
䘋	jian1
䘌	ni4
䘍	chai4
䘎	wan1
䘏	xu4
䘐	nv4
䘑	mai4
䘒	zui1
䘓	kan4
䘔	ka1
䘕	hang2
䘘	yu4
䘙	wei4
䘚	zhu2
䘝	yi4
䘟	diao1
䘠	fu2
䘡	bi3
䘢	zhu3
䘣	zi3
䘤	shu4
䘥	xia2
䘦	ni2
䘨	jiao3
䘩	xun2
䘪	chong1
䘫	nou4
䘬	rong2
䘭	zhi4
䘮	sang1/sang4
䘰	shan1
䘱	yu4
䘳	jin1
䘵	lu4
䘶	han1
䘷	bie1
䘸	yi4
䘹	zui4
䘺	zhan4
䘻	yu4
䘼	wan3
䘽	ni2
䘾	guan3
䘿	jue2
䙀	beng3
䙁	can2
䙃	duo4
䙄	qi4
䙅	yao1
䙆	kui4
䙇	ruan2
䙈	hou2
䙉	xun2
䙊	xie4
䙌	kui4
䙎	xie2
䙏	bo2
䙐	ke4
䙑	cui1
䙒	xu4
䙓	bai3
䙔	ou1
䙕	zong3
䙗	ti4
䙘	chu3
䙙	chi2
䙚	niao3
䙛	guan4
䙜	feng2
䙝	xie4
䙞	deng1
䙟	wei2
䙠	jue2
䙡	kui4
䙢	zeng4
䙣	sa4
䙤	duo3
䙥	ling2
䙦	meng2
䙨	guo3
䙩	meng2
䙪	long2
䙬	ying4
䙮	guan4
䙯	cu4
䙰	li2
䙱	du2
䙳	biao1
䙴	qian1
䙵	xi1
䙷	de2
䙸	de2
䙹	xian4
䙺	lian2
䙼	shao4
䙽	xie2
䙾	shi1
䙿	wei4
䚀	chen1
䚂	he4
䚃	you2
䚄	lu4
䚅	lai4
䚆	ying3
䚇	sheng3
䚈	juan4
䚉	qi4
䚊	jian3
䚋	yun4
䚍	qi4
䚏	lin4
䚐	ji2
䚑	mai2
䚒	chuang2
䚓	nian3
䚔	bin1
䚕	li4
䚖	ling2
䚗	gang1
䚘	cheng2
䚙	xuan1
䚚	xian3
䚛	hu2
䚜	bi1
䚝	zu2
䚞	dai3
䚟	dai3
䚠	hun4
䚡	sai1
䚢	che4
䚣	ti2
䚥	nuo4
䚦	zhi4
䚧	liu2
䚨	fei4
䚩	jiao3
䚪	guan1
䚫	xi2
䚬	lin2
䚭	xuan1
䚮	reng2
䚯	tao3
䚰	pi3
䚱	xin4
䚲	shan4
䚳	zhi4
䚴	wa4
䚵	tou3
䚶	tian1
䚷	yi1
䚸	xie4
䚹	pi3
䚺	yao2
䚻	yao2
䚼	nv4
䚽	hao4
䚾	nin2
䚿	yin4
䛀	fan3
䛁	nan2
䛂	yao1
䛃	wan4
䛄	yuan3
䛅	xia2
䛆	zhou4
䛇	yuan3
䛈	shi4
䛉	mian4
䛊	xi1
䛋	ji4
䛌	tao2
䛍	fei4
䛎	xue4
䛏	ni2
䛐	ci2
䛑	mi4
䛒	bian4
䛓	jian1
䛔	na2
䛕	yu4
䛖	e4
䛗	zhi3
䛘	ren2
䛙	xu4
䛚	lve4
䛛	hui4
䛜	xun4
䛝	nao2
䛞	han4
䛟	jia2
䛠	dou4
䛡	hua4
䛢	tu1
䛣	ping1
䛤	cu4
䛥	xi1
䛦	song4
䛧	mi2
䛨	xin4
䛩	wu4
䛪	qiong2
䛫	zhang1
䛬	tao2
䛭	xing4
䛮	jiu4
䛯	ju4
䛰	hun4
䛱	ti2
䛲	man2
䛳	yan4
䛴	ji1
䛵	shou4
䛶	lei3
䛷	wan3
䛸	che4
䛹	can4
䛺	jie4
䛻	you4
䛼	hui3
䛽	zha3
䛾	su4
䛿	ge2
䜀	nao3
䜁	xi4
䜃	dui1
䜄	chi2
䜅	wei2
䜆	zhe2
䜇	gun3
䜈	chao1
䜉	chi1
䜊	zao1
䜋	hui4
䜌	luan2
䜍	liao2
䜎	lao2
䜏	tuo1
䜐	hui1
䜑	wu4
䜒	ao4
䜓	she4
䜔	sui2
䜕	mai4
䜖	tan4
䜗	xin4
䜘	jing3
䜙	an2
䜚	ta4
䜛	chan2
䜜	wei4
䜝	tuan3
䜞	ji4
䜟	chen2
䜠	che4
䜡	yu4
䜢	xian3
䜧	nao3
䜩	yan4
䜪	qiu2
䜫	jiang1
䜬	song3
䜭	jun4
䜮	liao2
䜯	ju2
䜱	man3
䜲	lie4
䜴	chu4
䜵	chi3
䜶	xiang2
䜷	qin1
䜸	mei3
䜹	shu4
䜺	chai3
䜻	chi3
䜼	gu2
䜽	yu2
䜾	yin1
䝀	liu2
䝁	lao2
䝂	shu4
䝃	zhe2
䝄	shuang1
䝅	hui1
䝈	e4
䝊	sha4
䝋	zong4
䝌	jue2
䝍	jun4
䝎	tuan1
䝏	lou2
䝐	wei2
䝑	chong1
䝒	zhu4
䝓	lie4
䝕	zhe2
䝖	zhao3
䝘	yi4
䝚	ni2
䝛	bo1
䝜	suan1
䝝	yi3
䝞	hao4
䝟	ya4
䝠	huan2
䝡	man4
䝢	man4
䝣	qu2
䝤	lao3
䝥	hao2
䝦	zhong1
䝧	min2
䝨	xian2
䝩	zhen4
䝪	shu3
䝫	zuo2
䝬	zhu4
䝭	gou4
䝮	xuan4
䝯	yi4
䝰	zhi4
䝱	xie2
䝲	jin4
䝳	can2
䝵	bu4
䝶	liang2
䝷	zhi1
䝸	ji4
䝹	wan3
䝺	guan4
䝻	ju1
䝼	jing4
䝽	ai4
䝾	fu4
䝿	gui4
䞀	hou4
䞁	yan4
䞂	ruan3
䞃	zhi4
䞄	biao4
䞅	yi2
䞆	suo3
䞇	die2
䞈	gui4
䞉	sheng4
䞊	xun4
䞋	chen4
䞌	she2
䞍	qing2
䞐	chun3
䞑	hong2
䞒	dong4
䞓	cheng1
䞔	wei3
䞕	ru2
䞖	shu3
䞗	cai1
䞘	ji2
䞙	za2
䞚	qi2
䞛	yan1
䞜	fu4
䞝	yu4
䞞	fu2
䞟	po4
䞠	zhi1
䞡	tan3
䞢	zuo2
䞣	che3
䞤	qu2
䞥	you4
䞦	he2
䞧	hou4
䞨	gui3
䞩	e4
䞪	jiang4
䞫	yun3
䞬	tou4
䞭	cun1
䞮	tu1
䞯	fu4
䞰	zuo2
䞱	hu2
䞳	bo2
䞴	zhao1
䞵	jue3
䞶	tang1
䞷	jue2
䞸	fu4
䞹	huang2
䞺	chun1
䞻	yong3
䞼	chui3
䞽	suo3
䞾	chi2
䞿	qian1
䟀	cai1
䟁	xiao2
䟂	man2
䟃	can1
䟄	qi4
䟅	jian4
䟆	bi4
䟇	ji1
䟈	zhi2
䟉	zhu2
䟊	qu2
䟋	zhan3
䟌	ji2
䟍	bian1
䟏	li4
䟐	li4
䟑	yue4
䟒	quan2
䟓	cheng1
䟔	fu4
䟕	cha4
䟖	tang4
䟗	shi4
䟘	hang4
䟙	qie4
䟚	qi2
䟛	bo2
䟜	na4
䟝	tou4
䟞	chu2
䟟	cu4
䟠	yue4
䟡	zhi1
䟢	chen2
䟣	chu4
䟤	bi4
䟥	meng2
䟦	ba2
䟧	tian2
䟨	min2
䟩	lie3
䟪	feng3
䟫	cheng1
䟬	qiu4
䟭	tiao2
䟮	fu2
䟯	kuo4
䟰	jian3
䟴	zhen4
䟵	qiu2
䟶	zuo4
䟷	chi4
䟸	kui2
䟹	lie4
䟺	bei4
䟻	du4
䟼	wu3
䟾	zhuo2
䟿	lu4
䠀	tang1
䠂	chu2
䠃	liang3
䠄	tian3
䠅	kun3
䠆	chang2
䠇	jue2
䠈	tu2
䠉	huan4
䠊	fei4
䠋	bi4
䠍	xia1
䠎	wo4
䠏	ji4
䠐	qu4
䠑	kui3
䠒	hu2
䠓	qiu1
䠔	sui4
䠕	cai1
䠗	qiu4
䠘	pi4
䠙	pang2
䠚	wa4
䠛	yao2
䠜	rong2
䠝	xun1
䠞	cu4
䠟	die2
䠠	chi4
䠡	cuo2
䠢	meng4
䠣	xuan3
䠤	duo3
䠥	bie2
䠦	zhe4
䠧	chu2
䠨	chan4
䠩	gui4
䠪	duan4
䠫	zou4
䠬	deng4
䠭	lai2
䠮	teng2
䠯	yue4
䠰	quan2
䠱	zhu2
䠲	ling2
䠳	chen1
䠴	zhen3
䠵	fu4
䠶	she4
䠷	tiao3
䠸	kua1
䠹	ai2
䠻	qiong2
䠼	shu4
䠽	hai2
䠾	shan3
䠿	wai4
䡀	zhan3
䡁	long3
䡂	jiu1
䡃	li4
䡅	chun1
䡆	rong2
䡇	yue4
䡈	jue2
䡉	kang3
䡊	fan3
䡋	qi2
䡌	hong2
䡍	fu2
䡎	lu2
䡏	hong2
䡐	tuo2
䡑	min2
䡒	tian2
䡓	juan4
䡔	qi3
䡕	zheng3
䡖	qing4
䡗	gong3
䡘	tian2
䡙	lang2
䡚	mao4
䡛	yin4
䡜	lu4
䡝	yuan1
䡞	ju2
䡟	pi4
䡡	xie2
䡢	bian4
䡣	hun1
䡤	zhu1
䡥	rong2
䡦	sang3
䡧	wu1
䡨	cha4
䡩	keng1
䡪	shan4
䡫	peng2
䡬	man4
䡭	xiu1
䡯	cong1
䡰	keng1
䡱	zhuan3
䡲	chan2
䡳	si1
䡴	chong1
䡵	sui4
䡶	pi4
䡷	kai4
䡹	zhi4
䡺	wei4
䡻	min2
䡼	ling2
䡽	zuan1
䡾	nie4
䡿	ling2
䢀	qi4
䢁	yue4
䢃	yi4
䢄	xi3
䢅	chen2
䢇	rong3
䢈	chen2
䢉	nong2
䢊	you2
䢋	ji4
䢌	bo2
䢍	fang3
䢐	cu2
䢑	di3
䢒	jiao1
䢓	yu2
䢔	he2
䢕	xu4
䢖	yu4
䢗	qu1
䢙	bai4
䢚	geng1
䢛	jiong3
䢝	ya4
䢞	shu4
䢟	you2
䢠	song4
䢡	ye4
䢢	cang4
䢣	yao2
䢤	shu4
䢥	yan2
䢦	shuai4
䢧	liao4
䢨	cong1
䢩	yu4
䢪	bo2
䢫	sui2
䢭	yan4
䢮	lei4
䢯	lin2
䢰	ti1
䢱	du2
䢲	yue4
䢳	ji3
䢵	yun2
䢸	ju1
䢹	ju3
䢻	chen2
䢽	xiang4
䢾	xian3
䢿	an1
䣀	gui3
䣁	yu3
䣂	lei3
䣄	tu2
䣅	chen2
䣆	xing2
䣇	qiu2
䣈	hang4
䣊	dang3
䣋	cai3
䣌	di3
䣍	yan3
䣎	zi1
䣐	ying1
䣑	chan2
䣓	li2
䣔	suo3
䣕	ma3
䣖	ma3
䣙	pei2
䣚	lou2
䣛	qi1
䣜	cuo2
䣝	tu2
䣞	e4
䣟	can2
䣠	jie2
䣡	yi2
䣢	ji2
䣣	dang3
䣤	jue2
䣥	bi3
䣦	lei4
䣧	yi4
䣨	chun2
䣩	chun2
䣪	po4
䣫	li2
䣬	zai3
䣭	tai4
䣮	po4
䣯	cu2
䣰	ju4
䣱	xu4
䣲	fan4
䣴	xu4
䣵	er4
䣶	huo2
䣷	zhu1
䣸	ran3
䣹	fa2
䣺	juan1
䣻	han1
䣼	liang2
䣽	zhi1
䣾	mi4
䣿	yu1
䤁	cen2
䤂	mei2
䤃	yin1
䤄	mian3
䤅	tu2
䤆	kui2
䤉	mi4
䤊	rong2
䤋	yu4
䤌	qiang1
䤍	mi2
䤎	ju2
䤏	pi3
䤐	jin3
䤑	wang4
䤒	ji4
䤓	meng2
䤔	jian4
䤕	xue4
䤖	bao4
䤗	gan3
䤘	chan3
䤙	li4
䤚	li3
䤛	qiu2
䤜	dun4
䤝	ying4
䤞	yun3
䤟	chen2
䤠	zhi3
䤡	ran3
䤣	lve4
䤤	kai1
䤥	gui3
䤦	yue4
䤧	hui4
䤨	pi4
䤩	cha2
䤪	duo3
䤫	chan2
䤬	sha1
䤭	shi4
䤮	she4
䤯	xing2
䤰	ying2
䤱	shi4
䤲	chi4
䤳	ye4
䤴	han2
䤵	fei4
䤶	ye4
䤷	yan3
䤸	zuan4
䤹	sou1
䤺	jin1
䤻	duo4
䤼	xian4
䤽	guan1
䤾	tao1
䤿	qie4
䥀	chan3
䥁	han2
䥂	meng4
䥃	yue4
䥄	cu4
䥅	qian4
䥆	jin3
䥇	shan4
䥈	mu3
䥉	yuan1
䥋	peng1
䥌	zheng4
䥍	zhi4
䥎	chun2
䥏	yu3
䥐	mou2
䥑	mai4
䥒	jiang4
䥓	qi1
䥔	su4
䥕	pie3
䥖	tian2
䥗	kuan3
䥘	cu4
䥙	sui4
䥛	jie1
䥜	jian4
䥝	ao2
䥞	jiao3
䥟	ye4
䥡	ye4
䥢	long2
䥣	zao2
䥤	bao2
䥥	lian2
䥧	huan2
䥨	lv4
䥩	wei2
䥪	xian3
䥫	tie3
䥬	bo2
䥭	zheng4
䥮	zhu2
䥯	bei1
䥰	meng2
䥱	xie3
䥲	ou1
䥳	you1
䥵	xiao3
䥶	li4
䥷	zha2
䥸	mi2
䥺	ye2
䥾	xie3
䦂	shan4
䦅	shan4
䦆	jue2
䦇	ji4
䦈	jie1
䦊	niao3
䦋	ao2
䦌	chu4
䦍	wu4
䦎	guan3
䦏	xie4
䦐	ting3
䦑	xue4
䦒	dang4
䦓	zhan1
䦔	tan3
䦕	peng1
䦖	xie2
䦗	xu4
䦘	xian4
䦙	si4
䦚	kua4
䦛	zheng4
䦜	wu2
䦝	huo1
䦞	run4
䦟	chuai4
䦠	du1
䦡	huan2
䦢	kuo4
䦣	fu4
䦤	chuai4
䦥	xian2
䦦	qin2
䦧	qie2
䦨	lan2
䦪	ya4
䦫	ying1
䦬	que4
䦭	hang1
䦮	chun3
䦯	zhi4
䦱	wei3
䦲	yan2
䦳	xiang4
䦴	yi4
䦵	ni3
䦶	zheng4
䦷	chuai4
䦹	shi2
䦺	ding1
䦻	zi3
䦼	jue2
䦽	xu4
䦾	yuan2
䧁	xu3
䧂	dao4
䧃	tian2
䧄	ge4
䧅	yi2
䧆	hong2
䧇	yi1
䧉	li3
䧊	ku1
䧋	xian3
䧌	sui1
䧍	xi4
䧎	xuan4
䧑	di1
䧒	lai2
䧓	zhou1
䧔	nian4
䧕	cheng2
䧖	jian4
䧗	bi4
䧘	zhuan4
䧙	ling2
䧚	hao4
䧛	bang4
䧜	tang2
䧝	chi1
䧞	ma4
䧟	xian4
䧠	shuan4
䧡	yong1
䧢	qu1
䧤	pu2
䧥	hui4
䧦	wei2
䧧	yi3
䧨	ye4
䧪	che4
䧫	hao2
䧬	bin1
䧮	xian4
䧯	chan2
䧰	hun4
䧲	han4
䧳	ci2
䧴	zhi1
䧵	qi2
䧶	kui2
䧷	rou2
䧹	ying1
䧺	xiong2
䧼	hu2
䧽	cui3
䧿	que4
䨀	di2
䨁	wu4
䨂	qiu1
䨄	yan4
䨅	liao2
䨆	bi4
䨈	bin1
䨊	yuan1
䨋	nve4
䨌	bao2
䨍	ying3
䨎	hong2
䨏	ci2
䨐	qia4
䨑	ti2
䨒	yu4
䨓	lei2
䨔	bao2
䨖	ji4
䨗	fu2
䨘	xian4
䨙	cen2
䨚	hu1
䨛	se4
䨜	beng1
䨝	qing1
䨞	yu3
䨟	wa1
䨠	ai3
䨡	han2
䨢	dan4
䨣	ge2
䨤	di2
䨥	huo4
䨦	pang1
䨨	zhui1
䨩	ling2
䨪	mai2
䨫	mai4
䨬	lian2
䨭	xiao1
䨮	xue3
䨯	zhen4
䨰	po4
䨱	fu4
䨲	nou2
䨳	xi4
䨴	dui4
䨵	dan4
䨶	yun3
䨷	xian4
䨸	yin3
䨹	shu1
䨺	dui4
䨻	beng4
䨼	hu4
䨽	fei3
䨾	fei4
䨿	za2
䩀	bei4
䩁	fei1
䩂	xian1
䩃	shi4
䩄	mian3/tian3
䩅	zhan3
䩆	zhan3
䩇	zhan1
䩈	hui4
䩉	fu3
䩊	wan3
䩋	mo3
䩌	qiao2
䩍	liao3
䩏	mie4
䩐	hu1
䩑	hong2
䩒	yu2
䩓	qi2
䩔	duo4
䩕	ang2
䩗	ba4
䩘	di4
䩙	xuan4
䩚	di4
䩛	bi4
䩜	zhou4
䩝	pao2
䩞	tie2
䩟	yi2
䩡	jia2
䩢	zhi4
䩣	tu2
䩤	xie2
䩥	dan4
䩦	tiao2
䩧	xie4
䩨	chang4
䩩	yuan3
䩪	guan3
䩫	liang3
䩬	beng3
䩮	lu4
䩯	ji2
䩰	xuan4
䩱	shu4
䩲	du1
䩳	sou1
䩴	hu2
䩵	yun4
䩶	chan3
䩷	bang1
䩸	rong2
䩹	e2
䩺	weng1
䩻	ba4
䩼	feng2
䩽	yu1
䩾	zhe4
䩿	fen2
䪀	guan3
䪁	bu3
䪂	ge2
䪃	dun1
䪄	huang2
䪅	du2
䪆	ti3
䪇	bo2
䪈	qian4
䪉	lie4
䪊	long2
䪋	wei4
䪌	zhan4
䪍	lan2
䪎	sui1
䪏	na4
䪐	bi4
䪑	tuo2
䪒	zhu4
䪓	die1
䪔	bu3
䪕	ju2
䪖	po4
䪗	xia2
䪘	wei3
䪙	po4
䪚	da1
䪛	fan1
䪜	chan1
䪝	hu4
䪞	za2
䪤	fan2
䪥	xie4
䪦	hong2
䪧	chi2
䪨	bao2
䪩	yin2
䪫	jing1
䪬	bo2
䪭	ruan3
䪮	chou3
䪯	ying1
䪰	yi1
䪱	gai3
䪲	kun1
䪳	yun3
䪴	zhen3
䪵	ya3
䪶	ju1
䪷	hou4
䪸	min2
䪹	bai1
䪺	ge2
䪻	bian4
䪼	zhuo1
䪽	hao4
䪾	zhen3
䪿	sheng3
䫀	gen3
䫁	bi4
䫂	duo3
䫃	chun2
䫄	chua4
䫅	san4
䫆	cheng2
䫇	ran2
䫈	chen3
䫉	mao4
䫊	pei2
䫋	wei1
䫌	pi3
䫍	fu3
䫎	zhuo1
䫏	qi1
䫐	lin2
䫑	yi1
䫒	men2
䫓	wu2
䫔	qi4
䫕	die2
䫖	chen3
䫗	xia2
䫘	he2
䫙	sang3
䫚	gua1
䫛	hou2
䫜	ao1
䫝	fu3
䫞	qiao1
䫟	hun4
䫠	pi1
䫡	yan2
䫢	si1
䫣	xi2
䫤	ming2
䫥	kui3
䫦	ge2
䫨	ao4
䫩	san3
䫪	shuang3
䫫	lou2
䫬	zhen3
䫭	hui4
䫮	chan2
䫰	lin4
䫱	na2
䫲	han4
䫳	du2
䫴	jin4
䫵	mian2
䫶	fan2
䫷	e4
䫸	chao1
䫹	hong2
䫺	hong2
䫻	yu4
䫼	xue4
䫽	pao1
䫾	bi1
䫿	chao1
䬀	you3
䬁	yi2
䬂	xue4
䬃	sa4
䬄	xu4
䬅	li4
䬆	li4
䬇	yuan4
䬈	dui4
䬉	huo4
䬊	sha4
䬋	leng2
䬌	pou1
䬍	hu1
䬎	guo2
䬏	bu4
䬐	rui2
䬑	wei4
䬒	sou1
䬓	an4
䬔	yu2
䬕	xiang1
䬖	heng2
䬗	yang2
䬘	xiao1
䬙	yao2
䬛	bi4
䬝	heng2
䬞	tao2
䬟	liu2
䬡	zhu4
䬣	xi4
䬤	zan4
䬥	yi4
䬦	dou4
䬧	yuan2
䬨	jiu4
䬪	bo2
䬫	ti2
䬬	ying3
䬮	yi2
䬯	nian2
䬰	shao4
䬱	ben4
䬲	gou1
䬳	ban3
䬴	mo4
䬵	gai1
䬶	en4
䬷	she3
䬹	zhi4
䬺	yang4
䬻	jian4
䬼	yuan4
䬽	shui4
䬾	ti2
䬿	wei3
䭀	xun4
䭁	zhi4
䭂	yi4
䭃	ren3
䭄	shi4
䭅	hu2
䭆	ne4
䭇	ye1
䭈	jian4
䭉	sui3
䭊	ying3
䭋	bao3
䭌	hu2
䭍	hu2
䭎	ye4
䭐	yang4
䭑	lian2
䭒	xi1
䭓	en4
䭔	dui1
䭕	zan3
䭖	zhu4
䭗	ying3
䭘	ying3
䭙	jin3
䭚	chuang2
䭛	dan4
䭝	kuai4
䭞	yi4
䭟	ye4
䭠	jian3
䭡	en4
䭢	ning2
䭣	ci2
䭤	qian3
䭥	xue4
䭦	bo1
䭧	mi3
䭨	shui4
䭩	mo2
䭪	liang2
䭫	qi3
䭬	qi3
䭭	shou3
䭮	fu2
䭯	bo2
䭰	beng4
䭱	bie2
䭲	yi3
䭳	wei4
䭴	huan2
䭵	fan2
䭶	qi2
䭷	mao2
䭸	fu4
䭹	ang2
䭺	ang3
䭻	fu4
䭼	qi2
䭽	qun2
䭾	tuo2
䭿	yi4
䮀	bo2
䮁	pian2
䮂	ba2
䮄	xuan2
䮇	yu4
䮈	chi2
䮉	lu2
䮊	yi2
䮋	li4
䮍	niao3
䮎	xi4
䮏	wu2
䮑	lei4
䮒	pu1
䮓	zhuo1
䮔	zui1
䮕	zhuo2
䮖	chang1
䮗	an4
䮘	er2
䮙	yu4
䮚	leng4
䮛	fu4
䮜	zha2
䮝	hun2
䮞	chun3
䮟	sou1
䮠	bi1
䮡	bi4
䮢	zha2
䮤	he2
䮥	li4
䮧	han4
䮨	zai3
䮩	gu2
䮪	cheng2
䮫	lou2
䮬	mo4
䮭	mi4
䮮	mai4
䮯	ao4
䮰	zhe2
䮱	zhu2
䮲	huang2
䮳	fan2
䮴	deng4
䮵	tong2
䮷	du2
䮸	wo4
䮹	wei4
䮺	ji4
䮻	chi4
䮼	lin2
䮽	biao1
䮾	long2
䮿	jian3
䯀	nie4
䯁	luo2
䯂	shen1
䯄	gua1
䯅	nie4
䯆	yi4
䯇	ku1
䯈	wan2
䯉	wa1
䯊	qia4
䯋	bo2
䯌	kao1
䯍	ling2
䯎	gan4
䯏	gua1
䯐	hai2
䯑	kuang1
䯒	heng2
䯓	kui1
䯔	ze2
䯕	ting1
䯖	lang2
䯗	bi4
䯘	huan4
䯙	po4
䯚	yao3
䯛	wan4
䯜	ti4
䯝	sui3
䯞	kua1
䯟	dui4
䯠	ao3
䯡	jian4
䯢	mo2
䯣	kui4
䯤	kuai4
䯥	an4
䯦	ma4
䯧	qing3
䯨	qiao1
䯪	kao3
䯫	hao4
䯬	duo3
䯭	xian1
䯮	nai2
䯯	suo1
䯰	jie4
䯱	pi1
䯲	pa1
䯳	song1
䯴	chang2
䯵	nie4
䯶	man2
䯷	song1
䯸	ci4
䯹	xian1
䯺	kuo4
䯼	di2
䯽	pou2
䯾	tiao2
䯿	zu2
䰀	wo3
䰁	fei4
䰂	cai4
䰃	peng2
䰄	sai1
䰆	rou2
䰇	qi2
䰈	cuo2
䰉	pan2
䰊	bo2
䰋	man2
䰌	zong3
䰍	ci4
䰎	kui4
䰏	ji4
䰐	lan2
䰒	meng2
䰓	mian2
䰔	pan2
䰕	lu2
䰖	zuan3
䰗	jiu1
䰘	liu2
䰙	yi3
䰚	wen2
䰛	li4
䰜	li4
䰝	zeng4
䰞	zhu3
䰟	hun2
䰠	shen2
䰡	chi4
䰢	xing4
䰣	wang3
䰤	dong1
䰥	huo4
䰦	pi3
䰧	hu1
䰨	mei4
䰩	che3
䰪	mei4
䰫	chao1
䰬	ju2
䰭	nou4
䰯	yi4
䰰	ru2
䰱	ling2
䰲	ya4
䰴	qi4
䰵	zi1
䰷	bang4
䰸	gong1
䰹	ze2
䰺	jie4
䰻	yu2
䰼	qin2
䰽	bei4
䰾	ba1
䰿	tuo2
䱀	yang1
䱁	qiao2
䱂	you3
䱃	zhi4
䱄	jie4
䱅	mo4
䱆	sheng2
䱇	shan4
䱈	qi2
䱉	shan4
䱊	mi3
䱋	gong3
䱌	yi2
䱍	geng4
䱎	geng4
䱏	tou3
䱐	fu1
䱑	xue2
䱒	ye4
䱓	ting2
䱔	tiao2
䱕	mou2
䱖	liu2
䱗	can1
䱘	li2
䱙	shu1
䱚	lu4
䱛	huo4
䱜	cuo4
䱝	pai2
䱞	liu2
䱟	ju4
䱠	zhan4
䱡	ju2
䱢	zheng1
䱣	zu2
䱤	xian4
䱥	zhi4
䱨	la4
䱫	la4
䱬	xu1
䱭	geng4
䱮	e2
䱯	mu2
䱰	zhong4
䱱	ti2
䱲	yuan2
䱳	zhan1
䱴	geng4
䱵	weng1
䱶	lang2
䱷	yu2
䱸	sou1
䱹	zha3
䱺	hai2
䱻	hua2
䱼	zhan3
䱽	chang1
䱾	lou2
䱿	chan4
䲀	zhi4
䲁	wei4
䲂	xuan2
䲃	zao3
䲄	min2
䲅	gui1
䲆	su1
䲉	si1
䲊	duo4
䲋	cen2
䲌	kuan3
䲍	teng2
䲎	nei3
䲏	lao2
䲐	lu3
䲑	yi2
䲒	xie4
䲓	yan3
䲔	qing2
䲕	pu1
䲖	chou2
䲗	xian2
䲘	guan3
䲙	jie2
䲚	lai4
䲛	meng2
䲜	ye4
䲝	chang1
䲞	li4
䲡	qiu1
䲣	yu2
䲦	dai4
䲧	du4
䲨	hong2
䲪	xi4
䲬	qi2
䲮	yuan2
䲯	ji2
䲰	yun4
䲱	fang3
䲲	gong1
䲳	hang2
䲴	zhen4
䲵	que4
䲸	jie4
䲹	pi2
䲺	gan4
䲻	xuan2
䲼	sheng1
䲽	shi2
䲾	qiao3
䲿	ci2
䳀	die2
䳁	bo2
䳂	diao1
䳃	wan3
䳄	ci2
䳅	zhi3
䳆	bai2
䳇	wu3
䳈	bao3
䳉	dan4
䳊	ba2
䳋	tong2
䳍	gong1
䳎	jiu4
䳏	gui4
䳐	ci4
䳑	you3
䳒	yuan2
䳓	lao3
䳔	ju2
䳕	fu2
䳖	nie4
䳗	e2
䳘	e2
䳙	xing3
䳚	kan4
䳛	yan4
䳜	tu2
䳝	pou3
䳞	beng3
䳟	ming2
䳠	shui4
䳡	yan4
䳢	qi2
䳣	yuan2
䳤	bie1
䳦	xuan1
䳧	hou2
䳨	huang2
䳩	yao1
䳪	juan4
䳫	kui2
䳬	e4
䳭	ji2
䳮	mo4
䳯	chong2
䳰	bao3
䳱	wu4
䳲	zhen4
䳳	xu4
䳴	ta4
䳵	chi4
䳶	xi1
䳷	cong2
䳸	ma2
䳹	kou4
䳺	yan4
䳻	can2
䳽	he4
䳾	deng1
䳿	ran2
䴀	tong2
䴁	yu4
䴂	xiang4
䴃	nao2
䴄	shun4
䴅	fen2
䴆	pu2
䴇	ling2
䴈	ao3
䴉	huan2
䴊	yi2
䴋	huan2
䴌	meng2
䴍	ying1
䴎	lei3
䴏	yan4
䴐	bao3
䴑	die2
䴒	ling2
䴚	gang3
䴛	xiao1
䴜	wai1
䴝	chuai4
䴞	di2
䴟	huan2
䴠	yao3
䴡	li4
䴢	mi2
䴣	hu1
䴤	sheng1
䴥	jia1
䴦	yin2
䴧	wei1
䴩	piao2
䴪	lu4
䴫	ling2
䴬	yi4
䴭	cai2
䴮	shan4
䴯	hu1
䴰	shu2
䴱	tuo1
䴲	mo4
䴳	hua2
䴴	tie4
䴵	bing3
䴶	peng2
䴷	hun2
䴸	fu1
䴹	guo3
䴺	bu4
䴻	li2
䴼	chan4
䴽	pi2
䴾	cuo2
䴿	meng2
䵀	suo3
䵁	qiang4
䵂	zhi2
䵃	kuang4
䵄	feng1
䵅	ao2
䵆	meng2
䵇	xian4
䵈	ku4
䵉	tou2
䵊	tuan1
䵋	wei3
䵌	xian1
䵎	tuan1
䵏	lao3
䵐	chan3
䵑	ni4
䵒	ni4
䵓	li2
䵔	dong3
䵕	ju4
䵖	qian4
䵗	bo2
䵘	shai4
䵙	zha1
䵚	tao3
䵛	qian4
䵜	nong3
䵝	yi4
䵞	jing4
䵟	gan3
䵠	di2
䵡	jian3
䵢	mei4
䵣	da2
䵤	jian3
䵥	yu4
䵦	xie4
䵧	zai4
䵨	mang2
䵩	li2
䵪	gun4
䵫	xun1
䵬	ta4
䵭	zhe4
䵮	yang4
䵯	tuan3
䵰	shang1
䵱	xi4
䵲	qiao1
䵳	wei4
䵴	ying4
䵵	chua1
䵶	qu2
䵷	wa1
䵹	zhi1
䵺	ting3
䵻	gu3
䵼	shang1
䵽	ca4
䵾	fu2
䵿	tie4
䶀	ta4
䶁	ta4
䶂	zhuo2
䶃	han2
䶄	ping2
䶅	he2
䶆	zhui1
䶇	zhou4
䶈	bo2
䶉	liu2
䶊	nv4
䶋	xi1
䶌	pao4
䶍	di4
䶎	he1
䶏	ti4
䶐	wai4
䶑	ti4
䶒	qi2
䶓	ji4
䶔	chi2
䶕	ba4
䶖	jin4
䶗	ke4
䶘	li4
䶙	ju4
䶚	qu3
䶛	la4
䶜	gu3
䶝	qia4
䶞	qi2
䶟	xian4
䶠	jian3
䶡	shi2
䶢	jian1
䶣	ai2
䶤	hua2
䶥	zha1
䶦	ze2
䶧	yao3
䶨	zhan1
䶩	ji4
䶪	cha4
䶫	yan4
䶬	jian1
䶰	jiao1
䶱	tong2
䶲	nan2
䶳	yue4
䶵	chi2
䶷	jiao4
䶸	yao1
䶹	zuo3
丂	kao3
丄	shang4
丅	xia4
丆	han3
丌	ji1
丒	chou3
丗	shi4
丠	qiu1
両	liang3
丣	you3
丨	gun3
丩	jiu1
丬	qiang2
丮	ji3
丯	jie4
丱	guan4
丳	chan3
丵	zhuo2
丶	zhu3
丷	ba1
丼	jing3
丿	pie3
乀	fu2
乁	yi2
乄	wu3
乆	jiu3
乇	tuo1
乊	yi1
乑	yin2
乕	hu3
乗	cheng2
乚	yin3
乛	yi3
乢	gai4
乣	jiu3
乤	xia4
乥	hu4
乧	dou3
乨	shi3
乪	nang2
乫	jia1
乬	ju4
乭	shi2
乮	mao3
乯	hu1
乲	zi1
乴	xue2
乵	yan3
乶	fu3
乷	sha1
乹	gan1
乺	suo3
乻	yu2
乼	zhu4
乽	zhe3
乿	zhi4
亀	gui1
亁	gan1
亃	lin3
亄	yi4
亅	jue2
亇	ge4
亊	shi4
亐	yu2
亖	si4
亗	sui4
亙	gen4
亜	ya4
亝	qi2
亠	tou2
亣	da4
亪	ye
亯	xiang3
亰	jing1
亱	ye4
亴	you4
亷	lian2
亻	ren2
亼	ji2
亽	ji2
亾	wang2
仈	ba1
仌	bing1
仏	fo2
仐	san3
仒	bing1
仚	xian1
仛	tuo1
仜	hong2
仠	gan3
仢	bo2
仦	chao4
仧	chang2
仩	chang2
仭	ren4
仮	fan3
仯	chao4
仱	qian2
仴	wo4
仸	yao3
仹	feng1
仺	cang1
仼	wang2
仾	di1
伀	zhong1
伂	pei4
伃	yu2
伄	diao4
伅	dun4
伆	wu4
伇	yi4
伌	ai4
伒	jin4
伓	pi1
伔	dan3
伕	fu1
伖	tang3
伜	cui4
伝	yun2
伡	che1
伨	xun4
伩	xin4
伬	chi3
伮	nu3
伱	ni3
伳	xie4
伵	xu4
伷	zhou4
伹	qu1
伻	beng1
伿	yi4
佀	si4
佂	zheng1
佄	han1
佅	mai4
佇	zhu4
佉	qu1
佊	bi3
佋	zhao1
佌	ci3
佒	yang3
佔	zhan4
佡	xian1
佢	qu2
佦	you4
佧	ka3
佨	bao1
佪	hui2
佫	he4
佭	xiang2
佮	ge2
佱	fa3
佲	ming3
佷	hen3
佹	gui3
侀	xing2
侅	gai1
侇	yi2
侊	guang1
侌	yin1
侎	mi3
侐	xu4
侒	an1
侓	lu4
侕	er2
侖	lun2
侙	chi1
侚	xun4
侜	zhou1
侞	ru2
侟	cun2
価	si4
侢	dai4
侤	ta
侫	ning4
侭	jin3
侰	jiong3
侱	cheng3
侲	zhen4
侳	zuo4
侶	lv3
侷	ju2
侸	shu4
侺	shen4
侻	tui4/tuo1
侼	bo2
侽	nan2
侾	xiao1
俀	tui3
俁	yu3
俆	xu2
俇	guang4
俈	ku4
俉	wu3
俋	yi4
俌	fu3
俒	hun4
俓	jing4
俔	qian4
俕	san4
俖	pei3
俛	fu3/mian3
俢	xiu1
俤	di4
俥	che1
俧	zhi4
俬	si1
俰	huo4
俲	xiao4
俴	jian4
俷	fei4
俹	ya4
俻	bei4
俼	yu4
俽	xin1
俿	hu3
倀	chang1
倁	zhi1
倂	bing4
倃	jiu4
倄	yao2
倅	cui4
倇	wan3
倈	lai2
倊	zong4
倎	tian3
倐	shu1
倗	peng2
倛	qi1
倝	gan4
倠	sui1
倢	jie2
値	zhi2
倯	song1
倰	leng4
倱	hun4
倲	dong1
倳	zi4
倵	wu3
倶	ju4
倷	nai3
倸	cai3
倹	jian3
倽	sha4
倿	ning4
偀	ying1
偂	qian2
偄	ruan3
偅	zhong4
偆	chun3
偊	yu3
偋	bing4
偍	ti2
偐	yan4
偑	feng1
偒	tang3
偔	e4
偖	che3
偗	sheng3
偘	kan3
偙	di4
偛	cha1
偝	bei4
偞	xie4
偟	huang2
偠	yao3
偢	chou3/qiao4
偣	yan1
偤	you2
偦	xu3
偧	zha1
偨	ci1
偩	fu4
偪	bi1
偫	zhi4
偮	ji2
偯	yi3
偱	xun2
偳	duan1
偸	tou1
偹	bei4
偺	za2/zan2/zan
偼	jie2
傁	sou3
傂	zhi4
傄	xia1
傆	yuan4
傇	rong3
傊	yun4
傋	jiang3
傌	ma4
傎	dian1
傏	tang2
傐	hao4
傓	shan4
傔	qian4
傖	cang1/chen
傗	chu4
傚	xiao4
傛	yong3
傜	yao2
傝	tan4
傞	suo1
傟	yang3
傠	fa2
傡	bing4
傤	zai4
傦	gu3
傪	can1
傫	lei3
傮	zao1
傯	zong3
傰	beng1
傱	song3
傴	yu3
傶	zu2
傸	chuang3
傹	jing4
傼	han4
傽	zhang1
傿	yan4
僀	di4
僁	xie4
僂	lou2/lv3
僃	bei4
僄	piao4
僆	lian4
僈	man2
僉	qian1
僊	xian1
僋	tan4
僌	ying2
働	dong4
僐	shan4
僒	jiong3
僓	tui3
僗	lao2
僘	chang3
僙	guang1
僛	qi1
僜	cheng1
僝	chan2
僞	wei3
僟	ji1
僠	bo1
僡	hui4
僢	chuan3
僣	tie3
僤	dan4
僨	fen4
僩	xian4
僪	ju2
僫	e4
僯	lin4
僲	xian1
僴	xian4
僶	min3
僷	ye4
僸	jin4
僺	qiao4
僼	feng1
僽	zhou4
僾	ai4
僿	sai4
儁	jun4
儂	nong2
儃	chan2
儅	dang4
儈	kuai4
儊	chu4
儌	jiao3
儍	sha3
儎	zai4
儏	can4
儐	bin1
儑	an2
儓	tai2
儔	chou2
儕	chai2
儖	lan2
儗	ni3
儙	qian4
儚	meng2
儛	wu3
儜	ning2
儝	qiong2
儞	ni3
儠	lie4
儢	lv3
儣	kuang3
儤	bao4
儥	yu4
儧	zan3
儨	zhi4
儩	si4
儫	hao2
儬	qing4
儭	chen4
儮	li4
儯	teng2
儰	wei3
儱	long3
儵	shu1
儶	hui4
儷	li4
儸	luo2
儹	zan3
儺	nuo2
儻	tang3
儼	yan3
儽	lei2
儾	nang4
兂	zan1
兊	dui4
兎	tu4
兏	chang2
児	er2
兓	jin1
兗	yan3
兘	shi3
兛	qian1
兝	fen1
兞	mao2
兟	shen1
兠	dou1
兣	li3
兤	huang3
兦	wang2
兪	yu2
兯	han
兲	tian1
兺	fen1
兾	ji4
兿	yi4
冂	jiong1
冃	mao4
冄	ran3
円	yuan2
冇	mao3
冋	jiong1
冎	gua3
冐	mao4
冑	zhou4
冓	gou4
冖	mi4
冘	yin2
冚	kan3
冝	yi2
冞	mi2
冟	shi4
冡	meng2
冣	ju4
冦	kou4
冧	lin2
冨	fu4
冩	xie3
冪	mi4
冫	bing1
冭	tai4
冴	hu4
冸	pan4
冹	fu2
冺	min3
冾	qia4
冿	jian1
凁	sou1
凂	mei3
凃	tu2
凅	gu4
凈	jing4
凊	qing4
凎	gan4
凐	yin1
凒	ai2
凔	chuang4
凕	ming3
凖	zhun3
凗	cui1
凙	duo2
凚	jin4
凞	xi1
凟	du2
凢	fan2
凣	fan2
凥	ju1
処	chu3/chu4
凧	zheng1
凨	feng1
凩	mu4
凪	zhi3
凬	feng1
凮	feng1
凲	gan1
凴	ping2
凵	qian3
凷	kuai4
凾	han2
刂	dao1
刄	ren4
刅	chuang1
刉	ji1
刋	qian4
刌	cun3
刏	ji1
刐	dan3
刓	wan2
刔	jue2
刕	li2
刜	fu2
刞	qu4
刟	diao1
刡	min3
刢	ling2
刣	zhong1
刦	jie2
刧	jie2
刯	geng1
刱	chuang4
刲	kui1
刴	duo4
刵	er4
刼	jie2
刾	ci4
剄	jing3
剆	luo3
剈	yuan1
剉	cuo4
剏	chuang4
剒	cuo4
剓	li2
剗	chan3/chan4
剘	qi2
剙	chuang4
剚	zi4
剠	qing2
剢	du1
剣	jian4
剤	ji4
剦	yan1
剨	huo1
剫	duo2
剬	duan1
剭	wu1
剮	gua3
剰	sheng4
剱	jian4
剳	da2
剴	kai3
剶	chuan1
剷	chan3
剸	tuan2
剹	lu4
剺	li2
剻	peng3
剼	shan1
剾	kou1
劀	gua1
劅	zhuo2
劆	lian2
劉	liu2
劊	gui4
劋	jiao3
劌	gui4
劎	jian4
劏	tang1
劒	jian4
劔	jian4
劕	zhi4
劖	chan2
劗	jian3
劘	mo2
劙	li2
劚	zhu3
劜	ya4
劤	jin4
劥	keng1
劦	xie2
劧	zhi3
劮	yi4
劯	zhu1
劰	mo4
労	lao2
劵	juan4
劶	kou3
劷	yang2
劸	wa1
効	xiao4
劺	mou2
劻	kuang1
劽	lie4
勀	ke4
勂	gao4
勄	min3
勅	chi4
勆	lang2
勈	yong3
勊	ke4
勌	juan4
勎	lu4
勏	bu4
勑	chi4
勓	kai4
勗	xu4
勛	xun1
勜	weng3
勡	piao4
勣	ji1
勥	jiang4
勦	chao1/jiao3
勧	quan4
勨	xiang4
勩	yi4
勪	jue2
勫	fan1
勬	juan1
勭	tong2
勮	ju4
勯	dan1
勱	mai4
勲	xun1
勳	xun1
勴	lv4
勶	che4
勷	rang2
勹	bao1
勼	jiu1
勽	bao4
匁	wen2
匂	xiong1
匃	gai4
匄	gai4
匇	yi4
匉	peng1
匊	ju1
匋	tao2
匌	ge2
匎	e4
匑	gong1
匒	da2
匓	jiu4
匔	gong1
匘	nao3
匚	fang1
匛	jiu4
匞	jiang4
匟	kang4
匢	hu1
匤	qu1
匥	fan2
匧	qie4
匨	zang1
匩	kuang1
匫	hu1
匬	yu3
匭	gui3
匰	dan1
匱	gui4
匲	lian2
匳	lian2
匴	suan3
匵	du2
匶	jiu4
匷	jue2
匸	xi4
匽	yan3
卂	xun4
卄	nian4
卆	zu2
卋	shi4
卌	xi4
卍	wan4
卐	wan4
単	dan1
卙	ji2
卛	shuai4
卝	kuang4
卥	xi1
卨	xie4
卩	jie2
卪	jie2
卭	qiong2
卲	shao4
卶	chi3
卹	xu4
卼	wu4
卽	ji2
卾	e4
厀	xi1
厁	san1
厃	wei3
厇	zhe2
厈	han3
厊	ya3
厎	di3
厏	zha3
厐	pang2
厑	ya2
厒	qie4
厓	ya2
厔	zhi4
厗	ti2
厙	she4
厛	ting1
厜	zui1
厞	fei4
厠	ce4
厡	yuan2
厤	li4
厧	dian1
厪	jin3
厫	ao2
厬	gui3
厯	li4
厰	chang3
厱	lan2
厳	yan2
厴	yan3
厵	yuan2
厶	si1
厷	gong1
厸	lin2
厹	rou2
厺	qu4
厼	er3
厽	lei3
叀	zhuan1
叄	can1
叅	can1
収	shou1
叏	guai4
叐	ba2
叒	ruo4
叓	shi4
叜	sou3
叝	ji2
叞	wei4
叡	rui4
叧	gua3
叴	qiu2
叺	chi3
叾	liao3
叿	hong1
吀	mie1
吂	mang2
吅	xuan1
吇	zi3
吋	cun4/ying1
吔	ye3
吘	ou3
吙	huo1
吚	yi1
吜	chou3
吢	qin4
吤	jie4
吥	bu4
吪	e2
吰	hong2
吳	wu2
吷	xue4
吺	dou1
吿	gao4
呁	jun4
呂	lv3
呄	ge2
呅	mei2
呉	wu2
呌	jiao4
呍	hong1
呎	chi3/ying1
呏	sheng1
呑	tun1
呚	qi4
呝	e4
呞	shi1
呟	juan3
呠	pen3
呡	wen3
呥	ran2
呧	di3
呩	shi4
呪	zhou4
呫	tie4
呬	xi4
呭	yi4
呮	qi4
呯	ping2
呰	zi3
呴	xu3
呹	yi4
呺	xiao1
呾	da2
呿	qu4
咁	han2
咃	tuo1
咅	pou3
咈	fu2
咑	da1
咓	wa3
咗	zuo
咘	bu4
咜	tuo1
咞	xian4
咟	huo4
咠	qi4
咢	e4
咭	ji1
咮	zhou4
咰	shu4
咲	xiao4
咵	kua3
咶	huai4
咷	tao2
咹	e4
咼	guo1
咾	lao3
哅	xiong1
哊	you4
哋	die4
哖	nian2
哘	xing2
哛	fen1
哜	ji4
哠	hao4
哣	pou3
哤	mang2
哫	zu2
哬	he2
哯	xian4
哰	lao2
哴	liang4
哵	ba1
哶	mie1
哷	lie4
哸	sui1
哹	fu2
哻	han1
哾	shuo1
唀	you4
唂	gu1
唃	gu3
唅	han2
唈	yi4
唊	jia2
唋	tu1
唌	xian2
唍	wan3
唎	li4
唒	qiu2
唓	che1
唕	zao4
唖	ya3
唗	dou1
唘	qi3
唙	di2
唚	qin4
唜	mo4
唞	dou3
唟	qu4
唡	liang3/ying1
唥	leng2
唦	sha1
唨	zu3
唩	wo1
唫	jin4/yin2
唭	qi4
唲	er2
唴	qiang4
唶	ze2
唸	nian4
唹	yu1
唺	tian3
唻	lai4
唽	xi1
啀	ai2
啂	nou3
啅	zhuo2
啇	di4
啈	heng1/heng4
啋	cai3
啌	xiang1
啍	tun1
啎	wu3
啑	sha4
啒	gu3
啓	qi3
啔	qi3
啗	dan4
啘	ye4
啙	zi3
啚	bi3
啛	cui4
啝	he2
啠	zhe2
啢	liang3/ying1
啣	xian2
啨	ying1
啩	gua4
啯	guo1
啱	yan2
啲	di1
啳	quan2
啹	ju2
啺	tang2
啽	an2
啿	dan4
喅	yu4
喌	zhou1
喍	chai2
喎	wai1
喐	yu4
喒	za2/zan2/zan
喓	yao1
喕	mian3
喖	hu2
喗	yun3
喛	huan4
喞	ji1
喠	zhong3
喡	wei2
喢	sha4
喣	xu4
喥	duo2
喦	nie4
喨	liang4
喩	yu4
喫	chi1
喭	yan4
喯	pen4
喰	can1
喴	wei1
営	ying2
喸	bu3
喺	xi2
喼	jie1
喿	zao4
嗀	hu4
嗁	ti2
嗂	yao2
嗃	he4
嗆	qiang1/qiang4
嗈	yong1
嗊	hong3
嗋	xie2
嗏	cha1
嗕	ru4
嗗	wa1
嗘	ji1
嗙	pang3
嗛	qian3
嗠	lao4
嗢	wa4
嗩	suo3
嗭	zhi2
嗮	sai4
嗰	ge3
嗱	na2
嗴	qiang1
嗶	bi4
嗸	ao2
嗹	lian2
嗺	zui1
嗻	zhe1/zhe4
嗼	mo4
嗿	tan3
嘂	jiao4
嘃	chong1
嘄	jiao1
嘅	kai3
嘇	shan1
嘊	ai2
嘋	xiao4
嘐	xiao1
嘑	hu1
嘒	hui4
嘓	guo1
嘕	xian1
嘖	ze2
嘙	po2
嘜	ma4
嘝	hu2
嘠	ga1
嘢	ye3
嘥	sai1
嘦	jiao4
嘨	xiao4
嘪	mai3
嘫	ran2
嘮	lao2/lao4
嘰	ji1
嘳	kui4
嘵	xiao1
嘷	hao2
嘸	fu3/wu3/m2
嘺	qiao2
嘼	chu4
嘽	chan3/tan1
嘾	dan4
噁	e3
噃	fan1
噄	chi1
噅	hui1
噆	zan3
噈	cu4
噉	dan4
噊	yu4
噋	tun1
噏	xi1
噐	qi4
噑	hao2
噒	lian2
噕	hui1
噖	yin2
噚	xun2
噛	nie4
噝	si1
噞	yan3
噟	ying4
噠	da1/da2
噡	zhan1
噣	zhou4
噥	nong2
噦	hui4/yue3
噧	xie4
噭	jiao4
噮	yuan4
噯	ai1/ai3/ai4
噰	yong1
噲	kuai4
噳	yu3
噵	dao4
噷	xin1/hm
噹	dang1
噺	xin1
噽	pi3
噾	yin1
噿	zui3
嚁	di2
嚂	lan4
嚃	ta1
嚈	ye4
嚉	duo1
嚊	pi4
嚋	chou2
嚌	ji4
嚍	jin4
嚐	chang2
嚑	xun1
嚒	me1
嚔	ti4
嚕	lu3
嚖	hui4
嚗	bo2
嚘	you1
嚙	nie4
嚛	hu4
嚜	me/mo4
嚝	hong1
嚞	zhe2
嚟	li2
嚠	liu2
嚡	hai2
嚢	nang2
嚤	mo2
嚦	li4
嚧	lu2
嚩	mo2
嚪	dan4
嚫	chen4
嚬	pin2
嚰	mo2
嚱	xi4
嚲	duo3
嚳	ku4
嚵	chan2
嚶	ying1
嚸	dian3
嚹	la2
嚺	ta4
嚻	xiao1
嚽	chuo4
嚾	huan1
嚿	huo4
囀	zhuan4
囁	nie4
囃	ca4
囄	li2
囅	chan3
囆	chai4
囇	li4
囈	yi4
囋	za2
囌	su1
囍	xi3
囎	zeng4
囏	jian1
囐	za2
囒	lan2
囓	nie4
囕	lan3
囖	luo1
囗	wei2
囘	hui2
囙	yin1
囜	nin2
囝	jian3/nan1
団	tuan2
囥	kang4
囦	yuan1
囧	jiong3
囨	pian1
囩	yun2
囬	hui2
囮	e2
囯	guo2
囲	tong1
図	tu2
囶	guo2
囸	ri4
囻	guo2
囼	tai1
圀	guo2
圁	yin2
圂	hun4
圅	han2
圇	lun2
圎	yuan2
圏	quan1
圑	pu3
圔	ya4
圕	tu2
圗	tu2
圚	hui4
圛	yi4
圝	luan2
圞	luan2
圠	ya4
圡	tu3
圤	pu2
圥	lu4
圦	kuai4
圧	ya1
圱	qian1
圴	zhuo2
圵	dang4
圶	qia4
圷	xia4
圸	shan1
圼	nie4
圽	mo4
圿	jia2
坁	zhi3
坃	xun1
坄	yi4
坅	qin3
坆	mei2
坈	rong3
坓	jing3
坔	di4
坕	jing1
坖	ji4
坘	di3
坙	jing1
坢	ban4
坣	tang2
坧	zhi1
坮	tai2
坱	yang3
坲	fo2
坴	lu4
坵	qiu1
坶	mu3
坸	gou4
坹	xue4
坺	ba2
坾	zhu4
坿	fu4
垀	hu1
垁	zhi4
垅	long3
垇	ao4
垉	pao2
垊	min2
垐	ci2
垑	chi3
垔	yin1
垖	dui1
垗	zhao4
垘	fu2
垜	duo3/duo4
垝	gui3
垥	xie2
垨	shou3
垪	bing4
垬	hong2
垰	ka3
垳	hang2
垶	xing1
垷	xian4
垹	bang1
垻	ba4
垼	yi4
垽	yin4
埀	chui2
埁	qin2
埄	beng3
埅	fang2
埈	jun4
埉	jia1
埊	di4
埍	juan3
埐	jin1
埑	zhe2
埓	lie4
埖	hua1
埛	jiong1
埜	ye3
埞	di1
埡	ya1
埢	quan2
埣	sui4
埥	qing1
埦	wan3
埧	ju4
埨	lun3
埩	zheng1
埬	dong1
埮	tan4
埰	cai4
埱	chu4
埲	beng3
埳	kan3
埶	yi4
埻	zhun3
埾	ju4
埿	ni2
堀	ku1
堁	ke4
堄	ni4
堈	gang1
堊	e4
堏	fang2
堒	kun1
堓	an4
堔	shen1
堖	nao3
堗	tu1
堘	cheng2
堚	hun2
堛	bi4
堜	lian4
堝	guo1
堟	zhuan4
堢	bao3
堣	yu2
堥	mao2
堦	jie1
堩	geng4
堫	zong1
堬	yu2
堭	huang2
堮	e4
堯	yao2
堳	mei2
堶	tuo2
堷	yin4
堸	feng2
堹	zhong4
堺	jie4
堻	jin1
堿	jian3
塀	ping2
塁	lei3
塂	xiang4
塃	huang1
塇	xuan1
塈	ji4
塉	ji2
塋	ying2
塎	yong3
塏	kai3
塐	su4
塒	shi2
塓	mi4
塕	weng3
塖	cheng2
塙	que4
塚	zhong3
塛	li4
塜	zhong3
塟	zang4
塠	dui1
塡	tian2
塣	zheng4
塤	xun1
塦	zhen4
塧	ai4
塨	gong1
塩	yan2
塪	kan3
塭	wen1
塮	xie4
塯	liu4
塰	hai3
塲	chang2/chang3
塳	peng2
塴	beng4
塶	lu4
塷	lu3
塸	ou1
塹	qian4
塺	mei2
塻	mo4
塼	zhuan1
塽	shuang3
塿	lou3
墂	biao1
墄	ce4
墆	zhi4
墇	zhang4
墋	chen3
墌	zhi2
墍	xi4
墎	guo1
墏	qiang3
墑	di4
墔	cui1
墖	ta3
増	zeng1
墛	wei4
墝	qiao1
墠	shan4
墢	ba2
墤	kuai4
墥	dong3
墧	que4
墪	dun1
墫	zun1
墭	sheng4
墯	duo4
墰	tan2
墱	deng4
墲	mu2
墴	huang2
墵	tan2
墶	da1/da
墷	ye4
墸	zhu4
墹	jian4
墺	ao4
墻	qiang2
墽	qiao1
墿	yi4
壀	pi2
壂	dian4
壃	jiang1
壄	ye3
壆	xue2
壈	lan3
壉	ju4
壊	huai4
壋	dang4
壌	rang3
壍	qian4
壎	xun1
壏	xian4
壐	xi3
壒	ai4
壔	dao3
壖	ruan2
壗	jin4
壙	kuang4
壚	lu2
壛	yan2
壜	tan2
壝	wei3
壠	long3
壡	rui4
壢	li4
壣	lin2
壥	chan2
壦	xun1
壧	yan2
壨	lei2
壪	wan1
壭	san
壱	yi1
売	mai4
壴	zhu4
壵	zhuang4
壷	hu2
壻	xu4
壼	kun3
壾	mang3
壿	zun1
夀	shou4
夁	yi1
夂	zhi3
夃	gu3
夅	jiang4
夆	feng2
夈	zhai1
変	bian4
夊	sui1
夋	qun1
夌	ling2
夎	cuo4
夑	xie4
夒	nao2
夓	xia4
夗	yuan4
夘	mao3
夛	duo1
夝	qing2
夞	wai4
夡	qi4
夣	meng4
夦	chen3
夨	ze4
夰	gao3
夲	tao1
夳	tai4
夵	yan3
夶	bi3
夻	hua4
夽	yun3
夿	ba1
奀	en1
奃	di1
奅	pao4
奆	juan4
奊	xie2
奌	dian3
奍	quan1
奐	huan4
奒	kai1
奙	ben3
奛	huang3
奜	fei3
奝	diao1
奞	xun4
奟	beng1
奣	weng3
奤	ha3/tai3
奦	wu4
奧	ao4
奨	jiang3
奩	lian2
奫	yun1
奬	jiang3
奯	huo4
奰	bi4
奱	luan2
奲	duo3
奵	ding3
奷	qian1
奺	jiu3
奻	nuan2
奼	cha4
奾	xian1
奿	fan4
妀	ji3
妅	hong2
妉	dan1
妋	fu1
妌	jing4
妎	hai4
妏	wen4
妐	zhong1
妑	pa1
妔	keng1
妕	zhong4
妚	fou3
妛	chi1
妜	yue4
妝	zhuang1
妟	yan4
妠	na4
妡	xin1
妢	fen2
妦	feng1
妬	du4
妰	zhuo2
妱	zhao1
妳	nai3
妴	yuan4
妵	tou3
妶	xian2
妷	zhi2
妸	e1
妺	mo4
妼	bi4
妽	shen1
妿	e1
姀	he2
姁	xu3
姂	fa2
姃	zheng1
姄	min2
姅	ban4
姇	fu1
姉	zi3
姌	ran3
姍	shan1
姎	yang1
姏	man2
姕	zi1
姖	ju4
姙	ren4
姛	dong4
姟	gai1
姠	xiang4
姡	hua2
姢	juan1
姦	jian1
姧	jian1
姩	nian4
姫	ji1
姭	xian4
姯	guang1
姰	jun1
姲	yan4
姳	ming3
姴	lie4
姵	pei4
姷	you4
姸	yan2
姺	shen1
姼	shi2
姾	quan2
娂	hong2
娊	xian4
娋	shao4
娍	cheng2
娎	xie4
娏	mang2
娐	fu1
娒	mei2
娔	ke4
娕	chuo4
娖	chuo4
娗	ting3
娙	xing2
娚	nan2
娝	pou1
娞	nei3
娡	zhi4
娢	han2
娤	zhuang1
娦	pin2
娧	tui4
娨	xian4
娪	wu2
娫	yan2
娬	wu3
娭	ai1/xi1
娮	yan2
娯	yu2
娰	si4
娳	li4
娷	zhui4
娸	qi1
娹	xian2
娺	zhuo2
娻	dong1
娽	lu4
娾	ai3
娿	e1
婁	lou2
婂	mian2
婃	cong2
婄	pou3
婅	ju2
婇	cai3
婈	ling2
婋	xiao1
婎	hui1
婏	fan4
婐	wo3
婑	rui2
婒	tan2
婓	fei1
婔	fei1
婖	tian1
婗	ni2
婙	jing4
婛	jing1
婜	qian1
婝	dian4
婟	hu4
婡	lai2
婣	yin1
婥	chuo4
婨	lun2
婩	an4
婬	yin2
婭	ya4
婮	ju1
婯	li4
婰	dian3
婱	xian2
婲	hua1
婸	dang4
婹	yao3
婽	jia3
婾	tou1
媀	yu4
媁	wei2
媃	rou2
媅	dan1
媇	qin1
媈	hui1
媉	wo4
媊	qian2
媋	chun1
媌	miao2
媍	fu4
媎	jie3
媏	duan1
媐	yi2
媑	zhong4
媔	mian2
媕	an1
媗	xuan1
媘	jie1
媙	wei1
媜	zheng1
媝	qiu1
媟	xie4
媠	tuo3
媡	lian4
媢	mao4
媣	ran3
媤	si1
媥	pian1
媦	wei4
媧	wa1
媨	cu4
媩	hu2
媫	jie2
媬	bao3
媮	tou1
媯	gui1
媰	chu2
媴	yuan2
媶	rong2
媷	ru4
媹	liu2
媺	mei3
媻	pan2
媼	ao3
媿	kui4
嫀	qin2
嫃	zhen1
嫅	jie1
嫆	rong2
嫇	ming2
嫈	ying1
嫊	su4
嫋	niao3
嫍	tao1
嫎	pang2
嫏	lang2
嫐	nao3
嫑	bao2
嫓	pi4
嫗	yu4
嫙	xuan2
嫛	yi1
嫝	kang1
嫞	yong1
嫟	ni4
嫢	gui1
嫤	jin3
嫥	zhuan1
嫧	ze2
嫨	han1
嫬	zhe1
嫮	hu4
嫯	ao4
嫰	nen4
嫲	ma1
嫳	pie4
嫴	gu1
嫵	wu3
嫶	qiao2
嫷	tuo3
嫸	zhan3
嫹	miao2
嫺	xian2
嫻	xian2
嫼	mo4
嫾	lian2
嫿	hua4
嬀	gui1
嬁	deng1
嬂	zhi2
嬃	xu1
嬄	yi1
嬅	hua4
嬆	xi1
嬇	kui4
嬈	rao2/rao3
嬊	yan4
嬋	chan2
嬍	mei3
嬎	fan4
嬏	fan1
嬐	xian1
嬑	yi4
嬒	hui4
嬓	jiao4
嬔	fu4
嬕	shi4
嬘	sui4
嬙	qiang2
嬚	lian3
嬜	xin1
嬝	niao3
嬞	dong3
嬟	yi4
嬠	can1
嬡	ai4
嬢	niang2
嬣	ning2
嬤	ma1
嬦	chou2
嬧	jin4
嬨	ci2
嬩	yu2
嬪	pin2
嬫	rong2
嬭	nai3
嬮	yan1
嬯	tai2
嬱	qian4
嬲	niao3
嬳	yue4
嬵	mian2
嬶	bi2
嬹	xing4
嬺	ni4
嬻	du2
嬼	liu3
嬽	yuan1
嬾	lan3
孁	ling2
孂	jiao3
孃	niang2
孄	lan3
孆	ying1
孇	shuang1
孈	hui4
孉	quan2
孊	mi3
孋	li2
孌	luan2
孍	yan2
孎	zhu2
孏	lan3
孒	jue2
孞	xin4
孠	si4
孡	tai1
孧	you4
孨	zhuan3
孭	mie1
孮	cong2
孯	qian1
孲	ya1
孴	ni3
孶	zi1
孷	li2
孹	bo4
孻	nai2
孼	nie4
孾	ying1
孿	luan2
宀	mian2
宂	rong3
宆	qiong2
宊	tu1
宍	rou4
宎	yao3
宐	yi2
宑	jing3
宒	zhun1
宔	zhu3
宖	hong2
実	shi2
宨	tiao3
宩	shi3
宭	qun2
宯	xiao1
宱	zha4
宲	bao3
宷	shen3
宺	huang3
宻	mi4
宼	kou4
寀	cai3/cai4
寃	yuan1
寈	qing1
寉	he4
寊	zhen1
寋	jian4
寍	ning2
寎	bing4
寏	huan2
寑	qin3
寔	shi2
寕	ning2
寖	jin4
寘	zhi4
寙	yu3
寚	bao3
寛	kuan1
寜	ning2
寠	ju4
寢	qin3
寣	hu1
寪	wei3
寭	hui4
寯	jun4
寱	yi4
寲	yi2
寳	bao3
寴	qin1
寷	feng1
寽	lv4
対	dui4
尀	po3
専	zhuan1
尃	fu1
尅	ke4/kei1
尌	shu4
尐	jie2
尒	er3
尓	er3
尗	shu1
尙	shang4
尛	mo2
尞	liao4
尟	xian3
尠	xian3
尡	kun1
尣	wang1
尦	liao4
尩	wang1
尫	wang1
尭	yao2
尮	duo4
尯	kui4
尰	zhong3
尲	gan1
尳	gu3
尵	tui2
尶	gan1
屄	bi1
屇	tian2
屌	diao3
屒	zhen3
屓	xie4
屔	ni2
屖	xi1
屗	wei3
屘	man3
屚	lou4
屛	ping2
屝	fei4
屟	xie4
屧	xie4
屨	ju4
屩	jue1
屪	liao2
屫	jue2
屭	xi4
屮	che4
屰	ni4
屲	wa1
屳	xian1
屴	li4
屵	e4
屶	hui4
屷	hui4
屸	long2
屻	ren4
屽	han4
岀	chu1
岃	ren4
岄	yue4
岅	ban3
岆	yao3
岇	ang2
岉	wu4
岋	e4
岎	fen2
岏	wan2
岒	qian2
岓	qi2
岕	jie4
岝	zuo4
岟	yang3
岤	xue2
岥	po1
岦	li4
岧	tiao2
岪	fu2
岮	tuo2
岯	pi2
岰	ao4
岲	kuang4
岴	qu1
岶	po4
岹	tiao2
岺	ling2
岻	chi2
岼	ping2
岾	han4
峀	xiu4
峅	bian4
峆	he2
峇	ba1
峈	luo4
峉	e4
峊	fu4
峌	die2
峍	lu4
峎	en3
峏	er2
峐	gai1
峑	quan1
峓	yi2
峔	mu3
峕	shi2
峖	an1
峚	mi4
峜	ji4
峝	tong2
峞	wei2
峟	you4
峠	qia3
峢	li3
峩	e2
峫	xie2
峬	bu1
峮	qun1
峲	li3
峳	you2
峴	xian4
峵	rong2
峷	shen1
峸	cheng2
峹	tu2
峺	geng3
峼	gao4
峾	yin2
崅	que4
崈	chong2
崉	ta4
崊	lin2
崋	hua4
崍	lai2
崏	min2
崐	kun1
崑	kun1
崓	gu4
崕	ya2
崘	lun2
崙	lun2
崜	duo1
崝	zheng1
崠	dong1
崢	zheng1
崣	wei3
崥	pi2
崨	jie2
崪	zu2
崫	ku1
崬	dong1
崯	yin2
崰	zi1
崱	ze4
崲	huang2
崳	yu2
崵	yang2
崷	qiu2
崸	yang2
崹	ti2
崺	yi3
崻	zhi4
崼	shi4
嵀	zhu4
嵂	lv4
嵃	yan3
嵄	mei3
嵆	ji1
嵈	huan4
嵉	ting2
嵍	wu4
嵏	zong1
嵐	lan2
嵑	ke3
嵒	yan2
嵓	yan2
嵔	wei3
嵕	zong1
嵗	sui4
嵙	ke1
嵜	qi2
嵞	tu2
嵟	dui1
嵠	xi1
嵡	weng3
嵢	cang1
嵣	dang4
嵤	rong2
嵥	jie2
嵦	kai3
嵧	liu2
嵨	wu4
嵪	qiao1
嵭	beng1
嵮	dian1
嵰	qian3
嵱	yong3
嵳	cuo2
嵵	shi2
嵶	ruo4
嵷	song3
嵸	zong1
嵹	jiang4
嵺	liao2
嵻	kang1
嵼	chan3
嵽	die2
嵾	cen1
嵿	ding3
嶀	tu1
嶁	lou3
嶃	zhan3
嶆	cao2
嶈	qiang1
嶉	cui1
嶊	zui3
嶋	dao3
嶌	dao3
嶎	yu4
嶏	pei4
嶐	long2
嶑	xiang4
嶔	qin1
嶕	jiao1
嶖	yan1
嶗	lao2
嶘	zhan4
嶚	liao2
嶛	liao2
嶜	jin1
嶞	duo4
嶠	jiao4/qiao2
嶡	gui4
嶢	yao2
嶣	jiao1
嶤	yao2
嶥	jue2
嶧	yi4
嶨	xue2
嶩	nao2
嶪	ye4
嶫	ye4
嶬	yi2
嶭	nie4
嶮	xian3
嶯	ji2
嶰	xie4
嶱	ke3
嶳	di4
嶴	ao4
嶵	zui3
嶶	wei1
嶸	rong2
嶹	dao3
嶻	jie2
嶽	yue4
嶾	yin3
嶿	ru1
巀	jie2
巁	li4
巂	gui1
巃	long2
巄	long2
巆	rong2
巈	ju2
巊	ying3
巋	kui1
巌	yan2
巎	nao2
巏	quan2
巐	chao3
巑	cuan2
巓	dian1
巔	dian1
巕	nie4
巗	yan2
巘	yan3
巙	kui2
巚	yan3
巛	chuan1
巜	kuai4
巟	huang1
巠	jing1
巣	chao2
巤	lie4
巪	ju4
巬	gu1
巭	gu1
巰	qiu2
巵	zhi1
巶	zhao1
巸	yi2
巹	jin3
巺	xun4
巻	juan4
巼	ba1
帀	za1
帄	ding1
帇	nie4
帉	fen1
帊	pa4
帋	zhi3
帍	hu4
帎	dan4
帒	dai4
帓	mo4
帗	bo1
帞	mo4
帟	yi4
帠	yi4
帢	qia4
帣	juan3/juan4
帤	ru2
帩	qiao4
帪	zhen1
帬	qun2
帯	dai4
帰	gui1
帲	ping2
帴	san4
帵	wan1
帹	sha4
帺	qi2
帾	du3
帿	hou2
幀	zheng4
幁	xu1
幃	wei2
幆	yi4
幇	bang1
幈	ping2
幉	die2
幊	gong1
幋	pan2
幍	tao1
幎	mi4
幏	jia4
幐	teng2
幑	hui1
幒	zhong1
幓	shan1
幗	guo2
幘	ze2
幙	mu4
幚	bang1
幜	jing3
幝	chan3
幠	hu1
幤	bi4
幥	zhang3
幦	mi4
幧	qiao1
幨	chan1
幩	fen2
幬	chou2/dao4
幭	mie4
幮	chu2
幯	jie2
幰	xian3
幱	lan2
幵	jian1
幷	bing4
庀	pi3
庁	ting1
庂	ze4
広	guang3
庅	mo2
庈	qin2
庉	dun4
庌	ya3
庍	bai4
庎	jie4
庒	zhuang1
庘	ya1
庛	ci4
庝	tong2
庡	yi3
庢	zhi4
庣	tiao1
庨	xiao1
庩	tu2
庪	gui3
庬	mang2
庮	you3
庯	bu1
庰	bing4
庲	lai2
庴	ji2
庺	song1
庻	shu4
庽	yu4
庿	miao4
廀	sou1
廃	fei4
廄	jiu4
廅	e4
廇	liu4
廌	zhi4
廍	bu4
廎	qing3
廏	jiu4
廐	jiu4
廔	lou2
廕	yin4
廗	dai4
廘	lu4
廜	tu2
廝	si1
廞	xin1
廡	wu3
廤	ku4
廥	kuai4
廦	bi4
廧	qiang2
廩	lin3
廫	liao2
廬	lu2
廭	ji4
廮	ying3
廯	xian1
廰	ting1
廱	yong1
廲	li2
廴	yin3
廵	xun2
廸	di2
廹	pai3/po4
廻	hui2
廼	nai3
廽	hui2
廾	gong3
弅	fen4
弉	zang4
弌	yi1
弍	er4
弎	san1
弐	er4
弒	shi4
弖	hu4
弙	wu1
弚	tui2
弜	jiang4
弝	ba4
弞	shen3
弡	jue2
弣	fu3
弤	di3
弪	jing4
弫	zhen3
弬	yi2
弮	quan1
弰	shao1
弲	xuan1
弳	jing4
弴	diao1
弻	bi4
弽	she4
弾	dan4
弿	jian3
彁	ge1
彂	fa1
彃	bi4
彄	kou1
彅	jian3
彆	bie4
彇	xiao1
彉	guo1
彊	jiang4/qiang2/qiang3
彋	hong2
彍	guo1
彏	jue2
彐	ji4
彑	ji4
彔	lu4
彙	hui4
彚	hui4
彛	yi2
彜	yi2
彞	yi2
彠	yue1
彡	shan1
彣	wen2
彥	yan4
彨	chi1
彫	diao1
彮	yong3
彯	piao1
彲	chi1
彴	zhuo2
彵	tuo3
彶	ji2
彸	zhong1
彺	wang2
彽	di1
彾	ling2
徃	wang3
徆	xi1
徍	wang3
徎	cheng3
徏	zhi4
従	cong2
徔	cong2
徖	cong2
徚	dong1
徝	zhi4
徟	zhou1
徠	lai2/lai4
徢	xie4
徣	jie4
徤	jian4
徥	shi4
徦	jia3
徧	bian4
徫	wei3
徬	pang2
徯	xi1
徰	zheng1
徱	piao4
徲	ti2
徳	de2
徴	zheng1
徶	bie2
徸	chong1
徺	jiao3
徻	hui4
徾	mei2
徿	long4
忀	xiang1
忁	bao4
忂	qu2
忄	xin1
忇	le4
忈	ren2
忊	ding4
忋	gai3
忎	ren2
忓	gan1
忔	qi4
忕	shi4
忚	xi1
忛	fan1
応	ying1
忟	wen3
忢	wu4
忣	ji2
忥	xi4
忦	jia2
忨	wan4
忩	cong1
忬	yu4
忯	qi2
忰	cui4
忲	tai4
忴	qian2
忶	hun2
忷	xiong1
忹	kuang2
忼	kang1
怇	ju4
怈	yi4
怉	bao3
怋	min2
怌	pei1
怐	ju4
怑	ban4
怓	nao2
怗	tie1
怘	hu4
怚	ju4
怞	chou2
怟	di4
怢	tu1
怣	you2
怤	fu1
怬	xi4
怭	bi4
怮	you1
怰	xuan4
怱	cong1
怲	bing3
怳	huang3
怴	xu4
怶	bi4
怷	shu4
怸	xi1
怹	tan1
怺	yong3
怽	mi4
怾	zhi3
恀	shi4
恄	xi4
恅	lao3
恇	kuang1
恈	mou2
恉	zhi3
恊	xie2
恌	tiao1
恎	die2
恏	hao4
恑	gui3
恖	si1
恗	hu1
恘	qiu1
恛	hui2
恜	chi4
恞	yi2
恟	xiong1
恠	guai4
恡	lin4
恦	shang4
恮	quan1
恱	yue4
恲	peng1
恴	de2
恵	hui4
恷	qiu1
恾	mang2
悀	yong3
悁	yuan1
悂	pi1
悇	tu2
悊	zhe2
悋	lin4
悎	hao4
悏	qie4
悐	ti4
悑	bu4
悓	qian4
悕	xi1
悗	man2
悘	yi1
悙	heng1
悜	cheng3
悞	wu4
悡	li2
悤	cong1
悥	yi4
悧	li4
悩	nao3
悪	e4
悮	wu4
悳	de2
悵	chang4
悷	li4
悹	guan4
悺	guan4
悽	qi1
悾	kong1
悿	tian3
惀	lun2
惁	xi1
惂	kan3
惃	gun3
惄	ni4
惈	guo3
惉	zhan1
惌	yuan1
惍	jin1
惏	lan2
惐	yu4
惒	he2
惓	quan2
惖	ti4
惗	nie4
惞	xin1
惢	suo3
惣	zong3
惤	jian1
惥	yong3
惪	de2
惲	yun4
惵	die2
惷	chun3
惸	qiong2
惻	ce4
惼	bian3
惽	min3
惾	zong1
惿	ti2
愂	bei4
愄	wei1
愅	ge2
愇	wei3
愊	bi4
愋	xuan1
愌	huan4
愑	yong3
愒	kai4
愓	dang4
愖	chen2
愗	mao4
愘	qia4
愙	ke4
愜	qie4
愝	yan3
愞	nuo4
愡	zong3
愢	sai1
愥	ying1
愨	que4
愩	gong1
愪	yun2
愬	su4
愮	yao2
愯	song3
愰	huang4
愱	ji2
愲	gu3
愳	ju4
愴	chuang4
愵	ni4
愶	xie2
愷	kai3
愸	zheng3
愹	yong3
愺	cao3
愻	xun4
愼	shen4
愽	bo2
愾	kai4
慀	xi4
慁	hun4
慂	yong3
慃	yang3
慅	sao1
慇	yin1
慉	xu4
慍	yun4
慏	ming3
慐	gong1
慒	cong2
慓	piao1
慔	mu4
慖	guo2
慗	chi4
慙	can2
慛	cui1
慜	min3
慞	zhang1
慟	tong4
慠	ao4
慡	shuang3
慤	que4
慦	jiu4
慩	lian2
慪	ou4
慯	shang1
慱	tuan2
慲	man2
慴	she4
慸	di4
慹	zhi2
慺	lou2
慻	juan4
慼	qi1
慽	qi1
慿	ping2
憀	liao2
憁	cong4
憃	chong1
憄	zhi4
憅	tong4
憆	cheng1
憇	qi4
憈	qu1
憉	peng2
憊	bei4
憌	qiong2
憍	jiao1
憏	chi4
憒	kui4
憓	hui4
憖	yin4
憗	yin4
憘	xi3
憚	dan4
憛	tan2
憜	duo4
憝	dui4
憞	dui4
憟	su4
憠	jue2
憡	ce4
憢	xiao1
憣	fan1
憥	lao2
憦	lao4
憪	xian2
憫	min3
憮	wu3
憯	can3
憰	jue2
憱	cu4
憳	tan3
憴	sheng2
憵	pi1
憸	xian1
憹	nao2
憻	tan3
憼	jing3
憽	song1
憿	jiao3
懀	wei4
懁	xuan1
懃	qin2
懄	qin2
懅	ju4
懆	cao3
懌	yi4
懍	lin3
懎	se4
懏	jun4
懐	huai2
懓	ai4
懕	yan1
懖	kuo4
懗	xia4
懘	chi4
懙	yu3
懚	yin4
懛	dai1
懜	meng3
懝	ai4
懞	meng2
懟	dui4
懠	qi2
懡	mo3
懢	lan2
懣	men4
懤	chou2
懥	zhi4
懧	nuo4
懨	yan1
懩	yang3
懪	bo2
懫	zhi4
懬	kuang4
懭	kuang3
懮	you3
懯	fu1
懰	liu2
懱	mie4
懳	hui4
懴	chan4
懹	rang4
懺	chan4
懻	ji4
懽	huan1
懾	she4
戁	nan3
戂	mi2
戃	tang3
戄	jue2
戅	gang4
戇	zhuang4
戉	yue4
戓	ge1
戔	jian1
戙	dong4
戜	die2
戝	zei2
戞	jia2
戠	zhi1
戦	zhan4
戧	qiang1/qiang4
戨	ge1
戩	jian3
戫	yu4
戯	hu1/xi4
戱	xi4
戵	qu2
戸	hu4
戹	e4
戺	shi4
戻	ti4
戼	mao3
扄	shang3
扌	shou3
扏	qiu2
扐	le4
払	fan3
扖	ru4
扗	zai4
扙	zhang4
扚	diao3
扜	yu1
扝	ku1
扟	shen1
扠	cha1
扡	tuo1
扢	gu3
扤	wu4
扥	den4
扨	ren4
扱	xi1
扲	qian2
扴	jia2
扵	yu2
扷	ao4
扸	xi1
扻	zhi4
抁	yan3
抂	kuang2
抅	ju1
抆	wen3
抇	hu2
抈	yue4
抋	qin4
抌	dan3
抍	zheng3
抎	yun3
抏	wan2
抐	ne4
抙	pou2
抜	ba2
抝	ao3/ao4/niu4
択	ze2
抣	yun2
抦	bing3
抧	zhi3
抩	nan2
抪	bu4
抭	yao3
抮	zhen3
抯	zha1
抰	yang1
抲	he1
抳	ni3
抴	ye4
抶	chi4
抷	pi1
抸	jia1
抺	mei4
抾	qu1
拀	chu4
拁	jia1
拏	na2
拑	qian2
拕	tuo1
拝	bai4
拞	di3
拠	ju4
拡	kuo4
拪	qian1
拫	hen2
拰	nin3
拲	gong3
拵	cun2
拸	yi2
拹	xie2
拺	ce4
拻	hui1
挀	bai1
挃	zhi4
挄	kuo4
挅	duo3
挆	duo3
挊	nong4
挋	zhen4
挌	ge2
挍	jiao4
挏	dong4
挐	na2
挒	lie4
挔	lv3
挕	die2
挗	jue2
挘	lie3
挙	ju3
挜	ya4
挢	jiao3
挧	yu3
挩	tuo1
挬	bo2
挭	geng3
挮	ti3
挰	cheng2
挱	sa1/sha1/suo1
挳	keng1
挴	mei3
挵	nong4
挶	ju1
挷	peng2
挸	jian3
挻	shan1
挼	rua2/ruo2
挿	cha1
捀	feng2
捁	jiao3
捄	jiu4
捇	huo4
捈	tu2
捊	pou2
捑	ze4
捒	shu4
捓	ye2
捔	jue2
捖	wan2
捗	bu4
捘	zun4
捙	ye4
捚	zhai1
捛	lv3
捜	sou1
捝	tuo1
捠	bang1
捤	wei3
捥	wan4
捦	qin2
捪	min2
捫	men2
捬	fu3
捰	wo3
捳	yue4
捴	zong3
捵	chen1
捸	tu1
捹	ben4
捼	ruo2
捾	wo4
捿	qi1
掁	cheng2
掅	qing4
掆	gang1
掋	di3
掍	hun4
掑	qi2
掓	shu1
掔	qian1
掕	ling2
掗	ya4
掚	liang3
掜	yi4
掝	huo4
掟	zheng3
掤	bing1
掦	ti4
掫	zhou1
掯	ken4
掱	pa2
掲	jie1
掵	ming4
掶	jie2
掹	meng1
掻	sao1
掽	peng4
掿	nuo4
揁	zheng1
揂	jiu1
揃	jian3
揅	yan2
揇	nan3
揈	hong1
揊	pi4
揋	wei1
揌	sai1
揎	xuan1
揑	nie1
揓	shi4
揔	zong3
揗	xun2
揘	yong2
揙	bian1
揜	yan3
揝	zan3
揞	an3
揟	xu1
揢	ke2
揤	ji2
揥	ti4
揦	la2
揧	la4
揨	chen2
揫	jiu1
揬	tu2
揯	gen4
揰	chong4
揱	xiao1
揲	die2/she2
揵	qian2
揷	cha1
揹	bei1
揺	yao2
揻	wei1
揼	beng4
揾	wen4
搃	zong3
搄	gen4
搆	gou4
搇	qin4
搈	rong2
搉	que4
搊	chou1
搎	sun1
搑	rong2
搕	ke1
搘	zhi1
搙	nu4
搚	la1
搝	qiu3
搟	xian3
搢	jin4
搣	mie4
搤	e4
搥	chui2
搧	shan1
搨	ta4
搩	zha3
搫	pan2
搮	li4
搯	tao1
搰	hu2
搱	zhi4
搲	wa1
搳	hua2
搵	wen4
搷	tian2
搸	zhen1
搹	e4
搻	nuo4
搼	quan2
搾	zha4
搿	ge2
摀	wu3
摂	she4
摃	kang2
摉	sou1
摋	sa4/sha1
摌	chan3
摍	suo1
摎	jiu1
摐	chuang1
摑	guai1/guo2
摓	feng2
摕	di4
摖	qi4
摗	sou1
摙	lian3
摚	cheng1
摜	guan4
摝	lu4
摠	zong3
摡	gai4
摢	hu4
摣	zha1
摤	chuang3
摥	tang4
摦	hua4
摨	nai2
摪	jiang1
摫	gui1
摬	ying3
摮	ao2
摯	zhi4
摰	nie4
摱	man4
摲	chan4
摳	kou1
摵	she4
摶	tuan2
摷	jiao3
摻	can4/chan1/shan3
摼	keng1
摾	jiang4
摿	yao2
撀	gou4
撁	qian1
撃	ji1
撆	pie1
撉	dun1
撊	xian4
撋	ruan2
撌	gui4
撍	zan3
撎	yi4
撏	xian2
撔	hong4
撗	guang4
撘	da1
撚	nian3
撛	lin3
撜	zheng3
撝	hui1
撟	jiao3
撠	ji3
撡	cao1
撢	dan3
撣	dan3/shan4
撦	che3
撧	jue1
撨	fu3
撪	ben4
撯	zhuo2
撱	wei3
撳	qin4
撴	dun1
撶	hua2
撹	jiao3
撻	ta4
撽	qiao4
撾	wo1/zhua1
擃	nang3
擆	zhuo2
擈	pu1
擉	chuo4
擌	se4
擏	qing2
擑	jie1
擓	kuai3
擕	xie2
擖	ka1
擗	pi3
擙	ao4
擛	ye4
擜	e4
擝	meng1
擟	mi2
擡	tai2
擣	dao3
擥	lan3
擧	ju3
擨	ye2
擩	ru3
擪	ye4
擫	ye4
擭	wo4
擮	jie2
擯	bin4
擳	zhi4
擵	mo2
擶	jian4
擷	xie2
擸	lie4
擹	tan1
擻	sou3/sou4
擼	lu3
擽	lve4
攁	yang3
攂	lei4
攃	ca1
攄	shu1
攅	zan3
攇	xian3
攈	jun4
攊	li4
攋	la4
攌	huan3
攍	ying2
攎	lu2
攐	qian1
攑	qian1
攓	qian1
攕	xian1
攖	ying1
攗	mei2
攚	weng3
攛	cuan1
攞	luo2
攟	jun4
攠	mi2
攡	chi1
攣	luan2
攦	li4
攧	dian1
攨	wa1
攩	dang3
攬	lan3
攭	li4
攰	gui4
攱	gui3
攲	qi1
攳	xun2
攴	pu1
攵	pu1
攷	kao3
攺	yi3
攼	gan1
敀	po4
敁	dian1
敂	kou4
敃	min3
敄	wu4
敆	he2
敇	ce4
敊	chu4
敋	ge2
敎	jiao4
敐	chen2
敒	shen1
敓	duo2
敚	duo2
敜	nie4
敟	dian3
敠	duo1
敡	yi4
敤	ke3
敥	yan4
敧	ji1
敨	tou3
敪	duo1
敭	yang2
敮	xia2
敯	min3
敱	ai2
敳	ai2
敶	zhen4
敹	liao2
敺	qu1
敻	xiong4
敼	yi3
敽	jiao3
敾	shan4
敿	jiao3
斀	zhuo2
斁	yi4
斂	lian3
斄	li2
斅	xiao4/xue2
斆	xiao4
斈	xue2
斉	qi2
斊	qi2
斍	jue2
斎	zhai1
斏	lang2
斒	ban1
斔	yu3
斕	lan2
斖	wei3
斘	sheng1
斚	jia3
斞	yu3
斢	tiao3
斣	dou4
斦	yin2
斨	qiang1
斪	qu2
斮	cuo4/zhuo2
斱	zhuo2
斲	zhuo2
斳	qin2
斴	lin2
斵	zhuo2
斸	zhu3
斺	chan3
斻	hang2
斾	pei4
斿	you2
旀	mei4
旂	qi2
旇	pi1
旈	liu2
旉	fu1
旊	fang3
旍	jing1
旑	yi3
旓	shao1
旔	jian4
旕	yu2
旘	zhi4
旙	fan1
旚	piao1
旛	fan1
旜	zhan1
旝	kuai4
旟	yu2
旡	ji4
旣	ji4
旤	huo4
旪	xie2
旫	tiao1
旲	tai2
旳	di4
旹	shi2
旼	min2
旽	tun1
旾	chun1
昁	bei4
昅	jie2
昋	gui4
昍	xuan1
昐	fen1
昑	qin3
昖	yan2
昗	ze4
昘	fang3
昚	shen4
昛	ju4
昜	yang2
昞	bing3
昢	po4
昦	hao4
昩	mo4
昬	hun1
昮	zong4
昰	shi4
昲	fei4
昷	wen1
昸	dong1
昹	ai3
昻	ang2
昿	kuang4
晀	tiao3
晄	huang3
晆	kui2
晇	xu1
晈	jiao3
晉	jin4
晍	tong2
晎	hong3
晑	xiang3
晘	han4
晛	xian4
晜	kun1
晠	sheng4
晣	zhe2
晥	wan3
晧	hao4
晩	wan3
晬	zui4
晭	zhou3
晲	ni3
晳	xi1
晵	qi3
晸	zheng3
晹	yi4
晻	an4/yan3
晼	wan3
晽	lin2
晿	chang1
暀	wang3
暁	xiao3
暃	fei1
暆	yi2
暉	hui1
暊	xu3
暋	min3
暍	ye1
暎	ying4
暏	shu3
暐	wei3
暒	qing2
暓	mao4
暔	nan2
暘	yang2
暙	chun1
暚	yao2
暛	suo3
暜	pu3
暞	jiao3
暟	kai3
暠	gao3/hao4
暡	weng3
暣	qi4
暤	hao4
暥	yan4
暦	li4
暩	ji4
暪	men4
暬	xie4
暭	hao4
暯	mo4
暰	cong1
暱	ni4
暳	hui4
暷	chuan2
暸	liao2
暺	tan3
暻	jing3
暼	pie1
暽	lin2
曀	yi4
曁	ji4
曂	huang4
曃	dai4
曄	ye4
曅	ye4
曇	tan2
曊	fei4
曋	shen3
曍	hao4
曎	yi4
曏	xiang3
曐	xing1
曑	shen1
曒	jiao3
曓	bao4
曔	jing4
曕	yan4
曖	ai4
曗	ye4
曘	ru2
曚	meng2
曞	li4
曟	chen2
曡	die2
曢	liao3
曣	yan4
曤	huo4
曥	lu2
曧	rong2
曨	long2
曪	luo3
曫	luan2
曭	tang3
曮	yan3
曯	zhu2
曱	yue1
曵	ye4
曶	hu1
曺	cao2
曻	sheng1
曽	ceng1
朁	can3
朂	xu4
朄	yin3
朅	qie4
朆	fen1
朇	pi2
朊	ruan3
朌	fen2
朎	ling2
朑	ti4
朒	nv4
朖	lang3
朘	zui1
朙	ming2
朚	huang1
朜	tun1
朞	ji1
朠	ying1
朡	zong1
朢	wang4
朣	tong2
朤	lang3
朥	lao2
朩	deng3
朰	mu4
朲	ren2
朶	duo3
朷	dao1
朹	gui3
朻	jiu1
朼	bi3
朾	cheng2
朿	ci4
杁	ru4
杅	yu2
杇	wu1
杊	xun2
杋	fan2
杍	zi3
杒	ren4
杔	tuo1
杗	mang2
杘	chi4
杚	gai4
杛	gong1
杝	li2
杢	jie2
杣	mian2/shan1
杤	wan4
杦	jiu3
杫	si4
杬	yuan2
杮	fei4
杴	xian1
杶	chun1
杸	shu1
杹	hua4
杺	xin1
杽	chou3
枀	song1
枂	wo4
枃	jin4
枆	mao2
枈	bi4
枊	ang4
枌	fen2
枎	fu2
枏	nan2
枑	hu4
枒	ya1
枓	dou3
枔	xin2
枖	yao1
枙	e3
枛	zhao4
枟	yun4
枠	hua4
枡	sheng1
枤	di4
枦	lu2
枩	song1
枬	zhan1
枮	xian1
枴	guai3
枺	mo4
枻	yi4
枼	ye4
枽	ye4
枾	shi4
枿	nie4
柀	bi3
柂	yi2
柅	ni3
柆	la1
柇	he2
柉	fan2
柋	dai4
柌	ci2
柍	yang3
柎	fu1
柕	mao4
柗	song1
柛	shen1
柟	nan2
柡	yong3
柣	zhi4
柤	zha1
柦	dan4
柧	gu1
柨	bu4
柪	ao1
柫	fu2
柭	ba1
柮	duo4
柲	bi4
柶	si4
柸	pei1
柹	shi4
柺	guai3
査	zha1
柼	yao3
柾	jiu4
栁	liu3
栂	mei2
栃	li4
栄	rong2
栆	zao3
栍	sheng1
栔	qi4
栕	zhen1
栘	yi2
栙	xiang2
栚	zhen4
栛	li4
栜	se4
栞	kan1
栠	ren3
栢	bai3
栣	ren3
栤	bing4
栥	zi1
栦	chou2
栧	yi4
栨	ci4
栫	jian4
栬	zui4
栭	er2
栮	er3
栯	you3
栰	fa2
栱	gong3
栵	lie4
栶	yin1
栺	yi4
栿	fu2
桇	ru2
桋	yi2
桍	ku1
桏	qiong2
桒	sang1
桖	xue4
桗	duo4
桘	zhui4
桙	yu2
桚	zan3
桜	ying1
桝	jie2
桞	liu3
桟	zhan4
桪	xun2
桬	sha1
桭	zhen1
桮	bei1
桰	kuo4
桱	jing4
桳	ben4
桵	rui2
桸	xi1
桺	liu3
桻	feng1
桼	qi1
桽	wen3
桾	jun1
桿	gan3
梀	su4
梂	qiu2
梄	you3
梇	long4
梈	peng1
梉	zhuang1
梊	di4
梋	xuan1
梍	zao4
梎	ao1
梐	bi4
梑	di2
梒	han2
梔	zhi1
梕	ren4
梖	bei4
梘	jian3
梙	huan4
梚	wan3
梛	nuo2
梜	jia1
梞	ji4
梟	xiao1
梡	hun2
梤	fen2
梥	song1
梩	li2
梪	dou4
梫	qin3
梬	ying3
梮	ju1
梱	kun3
梲	zhuo2
梶	wei3
梷	jing4
梸	li2
梹	bin1/bing1
梺	xia4
梻	fo2
棃	li2
棅	bing3
棆	lun2
棇	cong1
棈	qian4
棊	qi2
棌	cai4
棎	chan2
棏	de2
棑	pai2
棔	hun1
棖	cheng2
棙	li4
棛	yu4
棜	yu4
棝	gu4
棞	jun4
棟	dong4
棡	gang1
棢	wang3
棥	fan2
棦	cheng1
棧	zhan4
棩	yuan1
棭	yi4
棯	ren3
棳	zhuo1
棴	fu2
棶	lai2
棷	zou1
棸	zou1
棾	qing2
棿	ni2
椂	lu4
椃	hao2
椄	jie1
椇	ju3
椈	ju2
椉	cheng2/sheng4
椊	zuo2
椌	qiang1
椏	ya1
椔	zi1
椕	bin1
椖	peng2
椗	ding4
椘	chu3
椙	chang1
椚	men1
椛	hua1
検	jian3
椝	gui1
椞	xi4
椡	dao4
椢	gui4
椣	dian3
椥	zhi1
椦	quan1
椧	ming4
椨	fu3
椩	geng1
椫	shan4
椬	yi2
椮	sen1
椯	duo3
椱	fu4
椲	wei3
椳	wei1
椵	jia3
椶	zong1
椷	jian1
椺	xi2
椻	yan4
椼	yan3
椾	jian1
楀	yu3
楁	he2
楃	wo4
楄	pian2
楅	bi1
楆	yao1
楇	huo4
楈	xu1
楉	ruo4
楋	la4
楌	yan2
楍	ben3
楎	hui1
楏	kui2
楐	jie4
楑	kui2
楓	feng1
楕	tuo3
楖	zhi4
楘	mu4
楛	hu4/ku3
楜	hu2
楟	ting2
楡	yu2
楢	you2
楤	song3
楥	xuan4
楧	yang3
楨	zhen1
楬	jie2
楰	yu2
楱	zou4
楲	wei1
楳	mei2
楴	ti4
楶	jie2
楺	rou3
楻	huang2
楽	le4
楾	quan2
楿	xiang1
榀	pin3
榁	shi3
榊	shen2
榋	chu1
榌	bi1
榎	jia3
榏	yi4
榐	zhan3
榒	nuo4
榓	mi4
榗	jian4
榘	ju3
榙	ta1
榚	yao3
榝	sha1
榞	yuan2
榟	zi3
榠	ming2
榡	su4
榢	jia4
榣	yao2
榤	jie2
榥	huang4
榩	qian2
榪	ma4
榬	yuan2
榯	shi2
榲	wen1
榳	ting2
榵	rong2
榶	tang2
榸	zhai1
榹	si1
榺	sheng4
榼	ke1
榽	xi1
榾	gu3
榿	qi1
槀	gao3
槂	sun1
槄	tao1
槅	ge2
槆	chun1
槇	dian1
槈	nou4
槉	ji2
槏	qian3
槑	mei2
槒	xu4
槓	gang4
槕	zhuo1
槖	tuo2
槗	qiao2
様	yang4
槙	dian1
槝	dao3
槞	long2
槡	sang1
槢	xi2
槣	ji1
槤	lian2
槥	hui4
槦	yong1
槧	qian4
槨	guo3
槩	gai4
槪	gai4
槫	tuan2
槬	hua4
槮	sen1
槯	cui1
槰	peng2
槴	hu4
槵	huan4
槶	gui4
槷	nie4
槸	yi4
槹	gao1
槺	kang1
槻	gui1
槼	gui1
槾	man4
樀	di2/di1
樃	lang3
樄	chen2
樅	cong1/zong1
樆	li2
樇	xiu1
樈	qing2
樉	shuang3
樋	tong1
樌	guan4
樍	ze2
樎	su4
樏	lei3
樐	lu3
樒	mi4
樔	chao2
樕	su4
樖	ke1
樚	lu4
樛	jiu1
樜	zhe4
樝	zha1
樠	man2
樢	niao3
樤	tiao2
樥	peng2
樦	zhu4
樧	sha1
権	quan2
樫	jian1
樬	cong1
樭	ji1
樮	yan1
樰	xue3
樲	er4
樳	xun2
樴	zhi2
樶	zui1
樷	cong2
樻	kui4
樼	zhen1
樿	shan4
橀	xi1
橁	chun1
橂	dian4
橃	fa2
橅	mo2
橆	wu3
橈	rao2
橉	lin4
橊	liu2
橌	xian4
橍	run4
橎	fan2
橏	zhan3
橒	yun2
橓	shun4
橔	dun1
橕	cheng1
橖	tang2
橗	meng2
橚	su4
橜	jue2
橝	dian4
橠	nuo3
橣	ning3
橤	rui3
橧	zeng1
橨	fen2
橩	qiong2
橪	ran3
橬	qian2
橭	gu1
橮	liu3
橯	lao4
橰	gao1
橲	xi3
橳	sheng4
橴	zi3
橵	zan1
橶	ji2
橷	dou1
橸	jing1
橺	xian4
橻	cu1
橽	ta4
橾	shu1
橿	jiang1
檁	lin3
檂	nong2
檃	yin3
檅	hui4
檆	shan1
檇	zui4
檈	xuan2
檉	cheng1
檊	gan4
檋	ju2
檌	zui4
檍	yi4
檏	pu3
檒	feng1
檓	hui3
檕	ji4
檖	sui4
檘	ping2
檙	cheng2
檚	chu3
檛	zhua1
檜	gui4/hui4
檝	ji2
檟	jia3
檡	zhai2
檣	qiang2
檤	dao4
檥	yi3
檦	biao3
檧	song1
檨	she1
檪	li4
檭	yin2
檮	tao2
檯	tai2
檰	mian2
檱	qi2
檲	tuan2
檳	bin1/bing1
檴	huo4
檵	ji4
檶	qian1
檷	ni3
檸	ning2
檹	yi1
檺	gao3
檼	yin4
檽	nou4
檾	qing3
檿	yan3
櫀	qi2
櫁	mi4
櫂	zhao4
櫄	chun1
櫅	ji1
櫇	po2
櫈	deng4
櫉	chu2
櫊	ge2
櫋	mian2
櫌	you1
櫍	zhi4
櫎	huang3
櫏	qian1
櫐	lei3
櫑	lei2
櫒	sa4
櫓	lu3
櫔	li4
櫕	cuan2
櫖	lv4
櫗	mie4
櫘	hui4
櫙	ou1
櫚	lv2
櫛	zhi4
櫜	gao1
櫝	du2
櫞	yuan2
櫟	li4/yue4
櫠	fei4
櫡	zhuo2
櫢	sou3
櫣	lian2
櫤	jiang4
櫦	qing4
櫧	zhu1
櫨	lu2
櫩	yan2
櫪	li4
櫫	zhu1
櫬	chen4
櫭	jie2
櫮	e4
櫯	su1
櫰	huai2
櫱	nie4
櫲	yu4
櫳	long2
櫴	lai4
櫵	qiao2
櫶	xian3
櫷	gui1
櫸	ju3
櫹	xiao1
櫺	ling2
櫻	ying1
櫼	jian1
櫽	yin3
櫾	you2
櫿	ying2
欀	xiang1
欁	nong2
欃	chan2
欅	ju3
欆	shuang1
欇	she4
欈	wei2
欉	cong2
欋	qu2
欌	cang2
欍	jiu4
欎	yu4
欏	luo2
欐	li4
欑	cuan2
欒	luan2
欓	dang3
欔	jue2
欕	yan2
欖	lan3
欗	lan2
欘	zhu2
欙	lei2
欚	li3
欛	ba4
欜	nang2
欝	yu4
欞	ling2
欟	guan4
欥	yi4
欦	qian1
欨	xu1
欩	chao1
欪	chu4
欫	qi4
欬	kai4
欭	yi4
欮	jue2
欯	xi4
欰	xu4
欱	he1
欳	kui4
欴	lang2
欵	kuan3
欶	shuo4
欷	xi1
欼	chi3
欿	kan3
歀	kuan3
歁	kan3
歂	chuan3
歄	gua1
歈	yu2
歊	xiao1
歋	ye4
歍	wu1
歏	jin4
歑	hu1
歒	ti4
歓	huan1
歔	xu1
歕	pen1
歖	xi3
歗	xiao4
歘	chua1/xu1
歚	shan4
歛	han1
歜	chu4
歝	yi4
歞	e4
歟	yu2
歠	chuo4
歨	bu4
歩	bu4
歫	ju4
歬	qian2
歭	chi2
歮	se4
歯	chi3
歰	se4
歱	zhong3
歳	sui4
歵	ze2
歶	yu2
歺	e4
歽	zhe2
歾	mo4
歿	mo4
殀	yao1
殅	sheng1
殈	xu4
殌	jue2
殎	qia4
殏	qiu2
殐	su4
殑	qing2
殔	yi4
殕	fou3
殗	ye4
殙	hun1
殜	die2
殝	zhen1
殞	yun3
殟	wen1
殠	chou4
殢	ti4
殤	shang1
殥	yin2
殦	diao1
殧	jiu4
殨	hui4
殩	cuan4
殫	dan1
殬	du4
殭	jiang1
殮	lian4
殯	bin4
殰	du2
殱	jian1
殶	zhu4
殸	qing4
殹	yi4
殻	qiao4
殽	xiao2
殾	xun4
毃	qiao1
毄	ji1
毇	hui3
毈	duan4
毉	yi1
毊	xiao1
毎	mei3
毑	jie3
毘	pi2
毚	chan2
毜	hao2
毝	cai3
毞	pi2
毟	lie3
毠	jia1
毢	sai1
毣	mu4
毤	tuo4
毥	xun2
毦	er3
毧	rong2
毨	xian3
毩	ju2
毬	qiu2
毭	dou4
毮	sha1
毰	pei2
毱	ju2
毲	duo1
毴	bi1
毶	san1
毷	mao4
毸	sai1
毺	shu1
毻	tuo4
毼	he2
毾	ta4
毿	san1
氀	lv2
氁	mu2
氂	mao2
氃	tong2
氄	rong3
氉	sao4
氊	zhan1
氋	meng2
氌	lu3
氎	die2
氒	jue2
気	qi4
氜	yang2
氝	nei4
氞	nei4
氠	shen1
氥	xi1
氬	ya4
氭	dong1
氱	yang3
氳	yun1
氵	shui3
氶	zheng3
氷	bing1
氹	dang4
氺	shui3
氻	le4
氼	ni4
氽	tun3
汃	bin1
汄	ze4
汅	mian3
汌	chuan4
汍	wan2
汎	fan4
汏	da4
汑	tuo1
汒	mang2
汓	qiu2
汖	pin4
汘	qian1
汙	wu1
汚	wu1
汢	tu
汣	jiu3
汥	zhi1
汦	zhi3
汬	jing3
汮	jun1
汯	hong2
汱	quan3
汳	bian4
汵	gan4
汷	zhong1
汸	fang1
汻	hu3
汼	niu2
汿	xu4
沀	xu4
沊	dan4
沋	you2
沍	hu4
沎	huo4
沑	nv4
沕	mi4
沗	pang1
沜	pan4
沝	zhui3
沞	za1
沠	liu2
沢	ze2
沬	mei4
沯	za2
沰	tuo1
沲	tuo2
沴	li4
沵	mi3
沶	yi2
沷	fa1
泀	si1
泆	yi4
泈	zhong1
泋	hui4
泍	ben1
泎	ze2
泏	zhu2
泑	you1
泒	gu1
泘	hu1
泝	su4
泟	cheng1
泤	si4
泦	ju2
泧	sa4
泩	sheng1
泬	jue2
泭	fu2
泲	ji3
泴	guan4
泶	xue2
泹	dan4
泿	yin2
洀	pan2
洂	ye4
洃	hui1
洅	zai4
洆	cheng2
洉	hou4
洊	jian4
洍	si4
洏	er2
洐	xing2
洔	zhi3
洕	yin4
洖	wu2
洜	luo4
洝	an4
洟	ti4
洠	mou2
洡	lei4
洤	quan2
洦	po4
洬	su4
洯	qie4
洰	ju4
洷	zhi4
浀	qu1
浂	yi4
浄	jing4
浌	fa2
浖	lie4
浗	qiu2
浘	wei3
浝	mang2
浢	dou4
浤	hong2
浧	ying3
浨	lan3
浫	han3
浱	chun2
浳	yi4
浵	tong2
浶	lao2
浹	jia1
浺	chong1
浻	jiong3
浽	sui1
浾	cheng1
浿	pei4
涀	xian4
涁	shen4
涃	kun4
涆	han4
涇	jing1
涊	nian3
涋	tu1
涏	ting3
涒	tun1
涖	li4
涗	shui4
涙	lei4
涚	shui4
涜	du2
涥	heng1
涬	xing4
涭	shou4
涰	chuo4
涱	zhang4
涳	kong1
涶	tuo1
涷	dong1
涹	wo1
涺	ju1
涻	she4
涽	hun1
涾	ta4
淁	qie4
淂	de2
淃	juan4
淈	gu3
淉	guo3
淊	yan1
淍	zhou1
淎	peng3
淐	chang1
淓	fang1
淔	zhi2
淕	lu4
淗	ju2
淛	zhe4
淢	yu4
淣	ni2
淥	lu4
淧	mi4
淩	ling2
淭	qu2
淰	nian3
淲	biao1
淵	yuan1
淶	lai2
淸	qing1
淽	zhi3
淾	yin3
淿	bo2
渀	ben4
渁	yuan1
渂	wen4
渃	ruo4
渄	fei1
渆	yuan1
渇	ke3
済	ji4
渉	she4
渋	se4
渏	yi1
渒	pai4
渓	xi1
渕	yuan1
渖	shen3
渘	rou2
渜	nuan3
渞	qiu2
渢	fan2
渧	di4
渨	wei1
渪	ru2
渮	he2
渱	hong2
渳	mi3
渵	mao2
渶	ying1
渷	yan3
渹	hong1
渻	sheng3
渽	zai1
渿	nai4
湀	gui3
湁	chi4
湂	e4
湅	lian4
湆	qi4
湇	qi4
湈	mei2
湋	wei2
湌	can1
湏	hui4
湐	mo4
湒	ji2
湕	jian3
湗	feng4
湙	yi4
湚	yin4
湞	cheng1
湠	tan4
湡	yu2
湢	bi4
湤	shi1
湥	tu1
湦	sheng1
湨	ju2
湩	dong4
湪	tuan4
湬	jiao3
湭	qiu2
湰	long2
湱	huo4
湳	nan3
湵	you3
湶	quan2
湷	zhuang1
湸	liang4
湹	chan2
湺	xian2
湻	chun2
湼	nie4
湽	zi1
満	man3
溂	la4
溄	feng2
溈	wei2
溊	bo1
溋	ying2
溌	po1
溎	yan4
溑	suo3
溒	yuan2
溓	lian2
溔	yao3
溕	meng2
溗	cheng2
溙	tai4
溛	wa1
溡	shi2
溣	lun4
溤	ma3
溨	zai1
溩	wu4
溬	qiang1
溭	ze2
溮	shi1
溰	ai2
溳	yun2
溸	su4
溾	ai1
溿	pan4
滀	chu4/xu4
滄	cang1
滈	hao4
滊	xi4
滎	xing2/ying2
滐	jie2
滒	ge1
滖	sui1
滙	hui4
滛	yin2
滜	gao1
滝	long2
滣	chun2
滬	hu4
滭	bi4
滮	biao1
滰	jiang4
滱	kou4
滳	shang1
滵	mi4
滶	ao2
滷	lu3
滸	hu3
滺	you1
滻	chan3
滼	fan4
滽	yong1
漀	qing3
漃	ji4
漄	ya2
漅	chao2
漇	xi3
漊	lou2
漌	jin3
漍	guo2
漎	cong2
漐	zhi2
漑	gai4
漒	qiang2
漗	cong1
漘	chun2
漙	tuan2
漚	ou1/ou4
漛	teng2
漜	ye3
漝	xi2
漞	mi4
漟	tang2
漡	shang1
漣	lian2
漥	wa1
漧	gan1
漨	feng2
漬	zi4
漮	kang1
漰	peng1
漵	xu4
漺	shuang3
漽	ti2
潀	cong2
潁	ying3
潂	hong2
潃	xiu3
潄	shu4
潅	guan4
潈	zong1
潉	kun1
潊	xu4
潌	zhi4
潎	pi4
潐	jiao4
潒	dang4
潓	hui4
潕	wu3
潗	ji2
潙	wei2
潚	su4
潝	xi1
潠	xun4
潡	dun4
潣	min3
潥	su4
潧	zhen1
潨	cong2
潪	zhe4
潫	wan1
潬	shan4
潯	xun2
潱	ye1
潳	tu2
潶	hei1
潷	bi4
潹	chan2
潻	shu3
潿	wei2
澁	se4
澃	jiong3
澅	hua4
澇	lao4
澊	cun1
澋	hong4
澏	han2
澐	yun2
澑	liu4
澒	hong4
澓	fu2
澔	hao4
澕	he2
澖	xian2
澗	jian4
澘	shan1
澙	xi4
澚	ao4
澝	ning4
澞	yu2
澟	lin3
澠	mian3/sheng2
澢	dang1
澣	huan4
澤	ze2
澦	yu4
澨	shi4
澩	xue2
澫	wan4
澬	zi1
澮	hui4/kuai4
澯	can4
澰	lian4
澲	ye4
澵	zhen1
澷	man4
澸	dan3
澺	yi4
澻	sui4
澾	ta4
澿	qin2
濄	guo1
濅	jin4
濆	fen2
濇	se4
濈	ji2
濊	hui4
濌	ta4
濍	song1
濎	ding3
濏	se4
濐	zhu3
濓	lian2
濔	mi3
濖	shu4
濗	mi4
濙	ying2
濚	ying2
濛	meng2
濜	jin4
濝	qi2
濢	cui4
濣	wo4
濥	yin3
濦	yin3
濧	dui4
濨	ci2
濪	qing4
濬	jun4/xun4
濭	ai3
濰	wei2
濲	gu3
濳	qian2
濴	ying2
濵	bin1
濶	kuo4
濷	fei4
濸	cang1
濹	me4
濻	wei3
濼	luo4
濽	zan4
濿	li4
瀀	you1
瀁	yang4
瀂	lu3
瀃	si4
瀄	zhi4
瀅	ying2
瀆	du2
瀇	wang3
瀈	hui1
瀊	pan2
瀋	shen3
瀎	mo4
瀏	liu2
瀐	jian1
瀒	se4
瀓	cheng2
瀕	bin1
瀖	huo4
瀗	xian4
瀘	lu2
瀙	qin4
瀜	rong2
瀞	jing4
瀟	xiao1
瀠	ying2
瀡	sui3
瀢	wei3
瀤	huai2
瀥	xue4
瀦	zhu1
瀧	long2/shuang1
瀨	lai4
瀩	dui4
瀪	fan2
瀫	hu2
瀬	lai4
瀭	shu1
瀮	lian2
瀯	ying2
瀰	mi2
瀲	lian4
瀳	jian4
瀴	ying2
瀶	lin2
瀷	yi4
瀸	jian1
瀺	chan2
瀻	dai4
瀽	jian3
瀾	lan2
瀿	fan2
灀	shuang4
灁	yuan1
灂	zhuo2
灃	feng1
灄	she4
灅	lei3
灆	lan2
灇	cong2
灉	yong1
灊	qian2
灋	fa3
灍	jue2
灎	yan4
灐	ying2
灑	sa3
灓	luan2
灔	yan4
灕	li2
灖	mi3
灗	shan4
灙	dang3
灚	jiao3
灛	chan3
灜	ying2
灝	hao4
灟	zhu2
灠	lan3
灡	lan2
灢	nang3
灤	luan2
灥	xun2
灦	xian3
灧	yan4
灨	gan4
灩	yan4
灪	yu4
灬	biao1
灮	guang1
灱	xiao1
灲	xiao1
灳	hui1
灴	hong1
灷	zhuan4
灹	zha4
灺	xie4
灻	chi4
炁	qi4
炂	zhong1
炃	fen2
炄	niu3
炇	pu1
炈	yi4
炋	pi1
炍	pan4
炏	kai4
炐	pang4
炑	mu4
炓	liao4
炗	guang1
炚	guang1
炛	guang1
炞	bian1
炠	xia2
炡	zheng1
炢	zhu2
炤	zhao4
炥	fu2
炦	ba2
炧	xie4
炨	xie4
炩	ling4
炪	zhuo1
炰	pao2
炲	tai2
炴	yang3
炵	tong1
炶	shan3
炾	huang3
炿	zhou1
烄	jiao3
烅	xu4
烆	heng2
烇	quan3
烉	huan4
烋	xiu1
烌	xiu1
烍	xian3
烎	yin2
烐	zhou1
烑	yao2
烒	shi4
烓	wei1
烕	mie4
烖	zai1
烗	kai4
烚	xia2
烞	po4
烡	guang1
烢	che4
烣	hui1
烥	ju4
烮	lie4
烰	fu2
烱	jiong3
烲	xie4
烳	pu3
烴	ting1
烵	zhuo2
烸	hai3
烼	xu4
烾	chi4
烿	rong2
焀	hu2
焁	xi1
焂	shu1
焃	he4
焄	xun1
焅	ku4
焇	xiao1
焈	xi1
焋	zhuang4
焍	di4
焎	xie4
焏	ji2
焑	yan1
焒	lv3
焔	yan4
焛	lin4
焝	hun4
焟	xi1
焠	cui4
焢	hong1
焣	chao3
焤	fu3
焥	wo4
焧	cong1
焨	feng4
焩	ping2
焪	qiong2
焫	ruo4
焬	xi1
焭	qiong2
焮	xin4
焲	yi4
焳	jue2
焴	yu4
焵	gang4
焷	pi2
焸	xiong4
焹	gang4
焺	sheng1
焻	chang4
焼	shao1
焽	xiong3
焾	nian3
焿	geng1
煀	qu1
煂	he4
煄	zhong3
煆	xia1
煇	hui1
煈	feng4
煍	jiao3
煏	bi4
煐	ying1
煑	zhu3
煒	wei3
煔	shan3
煕	xi1
煖	nuan3/xuan1
煗	nuan3
煘	chan2
煚	jiong3
煛	jiong3
煝	mei4
煠	zha2
煡	jin4
煢	qiong2
煣	rou2
煪	qiu2
煫	sui4
煬	yang2
煭	lie4
煯	jie1
煰	zao4
煱	gua1
煵	nan3
煶	shi4
煷	huo3
煹	gou4
煻	tang2
煼	chao3
煾	en1
煿	bo2
熀	huang3
熁	xie2
熂	xi4
熃	wu4
熅	yun4
熆	he2
熈	xi1
熉	yun2
熋	nai2
熌	shan3
熍	qiong2
熎	yao4
熐	mi4
熑	lian2
熒	ying2
熓	wu3
熕	gong1
熖	yan4
熗	qiang4
熚	bi4
熝	lu4
熞	jian1
熡	lou2
熢	peng2
熣	sui1
熤	yi4
熦	jue2
熧	zong1
熩	hu4
熪	yi2
熫	zhi4
熭	wei4
熮	liu3
熯	han4
熰	ou1
熲	jiong3
熳	man4
熴	kun1
熶	cuan4
熷	zeng1
熸	jian1
熺	xi1
熼	yi4
熽	xiao4
熾	chi4
熿	huang2
燀	chan3
燁	ye4
燂	tan2
燄	yan4
燅	xun2
燆	qiao1
燇	jun4
燉	dun4
燌	fen2
燍	si1
燐	lin2
燑	tong2
燓	fen2
燖	xun2
燗	lan4
燘	mei3
燛	jiong3
燜	men4
燝	zhu3
燞	jiao3
燡	yi4
燢	xue2
燣	lan2
燤	tai4
燨	xi1
燩	que4
燪	zong3
燫	lian2
燯	ling2
燰	wei1
燱	yi4
燲	xie2
燳	zhao4
燴	hui4
燵	da2
燶	nong2
燷	lan2
燸	ru2
燺	he4
燻	xun1
燼	jin4
燽	chou2
燾	dao4/tao1
燿	yao4
爀	he4
爁	lan4
爂	biao1
爃	rong2
爄	li4
爅	mo4
爈	lv4
爉	la4
爊	ao1
爋	xun1
爌	kuang4
爎	liao2
爏	li4
爑	jue2
爒	liao3
爓	yan4
爕	xie4
爖	long2
爗	ye4
爘	can1
爙	rang3
爜	cong2
爞	chong2
爠	qu2
爡	che4
爢	mi2
爣	tang3
爤	lan4
爥	zhu2
爦	lan3
爧	ling2
爩	yu4
爫	zhao3
爮	pao2
爯	cheng1
爳	han
爴	jue2
爼	zu3
牃	die2
牄	qiang1
牅	yong1
牉	pan4
牊	chao2
牋	jian1
牎	chuang1
牏	yu2
牐	zha2
牑	bian1
牓	bang3
牔	bo2
牕	chuang1
牗	you3
牘	du2
牜	niu2
牞	jiu1
牣	ren4
牨	gang1
牪	yan4
牫	ge1
牬	bei4
牭	si4
牰	you4
牱	ge1
牳	mu3
牴	di3
牶	quan4
牷	quan2
牸	zi4
牼	keng1
犂	li2
犃	pou3
犅	gang1
犆	zhi2
犈	quan2
犉	chun2
犌	jia1
犎	feng1
犐	ke1
犑	ju2
犓	chu2
犔	xi4
犕	bei4
犖	luo4
犗	jie4
犘	ma2
犙	san1
犚	wei4
犜	dun1
犝	tong2
犞	qiao2
犠	xi1
犡	li4
犢	du2
犣	lie4
犤	pai2
犥	piao1
犦	bo2
犩	wei2
犪	kui2
犫	chou1
犭	quan3
犮	ba2
犱	ji3
犲	chai2
犳	zhuo2
犵	ge1
犺	kang4
犻	bo2
犼	hou3
犽	ya4
犾	yin2
犿	huan1
狅	kuang2
狆	zhong4
狇	mu4
狊	ju2
狋	yi2
狌	sheng1
狏	tuo2
狑	ling2
狓	pi2
狔	ni3
狕	yao3
狖	you4
狘	xue4
狚	dan4
狛	bo2
狜	ku3
狟	huan2
狢	he2
狣	zhao4
狤	ji2
狥	xun4
狦	shan1
狧	ta4
狪	tong2
狫	lao3
狵	mang2
狶	xi1
狾	zhi4
狿	yan2
猀	sha1
猂	han4
猅	pai2
猆	fei1
猈	bai4
猉	qi2
猋	biao1
猌	yin4
猍	lai2
猏	jian1
猐	qiang1
猑	kun1
猒	yan4
猓	guo3
猔	zong4
猘	zhi4
猙	zheng1
猚	ya2
猟	lie4
猠	dian3
猣	zong1
猤	gui4
猦	feng1
猧	wo1
猨	yuan2
猭	chuan1
猲	xie1
猳	jia1
猵	bian1
猸	mei2
猻	sun1
猼	bo2
猽	ming2
獀	sou1
獁	ma4
獂	yuan2
獃	dai1
獆	hao2
獇	qiang1
獈	yi4
獉	zhen1
獊	cang1
獋	hao2
獌	man4
獏	mo4
獑	chan2
獓	ao2
獔	hao2
獕	cui1
獖	ben4
獘	bi4
獙	bi4
獚	huang2
獛	pu2
獜	lin2
獝	xu4
獞	tong2
獟	yao4
獡	shuo4
獢	xiao1
獣	shou4
獤	dun1
獥	jiao4
獦	ge2
獧	juan4
獩	hui4
獪	kuai4
獫	xian3
獮	xian3
獰	ning2
獱	bian1
獳	nou4
獶	nao3
獷	guang3
獹	lu2
獺	ta3
獼	mi2
獽	rang2
獿	nao3
玀	luo2
玁	xian3
玂	qi2
玅	miao4
玆	zi1
玈	lu2
玊	su4
玌	qiu2
玍	ga3
玏	le4
玐	ba1
玔	chuan4
玗	yu2
玜	hong2
玝	wu3
玣	bian4
玧	men2
玨	jue2
玪	jian1
玬	dan3
玴	yi4
玵	an2
玸	fu2
玽	gou3
玾	jia3
珁	ci2
珃	ran3
珄	sheng1
珆	yi2
珎	zhen1
珓	jiao4
珔	jian4
珗	xian1
珘	zhou1
珚	yan1
珜	yang2
珟	su4
珡	qin2
珤	bao3
珨	xia2
珬	xu4
珮	pei4
珯	lao3
珱	ying1
珳	wen2
珴	e2
珶	di4
珻	mei2
珼	bei4
珿	chu4
琁	xuan2
琂	yan2
琋	xi1
琌	ling2
琍	li2
琑	suo3
琒	feng1
琓	wan2
琕	pin2
琖	zhan3
琗	se4
琘	min2
琙	yu4
琜	lai2
琝	min2
琞	sheng4
琠	tian3
琣	beng3
琧	e4
琩	chang1
琱	diao1
琷	que4
琸	zhuo2
琹	qin2
琺	fa4
琻	jin1
琽	du3
琾	jie4
琿	hun2
瑇	dai4
瑈	rou2
瑉	min2
瑊	jian1
瑋	wei3
瑌	ruan3
瑍	huan4
瑎	xie2
瑏	chuan1
瑐	jian3
瑒	chang4/yang2
瑘	ya2
瑠	liu2
瑡	shi1
瑤	yao2
瑥	wen1
瑦	wu3
瑪	ma3
瑫	tao1
瑮	li4
瑯	lang2
瑲	qiang1
瑴	jue2
瑵	zhao3
瑸	bin1
瑹	shu1
瑺	chang2
瑻	kun1
瑼	zhuan1
瑽	cong1
瑿	yi1
璂	qi2
璄	jing3
璅	suo3
璉	lian3
璊	men2
璌	yin2
璍	ye4
璏	wei4
璑	wu2
璓	xiu4
璔	zeng1
璕	xun2
璖	qu2
璗	dang4
璙	liao2
璚	qiong2
璛	su4
璝	gui1
璡	jin4
璢	liu2
璣	ji1
璤	hui4
璦	ai4
璫	dang1
璭	gun4
璯	hui4
璳	tian2
璴	chu3
璵	yu2
璶	jin4
璷	lu2
璸	bin1
璹	shu2
璻	zui3
璼	lan2
璽	xi3
璾	zi1
璿	xuan2
瓁	wo4
瓂	gai4
瓃	lei2
瓄	du2
瓅	li4
瓆	zhi4
瓇	rou2
瓈	li2
瓉	zan4
瓊	qiong2
瓋	ti4
瓌	gui1
瓍	sui2
瓎	la4
瓐	lu2
瓑	li4
瓓	lan4
瓔	ying1
瓕	mi2
瓗	qiong2
瓙	dao4
瓚	zan4
瓛	huan2
瓝	bo2
瓟	bo2
瓡	zhi2
瓥	li4
瓨	xiang2
瓩	qian1
瓪	ban3
瓫	pen2
瓬	fang3
瓭	dan3
瓲	tunwa2
瓳	hu2
瓵	yi2
瓸	bai3
瓹	juan1
瓺	chang2
瓽	dang4
瓾	meng3
甀	zhui4
甁	ping2
甂	bian1
甃	zhou4
甆	ci2
甇	ying1
甈	qi4
甉	xian2
甊	lou3
甋	di4
甌	ou1
甎	zhuan1
甐	lin4
甒	wu3
甔	dan1
甕	weng4
甖	ying1
甙	dai4
甛	tian2
甝	han2
甞	chang2
甠	qing2
産	chan3
甤	rui2
甧	shen1
甮	feng4
甴	zha2
甶	fu2
甹	ping1
甼	ting3
甽	zhen4
甿	meng2
畁	bi4
畂	liu4
畃	xun2
畄	liu2
畆	mu3
畇	yun2
畉	fu2
畊	geng1
畍	jie4
畐	fu2
畑	tian2
畒	mu3
畓	duo1
畕	jiang1
畗	da2
畘	nan2
畞	mu3
畟	ce4
畠	tian2
畡	gai1
畣	da2
畧	lve4
畨	pan1
畩	yi1
畭	yu2
畮	mu3
畱	liu2
畳	die2
畵	hua4
畷	zhui4
畺	jiang1
畻	cheng2
畼	chang4
畽	tun3
畾	lei2
疀	cha1
疂	die2
疄	lin4
疅	jiang1
疇	chou2
疈	pi4
疉	die2
疋	pi3/ya3
疌	jie2
疎	shu1
疒	ne4
疓	nai3
疕	bi3
疘	gang1
疛	zhou3
疜	xia4
疞	xu1
疦	jue2
疧	qi2
疨	xia1
疩	cui4
疪	bi4
疶	xue1
疷	zhi1
疺	fa2
疻	zhi3
疿	fei4
痀	ju1
痁	shan1
痆	nie4
痋	teng2
痌	tong1
痎	jie1
痏	wei3
痐	hui2
痑	tan1
痖	ya3
痗	mei4
痙	jing4
痚	xiao1
痜	tu1
痝	mang2
痟	xiao1
痠	suan1
痡	fu1
痥	duo2
痩	shou4
痬	yi4
痭	beng1
痮	zhang4
痯	guan3
痲	ma2
痳	lin2/ma2
痵	ji4
痶	tian3
痷	an1
痸	chi4
痻	min2
痽	dui1
痾	e1
瘂	ya3
瘄	cu4
瘇	zhong3
瘈	chi4/zhi4
瘍	yang2
瘎	chen2
瘏	tu2
瘑	guo1
瘒	wen2
瘔	ku4
瘖	yin1
瘚	jue2
瘜	xi1
瘝	guan1
瘞	yi4
瘣	hui4
瘧	nve4/yao4
瘨	dian1
瘬	zhang4
瘮	shen4
瘯	cu4
瘱	yi4
瘲	zong4
瘶	sou4
瘷	se4
瘹	diao4
瘺	lou4
瘻	lou4
瘽	qin2
癁	fu2
癄	qiao2
癅	liu2
癆	lao2
癇	xian2
癈	fei4
癉	dan1/dan4
癊	yin4
癋	he4
癎	xian2
癏	guan1
癐	gui4
癑	nong4
癓	wei2
癕	yong1
癘	li4
癙	shu3
癚	dan4
癛	lin3
癝	lin3
癠	ji4
癤	jie1
癥	zheng1
癦	meng4
癧	li4
癨	huo4
癩	lai4
癪	ji1
癬	xuan3
癭	ying3
癮	yin3
癰	yong1
癲	dian1
癳	luo3
癴	luan2
癵	luan2
癶	bo1
癷	bo1
癹	ba2
発	fa1
皀	ji2
皁	zao4
皃	mao4
皅	pa1
皉	ci3
皊	ling2
皌	mo4
皍	ji2
皏	peng3
皐	gao1
皒	e2
皔	han4
皗	chou2
皘	qian4
皚	ai2
皜	hao4
皝	huang4
皟	ze2
皠	cui3
皡	hao4
皢	xiao3
皣	ye4
皥	hao4
皧	ai4
皨	xing1
皩	huang4
皪	li4
皫	piao3
皬	he2
皯	gan3
皰	pao4
皳	qiu2
皵	que4
皶	zha1
皷	gu3
皸	jun1
皹	jun1
皻	zha1
皼	gu3
皽	zhao1
皾	du2
盀	qi3
盁	ying2
盄	zhao1
盇	he2
盋	bo1
盌	wan3
盓	yu1
盕	fan4
盙	fu3
盚	qiu2
盝	lu4
盠	li2
盢	xu4
盧	lu2
盨	xu3
盩	zhou1
盫	an1
盬	gu3
盭	li4
盰	gan4
盳	wang4
盵	qi4
盶	yuan3
盺	xin1
盻	xi4
盽	feng1
盿	min2
眀	ming2
眂	shi4
眃	yun2
眅	pan1
眆	fang3
県	xian4
眎	shi4
眏	yang1
眐	zheng1
眑	yao3
眒	shen1
眓	huo4
眔	da4
眕	zhen3
眖	kuang4
眗	ju1
眘	shen4
眛	mei4
眜	mo4
眝	zhu4
眞	zhen1
眡	shi4
眣	die2
眤	ni4
眥	zi4
眧	chao3
眪	bing3
眫	mi3
眮	tong2
眰	die4
眱	di4
眲	ne4
眳	ming2
眴	xuan4
眹	zhen4
眻	yang2
眽	mo4
眿	mo4
睂	mei2
睅	han4
睆	huan4
睈	cheng3
睉	cuo2
睊	juan4
睋	e2
睌	man3
睍	xian4
睏	kun4
睒	shan3
睓	tian3
睔	gun4
睕	wan3
睖	leng4
睗	shi4
睘	qiong2
睙	lie4
睝	li2
睞	lai4
睟	sui4
睠	juan4
睤	bi4
睧	hun1
睩	lu4
睪	yi4
睭	zhou3
睮	yu2
睯	hun1
睰	ma4
睱	xia4
睲	xing3
睳	hui1
睴	gun4
睵	zai1
睶	chun3
睷	jian1
睸	mei4
睺	hou2
睻	xuan1
睼	tian4
瞁	xu4
瞂	fa2
瞃	wo4
瞆	kui4
瞈	weng3
瞉	kou4
瞊	dang4
瞏	qiong2
瞐	mo4
瞓	fen4
瞔	ze2
瞕	zhang4
瞖	yi4
瞗	diao1
瞘	kou1
瞙	mo4
瞚	shun4
瞛	cong1
瞜	lou1
瞝	chi1
瞡	gui1
瞣	wan4
瞤	run2
瞦	xi1
瞨	pu2
瞮	che4
瞯	xian2
瞱	ye4
瞲	xu4
瞴	mou2
瞶	gui4
瞷	jian4
瞸	ye4
瞹	ai4
瞺	hui4
瞼	jian3
瞾	zhao4
矀	mei2
矁	chou3
矂	sao4
矃	ning3
矄	xun1
矅	yao4
矆	huo4
矇	meng2/meng1
矈	mian2
矉	pin2
矊	mian2
矋	lei3
矌	kuang4
矎	xuan1
矏	mian2
矐	huo4
矑	lu2
矒	meng2
矓	long2
矔	guan4
矕	man3
矖	xi3
矘	tang3
矙	kan4
矚	zhu3
矝	jin1
矟	shuo4
矠	ze2
矡	jue2
矤	shen3
矦	hou2
矨	ying3
矪	zhou1
矱	yue1
矲	ba4
矴	ding4
矵	qi4
矷	zi3
矹	wu4
矺	zhe2
矽	xi4/xi1
砃	dan1
砅	li4
砇	min2
砈	e3
砊	kang1
砋	zhi3
砎	jie4
砏	bin1
砐	e4
砓	zhe2
砕	sui4
砙	wa3
砛	jin1
砞	mo4
砡	yu4
砢	ke1
砤	tuo2
砦	zhai4
砨	e4
砩	fu2
砪	mu3
砯	ping1
砱	ling2
砳	le4
砶	po4
砽	yong4
砿	kuang4
硂	quan2
硃	zhu1
硄	kuang1
硆	e4
硈	qia4
硉	lu4
硋	ai4
硏	yan2/yan4
硑	peng1
硓	lao3
硘	hui2
硛	yi4
硜	keng1
硞	que4
硟	chan4
硠	lang2
硡	hong1
硢	yu2
硣	xiao1
硤	xia2
硥	mang3
硦	luo4
硧	yong3
硨	che1
硩	che4
硯	yan4
硰	sha1
硱	kun3
硲	yu4
硳	chi4
硴	hua1
硵	lu3
硶	chen3
硷	jian3
硸	nve4
硹	song1
硺	zhuo2
硻	keng1
硽	yan1
硾	zhui4
碀	cheng2
碁	qi2
碂	zong4
碄	lin2
碅	jun1
碆	bo1
碊	jian1
碋	he4
碐	leng2
碒	yin2
碔	wu3
碕	qi2
碖	lun3
碙	nao2
碝	ruan3
碞	yan2
碠	ding4
碢	tuo2
碤	ying1
碦	ke4
碩	shuo4
碪	zhen1
碫	duan4
碬	xia2
碭	dang4
碮	ti2
碯	nao3
碵	tian2
碷	dun4
碸	feng1
碻	que4
碽	gong1
碿	su4
磀	e2
磂	liu2
磃	si1
磄	tang2
磆	hua2
磇	pi1
磈	wei3
磌	tian2
磍	xia2
磎	xi1
磑	wei2
磒	yun3
磓	dui1
磖	la2
磗	zhuan1
磘	yao2
磛	chan2
磝	ao2
磞	peng1
磟	liu4
磠	lu3
磢	chuang3
磣	chen3
磤	yin3
磥	lei3
磦	biao1
磧	qi4
磩	qi4
磪	cui1
磫	zong1
磭	chuo4
磮	lun2
磯	ji1
磰	shan4
磱	lao2
磳	zeng1
磵	jian4
磶	xi4
磸	ding4
磼	za2
磽	qiao1
磾	di1
磿	li4
礀	jian4
礂	xi1
礃	zhang3
礄	qiao2
礆	jian3
礇	yu4
礈	zhui4
礉	he2
礊	ke4
礋	ze2
礍	jie2
礏	ye4
礐	que4
礑	dang4
礒	yi3
礔	pi1
礕	pi1
礖	yu4
礗	pin1
礘	e4
礚	ke1
礛	jian1
礜	yu4
礝	ruan3
礟	pao4
礠	ci2
礡	bo2
礢	yang3
礣	ma4
礤	ca3
礥	xian2
礧	lei2
礨	lei3
礩	zhi4
礪	li4
礬	fan2
礭	que4
礮	pao4
礯	ying1
礰	li4
礱	long2
礲	long2
礳	mo4
礶	guan4
礷	lan2
礸	ca3
礹	yan2
礻	shi4
礽	reng2
礿	yue4
祂	ta1
祄	xie4
祅	yao1
祌	zhong4
祍	ren4
祑	zhi4
祒	tiao2
祔	fu4
祘	suan4
祙	mei4
祡	chai2
祣	lv3
祤	yu3
祦	wu2
祩	zhu4
祪	gui3
祫	xia2
祬	zhi1
祮	gao4
祰	gao4
祱	shui4
祳	shen4
祴	gai1
祵	kun3
祶	di4
祹	tao2
祻	gu4
祽	zui4
祿	lu4
禂	dao3
禃	zhi2
禆	bi4
禇	zhe3
禈	hui1
禉	you3
禌	zi1
禎	zhen1
禐	yuan4
禑	wu2
禓	yang2
禕	yi1
禖	mei2
禗	si1
禙	bei4
禜	yong3
禝	ji4
禞	gao4
禟	tang2
禠	si1
禡	ma4
禢	ta4
禣	fu4
禥	qi2
禨	ji1
禩	si4
禪	chan2/shan4
禫	dan4
禬	gui4
禭	sui4
禯	nong2
禰	mi2/ni3
禲	li4
禴	yue4
禵	ti2
禶	zan4
禷	lei4
禸	rou2
禼	xie4
秂	ren2
秄	zi3
秅	cha2
秇	yi4
秈	xian1
秊	nian2
秌	qiu1
秎	fen4
秏	hao4
秐	yun2
秓	zhi1
秔	jing1
秖	zhi1
秗	yu4
秙	ku4
秚	ban4
秛	pi1
秜	ni2
秝	li4
秞	you2
秠	pi1
秡	bo2
秢	ling2
秥	nian2
秨	zuo2
秪	zhi1
秮	huo2
秱	tong2
秲	zhi4
秳	huo2
秴	he2
秵	yin1
秶	zi1
秷	zhi4
秹	ren3
秺	du4
秼	zhu1
秿	fu4
稁	gao3
稄	xun4
稇	kun3
稉	jing1
稊	ti2
稏	ya4
稐	lun3
稒	gu4
稓	zuo2
稕	zhun4
稖	bang4
稘	ji1
稛	kun3
稜	leng2/ling2
稝	peng2
稡	zui4
稢	yu4
稤	lve4
稥	xiang1
稦	yi1
稧	xi4
稨	bian3
稩	ji4
稪	fu2
稫	pi4
稬	nuo4
稭	jie1
稯	zong1
稰	xu3
稲	dao4
稴	xian2
稵	zi1
稶	yu4
稸	xu4
稺	zhi4
稾	gao3
穁	rong2
穂	sui4
穃	rong4
穅	kang1
穇	can3
穈	mei2
穉	zhi4
穊	ji4
穋	lu4
穌	su1
穏	wen3
穐	qiu1
穒	he4
穓	yi4
穔	huang2
穕	qie4
穖	ji3
穘	xiao1
穚	jiao1
穛	zhuo1
穝	zuo1
穞	lv3
穠	nong2
穡	se4
穢	hui4
穣	rang2
穤	nuo4
穥	yu4
穦	pin1
穧	ji4
穨	tui2
穪	cheng1
穬	kuang4
穭	lv3
穮	biao1
穯	se4
穱	zhuo1
穲	li2
穳	cuan2
穵	wa1
穻	yu1
穼	shen1
穽	jing3
穾	yao4
窂	lao2
窆	bian3
窇	bao2
窉	bing3
窋	zhu2
窌	jiao4
窏	wu1
窐	gui1
窔	yao4
窙	xiao1
窚	cheng2
窛	kou4
窞	dan4
窡	zhuo2
窢	xu1
窤	guan1
窧	zhuo1
窪	wa1
窫	ya4
窰	yao2
窱	tiao3
窲	chao2
窴	tian2
窵	diao4
窶	ju4
窷	liao4
窹	wu4
窺	kui1
窻	chuang1
窼	zhao1
窽	kuan3
窾	kuan3
竀	cheng1
竁	cui4
竂	liao2
竃	zao4
竅	qiao4
竆	qiong2
竇	dou4
竈	zao4
竉	long3
竌	chu4
竍	shi2
竎	fu4
竏	qian1
竐	chu4
竒	qi2
竓	hao2
竔	sheng1
竕	fen1
竗	miao4
竚	zhu4
竛	ling2
竜	long2
竝	bing4
竡	bai3
竢	si4
竤	hong2
竧	jing4
竨	diao4
竩	yi4
竪	shu4
竬	qu3
竮	ping1
竰	li2
竱	zhuan3
竲	ceng2
竳	deng1
竴	cun1
竵	wai1
竷	kan3
竸	jing4
竻	le4
竼	peng2
竾	chi2
笀	mang2
笁	zhu2
笂	wan2
笅	jiao3
笇	suan4
笉	qin3
笌	ya2
笍	zhui4
笎	yuan2
笐	hang2
笒	cen2
笓	bi4
笖	yi3
笗	dong1
笘	shan1
笚	da1
笜	zhu2
笝	na4
笟	gu1
笡	qie4
笢	min3
笣	bao1
笧	ce4
笩	fa2
笭	ling2
笰	fu2
笲	fan2
笴	gan3
笵	fan4
笶	shi3
笷	mao3
笹	shi4
笻	qiong2
笽	min3
笿	luo4
筁	qu1
筂	chi2
筃	yin1
筄	yao4
筈	kuo4
筊	xiao2
筍	sun3
筎	ru2
筓	ji1
筕	hang2
筗	zhong4
筙	lai2
筞	ce4
筟	fu1
筡	tu2
筣	li2
筧	jian3
筨	han2
筩	tong2/tong3
筪	xia2
筫	zhi4
筬	cheng2
筭	suan4
筯	zhu4
筰	zuo2
筳	ting2
筴	ce4/jia1
筸	gan1
筺	kuang1
筽	ou1/wu2
筿	xiao3
箁	pou2
箂	lai2
箃	zou1
箄	bi3
箆	bi4
箇	ge4
箈	tai2
箉	guai3
箊	yu1
箋	jian1
箌	dao4
箎	chi2
箑	sha4
箒	zhou3
箘	jun4
箙	fu2
箚	zha2
箛	gu1
箝	qian2
箞	qian1
箟	jun4
箠	chui2
箣	ce4
箤	zu2
箥	bo3
箮	xuan1
箯	bian1
箰	sun3
箲	xian3
箳	ping2
箵	xing1
箶	hu2
箷	yi2
箹	yue1
箺	chun1
箻	lv4
箼	wu1
箽	dong3
箾	shuo4
箿	ji2
篂	xing1
篃	mei4
篅	chuan2
篈	feng1
篊	huang2
篋	qie4
篍	qiu1
篎	miao3
篏	qian4
篐	gu1
篒	yi4
篔	yun2
篕	he2
篖	tang2
篗	yue4
篘	chou1
篛	ruo4
篜	zheng1
篞	nie4
篟	qian4
篠	xiao3
篢	long3
篣	peng2
篤	du3
篧	zhuo2
篨	chu2
篫	zhu4
篬	qiang1
篭	long2
篰	bu4
篲	hui4
篳	bi4
篴	di2
篵	cong1
篶	yan1
篸	can3/zan1
篹	zhuan4/zuan3
篺	pi2
篻	piao3
篽	yu4
篿	tuan2
簀	ze2
簁	shai1
簂	gui4
簄	hu4
簅	chan3
簆	kou4
簈	ping2
簊	ji1
簍	lou3
簎	ce4
簐	nian3
簑	suo1
簒	cuan4
簓	diao1
簔	suo1
簗	zhu4/zhu2
簘	xiao1
簙	bo2
簚	mi4
簛	shai1
簜	dang4
簞	dan1
簢	min3
簣	kui4
簤	dai4
簥	jiao1
簦	deng1
簨	sun3
簩	lao2
簬	lu4
簭	shi4
簮	zan1
簯	qi2
簱	qi2
簲	pai2
簳	gan3
簴	ju4
簵	lu4
簶	lu4
簷	yan2
簹	dang1
簺	sai4
簻	zhua1
簼	gou1
籂	shi4
籄	kui4
籅	yu2
籆	yue4
籇	hao2
籈	zhen1
籉	tai2
籊	ti4
籋	nie4
籎	yi2
籏	qi2
籐	teng2
籑	zhuan4/zuan3
籒	zhou4
籓	fan1
籔	sou3
籕	zhou4
籖	qian1
籗	zhuo2
籘	teng2
籙	lu4
籚	lu2
籛	jian3
籜	tuo4
籝	ying2
籞	yu4
籟	lai4
籡	qie4
籢	lian2
籣	lan2
籤	qian1
籦	zhong1
籧	qu2
籨	lian2
籩	bian1
籪	duan4
籫	zuan3
籭	si1
籯	ying2
籰	yue4
籱	zhuo2
籵	fan2
籶	shen1
籷	zhe2
籸	shen1
籹	nv3
籺	he2
籾	ni2
籿	cun4
粀	zhang4
粁	qian1
粂	zhai1
粃	bi3
粄	ban3
粅	wu4
粆	sha1
粇	kang1
粈	rou2
粊	bi4
粋	cui4
粌	yin3
粍	zhe2
粎	mi3
粏	ta4
粐	hu4
粓	gan1
粔	ju4
粖	mo4
粙	zhou4
粚	chi1
粛	su4
粠	hong2
粡	tong2
粣	ce4
粦	lin2
粧	zhuang1
粨	bai3
粩	lao1
粫	er2
粬	qu1
粭	he2
粯	xian4
粰	fu2
粴	li3
粶	lu4
粷	ju2
粸	qi2
粺	bai4
粻	zhang1
糀	hua1
糂	san3
糃	tang2
糄	bian3
糆	mian4
糉	zong4
糋	jian4
糎	li2
糏	xie4
糐	fu1
糑	nuo4
糓	gu3
糔	xiu3
糘	jia1
糚	zhuang1
糛	tang2
糝	san3/shen1
糡	jiang4
糢	mo2
糣	san3
糤	san3
糥	nuo4
糦	xi1
糩	kuai4
糪	bo4
糫	huan2
糬	shu3
糭	zong4
糮	xian4
糱	nie4
糲	li4
糳	zuo4
糴	di2
糷	lan4
糸	mi4
糹	si1
糺	jiu1
糼	gong1
糽	zheng3
糿	you4
紁	cha4
紂	zhou4
紃	xun2
紆	yu1
紇	he2
紈	wan2
紉	ren4
紌	qiu2
紎	zi1
紏	tou3
紑	fou2
紒	ji4
紓	shu1
紕	pi1
紖	zhen4
紘	hong2
紜	yun2
紝	ren4
紞	dan3
紟	jin1
紣	cui4
紤	jiu3
紦	ha1
紨	fu1
紩	zhi4
紪	qi1
紬	chou2
紭	hong2
紱	fu2
紲	xie4
紴	bo1
紵	zhu4
紶	qu1
紷	ling2
紸	zhu4
紺	gan4
紻	yang3
紼	fu2
紽	tuo2
紾	zhen3
紿	dai4
絀	chu4
絁	shi1
絃	xian2
絅	jiong1
絇	qu2
絈	mo4
絉	shu4
絊	zui4
絋	kuang4
経	jing1
絍	ren4
絎	hang2
絏	xie4
絑	zhu1
絒	chou2
絓	gua4
絔	bai3
絖	kuang4
絗	hu2
絘	ci4
絙	huan2
絚	geng1
絛	tao1
絝	ku4
絞	jiao3
絟	quan2
絠	gai3
絣	beng1
絤	xian4
絥	fu2
絧	dong4
絩	tiao4
絪	yin1
絫	lei3
絬	xie4
絭	juan4
絯	gai1
絰	die2
絳	jiang4
絴	xiang2
絵	hui4
絶	jue2
絸	jian3
絺	chi1
絻	mian3
絼	zhen4
絽	lv3
絾	cheng2
絿	qiu2
綀	shu1
綂	tong3
綃	xiao1
綄	huan2
綅	qin1
綆	geng3
綇	xiu3
綈	ti2
綊	xie2
綋	hong2
綌	xi4
綍	fu2
綎	ting1
綏	sui1
綐	dui4
綑	kun3
綒	fu1
綔	hu4
綕	zhi1
綖	yan2
綗	jiong3
綘	feng2
継	ji4
続	xu4
綛	ren3
綝	chen1
綞	duo3
綟	li4
綡	liang2
綣	quan3
綤	shao4
綥	qi2
綧	zhun3
綨	qi2
綩	wan3
綫	xian4
綬	shou4
綯	tao2
綰	wan3
綳	beng1
綵	cai3
綶	guo3
綷	cui4
綹	liu3
綺	qi3
綻	zhan4
綼	bi4
綽	chuo4
綾	ling2
緀	qi1
緁	qie4
緂	tian2
緃	zong1
緄	gun3
緅	zou1
緆	xi1
緇	zi1
緈	xing4
緉	liang3
緋	fei1
緌	rui2
緍	min2
緎	yu4
総	zong3
緐	fan2
緑	lv4
緓	ying1
緔	shang4
緕	zi1
緖	xu4
緗	xiang1
緘	jian1
緙	ke4
緛	ruan3
緜	mian2
緟	chong2
緡	min2
緢	miao2
緤	xie4
緥	bao3
緦	si1
緧	qiu1
緪	geng1
緫	cong1
緬	mian3
緭	wei4
緮	fu4
緰	tou2
緱	gou1
緲	miao3
緳	xie2
緵	zong1
緶	bian4
緷	yun4
緸	yin1
緹	ti2
緺	gua1
緼	yun4
緽	cheng1
緾	chan2
緿	dai4
縀	xia2
縁	yuan2
縂	zong3
縃	xu1
縄	sheng2
縅	wei1
縆	geng1
縇	xuan1
縈	ying2
縉	jin4
縊	yi4
縋	zhui4
縌	ni4
縍	bang1
縎	gu3
縏	pan2
縐	zhou4
縑	jian1
縒	ci1
縓	quan2
縔	shuang3
縕	yun4
縖	xia2
縗	cui1
縘	xi1
縙	rong2
縚	tao1
縜	yun2
縝	chen1
縞	gao3
縟	ru4
縡	zai4
縤	su4
縥	zhen3
縦	zong4
縧	tao1
縨	huang3
縩	cai4
縪	bi4
縬	cu4
縭	li2
縯	yan3
縰	xi3
縲	lei2
縳	juan4
縴	qian4
縵	man4
縶	zhi2
縸	mu4
縹	piao3
縺	lian2
縼	xuan4
縿	shan1
繀	sui4
繂	lv4
繅	sao1
繆	mou2
繈	qiang3
繉	hun2
繊	xian1
繋	ji4
繌	zong1
繍	xiu4
繎	ran2
繏	xuan4
繐	sui4
繑	qiao1
繒	zeng1
繓	zuo3
繕	shan4
繖	san3
繗	lin2
繘	yu4
繙	fan1
繚	liao2
繛	chuo4
繜	zun1
繝	jian4
繟	chan3
繠	rui3
繢	hui4
繣	hua4
繤	zuan3
繥	xi1
繦	qiang3
繧	wen2
繨	da
繬	se4
繮	jiang1
繯	huan2
繰	zao3
繱	cong1
繲	xie4
繴	bi4
繵	dan4
繶	yi4
繷	nong3
繸	sui4
繹	yi4
繺	shai3
繻	xu1
繽	bin1
繾	qian3
繿	lan2
纀	pu2
纁	xun1
纃	qi2
纄	peng2
纅	yao4
纆	mo4
纇	lei4
纈	xie2
纉	zuan3
纊	kuang4
纋	you1
纍	lei2/lei3
纎	xian1
纐	jiao3
纑	lu2
纒	chan2
纓	ying1
纔	cai2
纕	rang3
纗	zui1
纘	zuan3
纙	luo4
纚	li2/xi3
纝	lei2
纞	lian4
纟	si1
绬	ying1
缋	hui4
缍	duo3
缏	bian4/pian2
缷	xie4
缹	fou3
缻	fou3
缼	que1
缽	bo1
缾	ping2
缿	xiang4
罀	zhao4
罁	gang1
罃	ying1
罆	guan4
罇	zun1
罈	tan2
罉	cheng1
罊	qi4
罋	weng4
罌	ying1
罎	tan2
罏	lu2
罒	wang3
罓	gang1
罖	luo2
罙	shen1
罛	gu1
罜	zhu3
罝	ju1
罞	mao2
罠	min2
罣	gua4
罤	ti2
罥	juan4
罦	fu2
罧	shen4
罫	gua4
罬	zhuo2
罭	yu4
罯	an3
罳	si1
罸	fa2
罺	chao2
罻	wei4
罼	bi4
罿	chong1
羀	liu3
羂	juan4
羃	mi4
羄	zhao4
羆	pi2
羇	ji1
羈	ji1
羉	luan2
羋	mi3
羍	da2
羏	yang2
羐	you3
羒	fen2
羗	qiang1
羘	zang1
羙	gao1
羛	yi4
羜	zhu4
羠	yi2
羢	rong2
羥	qiang3
羦	huan2
羪	yang3
羫	qiang1
羬	qian2
羭	yu2
羮	geng1
羳	fan2
羴	shan1
羵	fen2
羶	shan1
羷	lian3
羺	nou2
羻	qiang4
羾	gong4
翄	chi4
翆	cui4
翇	fu2
翉	ben3
翋	la1
翍	pi1
翏	liu4
翐	zhi4
翑	qu2
翓	xie2
翖	xi1
翗	ke2
翜	sha4
翝	hong2
翞	jiang1
翢	dao4
翣	sha4
翤	chi4
翧	xuan1
翨	chi4
翪	zong1
翫	wan2
翬	hui1
翭	hou2
翲	piao1
翴	lian2
翵	hou2
翶	ao2
翸	pen3
翺	ao2
翽	hui4
翿	dao4
耂	lao3
耈	gou3
耉	gou3
耊	die2
耎	ruan3
耓	ting1
耚	pi1
耛	yi2
耝	qu4
耞	jia1
耟	ju4
耡	chu2
耣	lun3
耫	zha2
耬	lou2
耭	ji1
耮	lao4
耯	huo4
耲	huai2
耴	yi4/zhe2
耹	qin2
耺	yun2
耼	dan1
耾	hong2
聀	zhi2
聁	pan4
聄	zhen3
聅	che4
聇	zheng1
聈	you3
聉	wa4
聎	tiao1
聏	er2
聐	ya4
聑	tie1
聓	xu4
聕	hao4
聗	lie4
聙	jing1
聛	bi3
聜	di3
聝	guo2
聟	xu4
聠	ping1
聡	cong1
聢	ding4
聣	ni2
聤	ting2
聥	ju3
聦	cong1
聧	kui1
聨	lian2
聫	lian2
聬	weng3
聭	kui4
聮	lian2
聴	ting1
聵	kui4
聶	nie4
聸	dan1
聹	ning2
聺	qie2
聻	ni3
聼	ting1
肀	yu4
肁	zhao4
肂	si4
肈	zhao4
肊	yi4
肍	qiu2
肎	ken3
肏	cao4
肐	ge1
肑	bo2
肒	huan4
肔	chi3
肕	ren4
肗	ru3
肙	yuan4
肜	rong2
肞	cha1
肣	han2
肦	fen2
肧	pei1
肨	pang4
肬	you2
肰	ran2
肳	wen3
肵	qi2
肶	pi2
肹	xi1
肻	ken3
胅	die2
胇	fei4
胉	bo2
胊	qu2
胋	tian2
胏	zi3
胐	fei3
胑	zhi1
胒	ni4
胓	ping2
胔	zi4
胕	fu3
胘	xian2
胟	mu3
胢	ke1
胦	yang1
胮	pang1
胵	chi1
胷	xiong1
胹	er2
胻	heng2
胾	zi4
胿	gui1
脀	cheng2
脁	tiao3
脃	cui4
脄	mei2
脇	xie2
脋	xie2
脌	nin2
脕	wan4
脗	wen3
脙	xiu1
脛	jing4
脜	you3
脝	heng1
脠	shan1
脡	ting3
脢	mei2
脤	shen4
脥	qian3
脦	te/te4/de
脧	juan1/zui1
脨	cu4
脪	xin4
脭	cheng2
脮	nei3
脰	dou4
脳	nao3
脴	pi3
脵	gu3
脷	li4
脺	cui4
脻	jie1
脼	liang3
脽	shui2
腀	lun2
腁	pian2
腂	lei3
腃	kui4
腄	chui2
腅	dan4
腇	nei3
腉	nai2
腍	ren4
腎	shen4
腏	chuo4
腖	dong4
腗	pi2
腛	wo4
腜	mei2
腝	ni2
腞	zhuan4
腟	chi4
腡	luo2
腢	ou3
腣	di4
腤	an1
腪	yun4
腬	rou2
腲	wei3
腵	jia1
腶	duan4
腷	bi4
膁	qian3
膃	wa4
膄	shou4
膅	tang2
膆	su4
膇	zhui4
膉	yi4
膋	liao2
膌	ji2
膍	pi2
膎	xie2
膐	lv3
膒	ou1
膓	chang2
膔	lu4
膕	guo2
膖	pang1
膗	chuai2
膞	zhuan1
膟	lv4
膡	ying4
膢	lv2
膣	zhi4
膤	xue3
膥	cun1
膧	tong2
膪	chuai4
膫	liao2
膬	cui4
膭	gui1
膮	xiao1
膯	teng1
膰	fan2
膱	zhi2
膲	jiao1
膴	hu1
膵	cui4
膶	run4
膷	xiang1
膸	sui3
膹	fen4
膼	zhua1
膾	kuai4
膿	nong2
臁	lian2
臄	jue2
臅	chu4
臇	juan3
臈	la4
臋	tun2
臍	qi2
臎	cui4
臏	bin4
臐	xun1
臒	wo4
臓	zang4
臔	xian4
臕	biao1
臖	xing4
臗	kuan1
臙	yan1
臚	lu2
臛	huo4
臝	luo3
臞	qu2
臠	luan2
臡	ni2
臢	za1
臤	qian1
臦	guang4
臩	guang3
臫	jiao3
臮	ji4
臯	gao1
臰	chou4
臱	mian2
臲	nie4
臵	ge2
臶	jian4
臷	die2
臸	zhi1
臹	xiu1
臽	xian4
臿	cha1
舃	xi4
舎	she4
舏	jiu3
舑	tan1
舓	shi4
舕	tan4
舗	pu4
舘	guan3
舙	hua4
舚	tian4
舝	xia2
舡	chuan2
舤	fan2
舦	tai4
舧	fan2
舨	ban3
舩	chuan2
舮	lu2
舺	xia2
舼	qiong2
舽	pang2
舿	kua1
艀	fu2
艁	zao4
艂	feng2
艃	li2
艆	lang2
艈	yu4
艊	bo2
艌	nian4
艍	ju1
艐	ke4
艑	bian4
艒	mu4
艓	die2
艔	dao4
艕	bang4
艖	cha1
艗	yi4
艛	lou2
艜	dai4
艝	xue3
艞	yao4
艠	deng1
艡	dang1
艢	qiang2
艣	lu3
艤	yi3
艥	ji2
艧	huo4
艩	qi2
艪	lu3
艫	lu2
艬	chan2
艭	shuang1
艵	ping1
艸	cao3
艹	cao3
艻	le4
艼	ting1
芀	tiao2
芁	jiao1
芅	yi4
芆	chai1
芇	mian2
芉	gan1
芌	yu4
芐	hu4
芓	zi4
芔	hui4
芕	sui1
芖	zhi4
芚	tun2
芛	wei3
芞	qi4
芢	ren2
芧	xu4/zhu4
芲	hua1
芵	jue2
芶	gou3
芺	ao3
芻	chu2
芿	reng4
苀	hang2
苂	yin2
苃	you3
苅	yi4
苆	qie1
苐	ti2
苖	di2
苙	li4
苚	yong4
苝	bei4
苢	yi3
苨	ni3
苩	bo2
苪	bing3
苬	xiu2
苭	yao3
苮	xian1
苰	hong2
苲	zha3
苳	dong1
苵	die2
苶	nie2
苸	hu1
苺	mei2
苼	sheng1
苽	gu1
苿	wei4
茇	ba2
茊	zi1
茍	ji4
茐	cong1
茒	yuan2
茖	ge2
茘	li4
茙	rong2
茞	chen2
茟	yu4
茠	hao1
茡	zi4
茢	lie4
茣	wu2
茤	ji4
茥	gui1
茦	ci4
茩	gou4
茪	guang1
茮	jiao1
茰	yu2
茲	zi1
茷	fa2
茻	mang3
茾	qian1
茿	zhu2
荂	fu1
荅	da1/da2
荈	chuan3
荊	jing1
荋	er2
荌	an4
荍	qiao2
荎	chi2
荕	jin1
荗	shu4
荘	zhuang1
荝	ce4
荢	zi4
荰	du4
荱	wei3
荲	li2
荳	dou4
荴	fu1
荵	ren3
荶	yin2
荹	bu4
荺	yun3
荾	sui1
荿	cheng2
莀	chen2
莁	wu2
莂	bie2
莃	xi1
莄	geng3
莇	zhu4
莈	mo4
莋	zuo2
莌	tuo1
莍	qiu2
莏	suo1
莐	chen2
莑	peng2
莔	meng2
莕	xing4
莗	che1
莚	yan2
莟	han4
莡	cuo4
莢	jia2
莣	wang2
莤	su4
莥	niu3
莦	shao1
莧	xian4
莬	wen4
莭	jie2
莮	nan2
莯	mu4
莵	tu4
莻	gong4
莾	mang3
菃	qu2
菄	dong1
菆	zou1
菈	la1
菋	wei4
菎	kun1
菐	pu2
菑	zai1/zi1
菒	gao3
菕	lun2
菗	chou2
菙	chui2
菚	zhan4
菛	men2
菞	li2
菢	bao4
菣	qin4
菤	juan3
菦	qin2
菧	di3
菨	jie1
菫	jin3
菬	qiao2
菭	tai2
菮	geng1
菳	qin2
菴	an1
菵	wang3
菶	beng3
菷	zhou3
菸	yan1
菺	jian1
菻	lin3
菾	tian2
菿	dao4
萀	hu3
萂	he2
萅	chun1
萇	chang2
萈	huan2
萉	fei4
萊	lai2
萐	sha4
萒	yan3
萓	yi2
萔	tiao2
萕	qi2
萖	wan3
萗	ce4
萙	zhen3
萛	jiu1
萞	bi4
萟	yi4
萠	pan1
萡	bo2
萢	pao1
萪	ke1
萫	xiang4
萭	yu3
萮	yu2
萯	fu4
萰	lian4
萲	xuan1
萴	ce4
萵	wo1
萶	chun3
萷	xiao1
萺	mao4
萻	an1
萾	ying2
萿	kuo4
葀	kuo4
葁	jiang1
葂	mian3
葃	zuo4
葄	zuo4
葅	zu1
葇	rou2
葈	xi3
葊	an1
葋	qu2
葌	jian1
葍	fu2
葏	jing1
葐	pen2
葒	hong2
葓	hong2
葔	hou2
葕	yan4
葘	zi1
葝	qing2
葞	mi3
葟	huang2
葠	shen1
葢	gai4
葤	zhou4
葥	jian4
葧	bo2
葨	wei1
葪	ji4
葮	duan4
葯	yao4
葲	quan2
葷	hun1
葹	shi1
葻	lan2
葼	zong1
葽	yao1
葾	yuan1
葿	mei2
蒀	yun1
蒁	shu4
蒃	zhuan4
蒅	ran3
蒆	xue1
蒊	hua1
蒍	wei3
蒏	yong4
蒑	yin1
蒒	shi1
蒓	chun2
蒔	shi2/shi4
蒕	yun1
蒖	zhen1
蒘	ru2
蒚	li4
蒛	que1
蒝	yuan2
蒞	li4
蒠	xi1
蒢	chu2
蒣	xu2
蒤	tu2
蒥	liu2
蒦	huo4
蒧	dian3
蒩	zu1
蒪	po4
蒫	cuo2
蒬	yuan1
蒭	chu2
蒮	yu4
蒰	pan2
蒳	na4
蒵	xi2
蒶	fen2
蒷	yun2
蒾	mi2
蓀	sun1
蓃	sou1
蓅	liu2
蓆	xi2
蓈	lang2
蓌	cuo4
蓎	tang2
蓒	xuan1
蓔	yao3
蓕	gui4
蓗	zong3
蓘	gun3
蓙	zuo4
蓚	tiao2
蓛	ce4
蓜	pei4
蓞	dan4
蓡	shen1
蓤	ling2
蓧	diao4
蓨	tiao2
蓩	mao3
蓪	tong1
蓫	chu4
蓭	an1
蓯	cong1
蓱	ping2
蓲	qiu1
蓳	jin3
蓴	chun2
蓵	jie2
蓶	wei2
蓷	tui1
蓸	cao2
蓹	yu4
蓺	yi4
蓻	zi2/ji2
蓽	bi4
蓾	lu3
蔁	zhang1
蔂	lei2
蔄	man4
蔅	yan2
蔆	ling2
蔇	ji4
蔉	gun3
蔋	di2
蔍	lu4
蔎	she4
蔏	shang1
蔐	di2
蔒	xun1
蔔	bo2/bo
蔕	di4
蔖	cuo2
蔘	shen1
蔙	xuan4
蔛	hu2
蔜	ao2
蔝	mi3
蔞	lou2
蔠	zhong1
蔢	po2
蔣	jiang3
蔤	mi4
蔦	niao3
蔧	hui4
蔨	juan4
蔩	yin2
蔪	jian4
蔮	guo2
蔯	chen2
蔰	hu4
蔱	sha1
蔲	kou4
蔳	qian4
蔵	zang1
蔶	ze2
蔾	li2
蔿	wei3
蕀	ji2
蕁	qian2
蕂	sheng4
蕄	meng2
蕅	ou3
蕆	chan3
蕇	dian3
蕋	rui3
蕌	lei3
蕍	yu2
蕎	qiao2
蕏	chu2
蕐	hua2
蕑	jian1
蕒	mai3
蕓	yun2
蕔	bao1
蕕	you2
蕘	rao2
蕚	e4
蕛	ti2
蕜	fei3
蕝	jue2
蕟	fa4
蕠	ru2
蕡	fen2
蕢	kui4
蕣	shun4
蕥	ya3
蕦	xu1
蕧	fu4
蕫	dong3
蕬	si1
蕭	xiao1
蕮	xi4
蕯	long2
蕱	shao1
蕳	jian1
蕵	sun1
蕶	ling2
蕷	yu4
蕸	xia2
蕼	si4
蕽	nong2
蕿	xuan1
薀	yun4
薂	xi2
薃	hao4
薆	ai4
薈	hui4
薉	hui4
薊	ji4
薋	ci2
薌	xiang1
薍	wan4
薎	mie4
薐	leng2
薑	jiang1
薒	can4
薓	shen1
薔	qiang2
薕	lian2
薖	ke1
薗	yuan2
薘	da2
薙	ti4
薚	tang1
薝	zhan1
薞	sun1
薟	xian1
薠	fan2
薡	ding3
薣	gu3
薥	shu3
薦	jian4
薧	hao1
薫	xun1
薬	yao4
薭	bai4
薱	dui4
薲	pin2
薴	ning2
薵	chou2
薶	mai2
薺	ji4/qi2
薻	zao3
薼	chen2
薽	zhen1
薾	er3
藀	ying2
藂	cong2
藃	xiao1
藄	qi2
藅	fa2
藆	jian3
藇	xu4
藈	kui2
藊	bian3
藋	diao4
藌	mi4
藎	jin4
藑	qiong2
藒	qie4
藔	liao2
藖	xian2
藗	su4
藘	lv2
藙	yi4
藚	xu4
藛	xie3
藞	la3
藡	di2
藢	zhi3
藣	bei1
藧	huan4
藪	sou3
藫	tan2
藬	tui1
藭	qiong2
藮	qiao2
藯	wei4
藰	liu2
藱	hui4
藲	ou1
藳	gao3
藴	yun4
藵	bao3
藶	li4
藷	shu3
藸	chu2
藺	lin4
藼	xuan1
藽	qin4
藾	lai4
蘀	tuo4
蘁	wu4
蘂	rui3
蘃	rui3
蘄	qi2
蘈	tui2
蘉	meng2
蘌	yu3
蘍	xun1
蘎	ji4
蘏	jiong1
蘐	xuan1
蘒	qiu1
蘓	su1
蘔	jiong1
蘕	peng2
蘗	bo4
蘙	yi4
蘚	xian3
蘛	yu2
蘜	ju2
蘝	lian3
蘞	lian3
蘟	yin3
蘠	qiang2
蘡	ying1
蘢	long2
蘣	tou3
蘤	hua1
蘥	yue4
蘦	ling2
蘨	yao2
蘪	mei2
蘫	han4
蘬	kui1
蘮	ji4
蘯	dang4
蘰	man4
蘱	lei4
蘲	lei2
蘳	hui1
蘴	feng1
蘵	zhi1
蘶	wei4
蘷	kui2
蘹	huai2
蘺	li2
蘻	ji4
蘽	lei3
蘾	huai4
虀	ji1
虁	kui2
虂	lu4
虃	jian1
虄	sa4
虅	teng2
虆	lei2
虇	quan3
虈	xiao1
虉	yi4
虊	luan2
虋	men2
虌	bie1
虍	hu1
虖	hu1
虗	xu1
虘	cuo2
虙	fu2
虝	hu3
虠	jiao1
虡	ju4
虣	bao4
虥	zhan4
虦	zhan4
虨	bin1
虩	xi4
虪	shu4
虭	diao1
虯	qiu2
虰	ding1
虲	xia1
虳	jue2
虴	zhe2
虵	she2
虶	yu1
蚃	xiang3
蚅	e4
蚇	chi3
蚈	qian1
蚉	wen2
蚎	yue4
蚏	yue4
蚐	jun1
蚑	qi2
蚒	tong2
蚔	qi2
蚖	yuan2
蚗	jue2
蚘	hui2
蚙	qin2
蚚	qi2
蚛	zhong4
蚞	mu4
蚟	wang2
蚠	fen2
蚡	fen2
蚢	hang2
蚥	fu4
蚦	ran2
蚫	bao4
蚭	ni2
蚮	dai4
蚳	chi2
蚵	he2
蚷	ju4
蚸	li4
蚹	fu4
蚻	zha2
蚼	gou3
蚽	pi2
蚾	pi2
蚿	xian2
蛁	diao1
蛂	bie2
蛅	zhan1
蛈	tie3
蛌	gu3
蛍	ying2
蛒	ge2
蛓	ci4
蛕	hui2
蛖	mang2
蛗	fu4
蛚	lie4
蛜	yi1
蛝	xian2
蛠	li4
蛡	yi4
蛢	ping2
蛣	qi1
蛥	she2
蛦	yi2
蛧	wang3
蛨	mo4
蛪	qie4
蛫	gui3
蛬	qiong2
蛯	lao3
蛵	xing1
蛶	jie4
蛷	qiu2
蛺	jia2
蛻	tui4
蛼	che1
蛽	bei4
蛿	han4
蜁	xuan2
蜄	shen4
蜅	fu3
蜆	xian4
蜋	lang2
蜌	bi4
蜏	you3
蜑	dan4
蜔	dian4
蜖	hui2
蜙	song1
蜛	ju1
蜝	qi2
蜟	yu4
蜠	jun4
蜤	si1
蜦	lun2
蜧	li4
蜨	die2
蜪	tao2
蜫	kun1
蜬	han2
蜭	han4
蜯	bang4
蜰	fei2
蜲	wei1
蜳	dun1
蜵	yuan1
蜶	suo4
蜸	qian3
蜹	rui4
蜺	ni2
蜼	wei4
蜽	liang3
蝀	dong1
蝁	e4
蝂	ban3
蝃	di4
蝄	wang3
蝅	can2
蝆	yang3
蝊	ding4
蝋	la4
蝍	jie2
蝏	ting2
蝐	mao4
蝑	xu1
蝒	mian2
蝔	jie1
蝖	xuan1
蝚	rou2
蝛	wei1
蝜	fu4
蝝	yuan2
蝞	mei4
蝡	ru2
蝢	xie2
蝧	ying1
蝩	chong2
蝪	tang1
蝫	zhu1
蝬	zong1
蝭	ti2
蝯	yuan2
蝱	meng2
蝳	du2
蝵	qiu1
蝷	li4
蝹	yun1
蝺	qu3
蝿	ying2
螀	jiang1
螁	tui4
螄	si1
螆	ci4
螇	xi1
螉	weng1
螊	lian2
螌	ban1
螎	rong2
螏	ji2
螐	wu1
螑	xiu4
螒	han4
螓	qin2
螔	yi2
螕	bi1
螖	hua2
螘	yi3
螙	du4
螚	nai4
螛	he2
螜	hu2
螝	gui1
螡	wen2
螤	zhong1
螥	cang1
螦	sao1
螧	qi2
螩	dao1
螪	shang1
螮	di4
螰	lu4
螲	zhi4
螴	chen2
螶	qu2
螷	pi2
螸	yu2
螹	jian4
螻	lou2
螼	qin3
螾	yin3
螿	jiang1
蟁	wen2
蟂	xiao1
蟃	wan4
蟄	zhe2
蟅	zhe4
蟇	ma2
蟈	guo1
蟉	liu2
蟌	cong1
蟍	li2
蟎	man3
蟐	chang2
蟓	xiang4
蟔	mo4
蟕	zui1
蟖	si1
蟗	qiu1
蟘	te4
蟙	zhi2
蟚	peng2
蟜	jiao3
蟝	qu2
蟞	bie1
蟟	liao2
蟡	gui3
蟢	xi3
蟣	ji3
蟤	zhuan1
蟦	fei2
蟧	lao2
蟨	jue2
蟩	jue2
蟭	jiao1
蟯	nao2
蟰	xiao1
蟱	wu2
蟳	xun2
蟴	si1
蟵	chu2
蟶	cheng1
蟷	dang1
蟸	li3
蟺	shan4
蟼	jing3
蟽	da2
蟿	qi4
蠀	ci1
蠁	xiang3
蠂	she4
蠄	qin2
蠆	chai4
蠇	li4
蠈	zei2
蠉	xuan1
蠌	ze2
蠍	xie1
蠎	mang3
蠏	xie4
蠐	qi2
蠑	rong2
蠒	jian3
蠔	hao2
蠗	zhuo2
蠘	jie2
蠙	pin2
蠚	he1
蠛	mie4
蠜	fan2
蠝	lei3
蠞	jie2
蠠	min3
蠣	li4
蠤	qiu1
蠥	nie4
蠦	lu2
蠧	du4
蠨	xiao1
蠩	zhu1
蠪	long2
蠫	li2
蠬	long2
蠭	feng1
蠮	ye1
蠯	pi2
蠰	nang2
蠱	gu3
蠳	ying1
蠴	shu3
蠵	xi1
蠷	qu2
蠸	quan2
蠺	can2
蠽	jie2
蠾	zhu2
蠿	zhuo1
衁	huang1
衂	nv4
衆	zhong4
衇	mai4
衈	er4
衉	ka1
衊	mie4
衋	xi4
衏	yuan4
衐	qu2
衑	ling2
衕	tong4
衖	xiang4
衘	xian2
衚	hu2
衜	dao4
衟	dao4
衤	yi1
衦	gan3
衧	yu2
衪	yi2
衭	fu1
衯	fen1
衱	jie2
衳	zhong1
衴	dan3
衵	yi4
衶	zhong4
衸	jie4
衹	zhi3
衺	xie2
衻	ran2
衼	zhi1
袀	jun1
袃	chai4
袇	ran2
袉	tuo2
袊	ling3
袌	bao4
袎	yao4
袏	zuo4
袐	bi4
袑	shao4
袓	ju4
袔	he4
袕	xue2
袘	yi2
袙	pa4
袚	bo1
袛	di1
袝	fu4
袞	gun3
袟	zhi4
袠	zhi4
袡	ran2
袣	yi4
袥	tuo1
袦	na4
袧	gou1
袨	xuan4
袩	zhe2
袬	yu4
袮	mi2
袰	bo1
袲	chi3
袳	chi3
袴	ku4
袵	ren4
袶	jiang4
袸	jian4
袹	bo2
袺	jie2
袻	er2
袽	ru2
袾	zhu1
袿	gui1
裀	yin1
裃	ka3
裄	hang2
裇	xu1
裊	niao3
裋	shu4
裌	jia2
裍	kun3
裐	juan1
裑	shen1
裓	ge2
裖	zhen3
裗	liu2
裚	ji4
裞	shui4
裠	qun2
裦	fou2
裧	chan1
裩	kun1
裪	tao2
裫	yuan4
裬	ling2
裭	chi3
裮	chang1
裯	chou2
裲	liang3
裵	pei2
裶	fei1
裷	yuan1
裺	yan3
裻	du2
製	zhi4
裿	yi3
褀	qi2
褁	guo3
褃	ken4
褄	qi1
褅	ti4
褆	ti2
褈	chong2
褉	xie4
褋	die2
褌	kun1
褍	duan1
褎	xiu4
褏	xiu4
褑	yuan4
褔	fu4
褖	tuan4
褗	yan3
褘	hui1
褜	pao2
褝	dan1
褞	yun3
褠	gou1
褢	huai2
褣	rong2
褤	yuan4
褦	nai4
褧	jiong3
褨	suo3
褩	ban1
褬	sang3
褭	niao3
褮	ying1
褱	huai2
褳	lian2
褵	li2
褷	shi1
褹	yi4
褺	die1
褻	xie4
褼	xian1
褽	wei4
褾	biao3
褿	cao2
襀	ji1
襂	sen1
襃	bao1
襅	bi4
襆	fu2
襇	jian3
襈	zhuan4
襉	jian3
襊	cui4
襋	ji2
襌	dan1
襍	za2
襎	fan2
襏	bo2
襐	xiang4
襑	xin2
襒	bie2
襓	rao2
襔	man3
襗	ze2
襘	gui4
襙	cao4
襛	nong2
襝	lian3
襠	dang1
襡	shu3
襢	tan3
襣	bi4
襥	fu2
襧	zhi3
襨	dui4
襩	shu3
襬	bai3
襭	xie2
襮	bo2
襰	lai4
襱	long2
襳	xian1
襴	lan2
襵	zhe3
襶	dai4
襷	ju3
襸	zan4
襹	shi1
襺	jian3
襼	yi4
襽	lan2
襾	ya4
覀	xi1
覂	feng3
覄	fu4
覅	fiao4
覇	ba4
覈	he2
覉	ji1
覊	ji1
覌	guan1
覍	bian4
覎	yan4
覐	jue2
覑	pian3
覒	mao4
覔	mi4
覕	mie4
覗	si4
覘	chan1
覙	luo2
覚	jue2
覛	mi4
覜	tiao4
覝	lian2
覞	yao4
覟	zhi4
覠	jun1
覡	xi2
覢	shan3
覣	wei1
覤	xi4
覥	tian3
覦	yu2
覧	lan3
覨	e4
覩	du3
覫	pang3
覬	ji4
覭	ming2
覮	ying2
覯	gou4
覰	qu1/qu4
覱	zhan4
覲	jin4
観	guan1
覴	deng1
覵	jian4
覶	luo2
覷	qu4
覸	jian1
覹	wei2
覻	qu1/qu4
覼	luo2
覾	shen3
覿	di2
觍	tian3
觓	qiu2
觔	jin1
觕	cu1
觗	zhi4
觘	chao4
觙	ji2
觛	dan4
觝	di3
觠	quan2
觡	ge2
觢	shi4
觤	gui3
觧	jie3/jie4
觨	hun4
觩	qiu2
觪	xing1
觬	ni2
觮	lu4
觰	zha1
觲	xing1
觴	shang1
觵	gong1
觶	zhi4
觷	xue2
觹	xi1
觺	yi2
觻	li4
觼	jue2
觽	xi1
觾	yan4
訁	yan2
訃	fu4
訅	qiu2
訆	jiao4
訉	fan4
訋	diao4
訌	hong4
訍	chai4
訏	xu1
訐	jie2
訑	yi2
訒	ren4
訔	yin2
訕	shan4
訖	qi4
訙	xun4
訛	e2
訜	fen1
訞	yao1
訠	shen3
訡	yin2
訢	xin1
訤	xiao2
訥	ne4
訦	chen2
訧	you2
訨	zhi3
訩	xiong1
訫	xin4
訬	chao1
訮	yan2
訯	sa3
訰	zhun4
訲	yi4
訳	yi4
訵	chi1
訶	he1
訷	shen1
訸	he2
訹	xu4
訽	gou4
訿	zi3
詀	zhan1
詁	gu3
詂	fu4
詃	jian3
詄	die2
詅	ling2
詆	di3
詇	yang4
詉	nao2
詊	pan4
詋	zhou4
詌	gan4
詍	yi4
詎	ju4
詏	yao4
詑	yi2
詒	yi2
詓	qu3
詔	zhao4
詖	bi4
詗	xiong4
詘	qu1
詙	ba2
詚	da2
詛	zu3
詜	tao1
詝	zhu3
詠	yong3
詡	xu3
詣	yi4
詤	huang3
詥	he2
詧	cha2
詨	xiao4
詪	hen3
詬	gou4
詮	quan2
詯	hui4
詰	jie2
詴	wei1
詵	shen1
詶	zhou4
詷	tong2
詸	mi2
詺	ming4
詻	e4
詼	hui1
詽	yan2
詾	xiong1
詿	gua4
誀	er4
誁	bing4
誂	tiao3
誃	yi2
誄	lei3
誅	zhu1
誆	kuang1
誈	wu1
誋	ji4
誎	cu4
誏	lang3
誐	e2
誑	kuang2
誔	ting3
誖	bei4
誗	chan2
誙	keng1
誚	qiao4
誛	qin1
誜	shua4
誝	an1
誟	xiao4
誢	xian4
誥	gao4
誧	bu1
誨	hui4
誩	jing4
誫	zhen4
説	shuo1
読	du2
誮	hua1
誯	chang4
誱	jie2
誳	qu1
誴	cong2
誵	xiao2
誶	sui4
誷	wang3
誸	xian2
誹	fei3
誺	chi1
誻	ta4
誽	ni4
誾	yin2
諀	pi3
諁	zhuo2
諂	chan3
諃	chen1
諄	zhun1
諅	ji4
諆	qi1
諈	zhui4
諉	wei3
諊	ju1
諌	dong3
諍	zheng4
諎	ze2
諏	zou1
諐	qian1
諑	zhuo2
諓	jian4
諔	chu4
諕	hao2
諗	shen3
諘	biao3
諙	hua4
諚	pian2
諛	yu2
諜	die2
諝	xu1
諞	pian3/pian2
諟	shi4
諠	xuan1
諡	shi4
諢	hun4
諣	hua4
諤	e4
諥	zhong4
諦	di4
諨	fu2
諩	pu3
諪	ting2
諫	jian4
諬	qi3
諭	yu4
諮	zi1
諯	zhuan1
諰	xi3
諱	hui4
諲	yin1
諳	an1
諴	xian2
諵	nan2
諶	chen2
諹	yang2
諺	yan4
諻	huang2
諼	xuan1
諽	ge2
諿	qi1
謁	ye4
謃	xing1
謄	teng2
謅	zhou1
謆	shan4
謈	po2
謉	kui4
謋	huo4
謌	ge1
謍	ying2
謏	xiao3
謐	mi4
謑	xi3
謒	qiang1
謓	chen1
謔	xue4
謕	ti2
謖	su4
謗	bang4
謘	chi2
謚	shi4
謜	yuan2
謞	he4
謟	tao1
謡	yao2
謢	lu1
謣	yu2
謤	biao1
謥	cong4
謦	qing4/qing3
謧	li2
謨	mo2
謩	mo2
謪	shang1
謫	zhe2
謭	jian3
謮	ze2
謯	jie1
謰	lian2
謱	lou2
謲	can4
謳	ou1
謴	gun4
謵	xi2
謶	zhuo2
謷	ao2
謸	ao2
謺	zhe2
謻	yi2
謼	hu1
謽	jiang4
謾	man2
謿	chao2
譀	han4
譁	hua2
譂	chan3
譃	xu1
譄	zeng1
譅	se4
譆	xi1
譇	zha1
譈	dui4
譊	nao2
譋	lan2
譌	e2
譍	ying1/ying4
譎	jue2
譐	zun3
譑	jiao3
譒	bo4
譓	hui4
譔	zhuan4
譕	wu2
譖	zen4
譗	zha2
譙	qiao4
譚	tan2
譛	zen4
譝	sheng2
譞	xuan1
譟	zao4
譠	tan2
譡	dang3
譢	sui4
譣	xian3
譤	ji1
譥	jiao4
譧	zhan4
譨	nang2
譩	yi1
譪	ai3
譫	zhan1
譭	hui3
譮	hua4
譱	shan4
譲	rang4
譳	nou4
譵	dui4
譶	ta4
譸	zhou1
譹	hao2
譺	ai4
譻	ying1
譼	jian4
譾	jian3
譿	hui4
讁	zhe2
讂	xuan4
讃	zan4
讄	lei3
讅	shen3
讆	wei4
讇	chan3
讈	li4
讉	yi2
讋	zhe2
讌	yan4
讍	e4
讎	chou2
讏	wei4
讐	chou2
讑	yao4
讒	chan2
讔	yin3
讕	lan2
讖	chen4
讗	xie2
讘	nie4
讙	huan1
讛	yi4
讜	dang3
讝	zhan1
讞	yan4
讟	du2
讠	yan2
讬	tuo1
诪	zhou1
谉	shen3
谘	zi1
谸	qian1
谹	hong2
谺	xia1
谻	ji2
谽	han1
谾	hong1
豀	xi1
豂	liao2
豃	han3
豄	du2
豅	long2
豊	li3
豋	deng1
豍	bi1
豏	xian4
豑	zhi4
豒	zhi4
豔	yan4
豖	chu4
豗	hui1
豘	tun2
豙	yi4
豛	yi4
豜	jian1
豝	ba1
豞	hou4
豟	e4
豠	chu2
豣	jian1
豤	ken3
豥	gai1
豦	ju4
豧	fu1
豩	bin1
豭	jia1
豯	xi1
豰	bo2
豱	wen1
豲	huan2
豴	di2
豵	zong1
豶	fen2
豷	yi4
豻	an4
豼	pi2
豽	na4
豾	pi1
豿	gou3
貀	na4
貁	you4
貃	mo4
貄	si4
貇	kun1
貈	he2
貋	an4
貎	ni2
貏	bi3
貐	yu3
貑	jia1
貒	tuan1
貕	xi1
貖	yi4
貗	ju4
貙	chu1
貚	tan2
貛	huan1
貜	jue2
貞	zhen1
貟	yuan2
貣	te4
貤	yi2
貥	hang2
貦	wan2
貭	zhi4
貮	er4
貰	shi4
貱	bi4
貲	zi1
貳	er4
貵	pian3
貶	bian3
貸	dai4
貹	sheng4
貺	kuang4
貽	yi2
貾	chi2
賁	bi4
賃	lin4
賅	gai1
賆	pian2
賈	jia3
賉	xu4
賋	jiao3
賌	gai1
賍	zang1
賎	jian4
賏	ying1
賐	xun4
賑	zhen4
賒	she1
賔	bin1
賕	qiu2
賖	she1
賗	chuan4
賘	zang1
賙	zhou1
賚	lai4
賛	zan4
賝	chen1
賟	tian3
賡	geng1
賥	sui4
賦	fu4
賧	tan4
賨	cong2
賩	cong2
賫	ji1
賮	jin4
賯	xiong1
賰	chun3
賱	yun3
賲	bao3
賳	zai1
賵	feng4
賶	cang4
賷	ji1
賸	sheng4
賹	yi4
賻	fu4
賾	ze2
賿	liao2
贀	yi4
贁	bai4
贂	chen3
贃	wan4
贄	zhi4
贅	zhui4
贆	biao1
贇	yun1
贉	dan4
贋	yan4
贌	pu2
贍	shan4
贎	wan4
贐	jin4
贑	gan4
贒	xian2
贔	bi4
贕	du2
贗	yan4
贘	shang3
贙	xuan4
贚	long4
贛	gan4
贜	zang1
贠	yuan2
赥	xi1
赨	tong2
赩	xi4
赬	cheng1
赮	xia2
赯	tang2
赱	zou3
赲	li4
赸	shan4
赹	qiong2
赺	yin3
赻	xian3
赼	zi1
赽	jue2
赾	qin3
赿	chi2
趀	ci1
趂	chen4
趃	die2
趆	di1
趇	xi4
趈	zhan1
趉	jue2
趌	ji2
趍	chi2
趎	chu2
趏	gua1
趐	xue4
趒	tiao2
趓	duo3
趖	suo1
趗	cu4
趘	xi2
趙	zhao4
趚	su4
趛	yin3
趜	ju2
趝	jian4
趞	que4
趠	chuo4
趡	cui3
趢	lu4
趤	dang4
趥	qiu1
趦	zi1
趧	ti2
趩	chi4
趪	huang2
趫	qiao2
趬	qiao1
趭	jiao4
趮	zao4
趰	er3
趲	zan3
趶	ku4
趷	ke1
趹	jue2
趻	chen3
趽	fang4
跀	yue4
跁	ba4
跅	tuo4
跇	yi4
跈	nian3
跉	ling2
跊	mei4
跍	ku1
跒	qia3
跓	zhu4
跔	ju1
跕	dian3/die1
跘	pan2
跙	ju4
跜	ni2
跠	yi2
跢	duo4
跥	duo4
跦	zhu1
跧	quan2
跩	zhuai3
跫	qiong2
跭	xiang2
跮	chi4
跰	pian2
跲	jia2
跴	cai3
跼	ju2
跾	shu1
跿	tu2
踀	chu4
踁	jing4
踂	nie4
踃	xiao1
踄	bu4
踆	cun1
踇	mu3
踈	shu1
踋	jiao3
踍	qiao1
踎	mou2
踑	qi2
踓	wei3
踕	jie2
踖	ji2
踗	nie4
踘	ju1
踙	nie4
踚	lun2
踛	lu4
踜	leng4
踠	wan3
踡	quan2
踤	zu2
踥	qie4
踧	cu4
踨	zong1
踭	zheng1
踰	yu2
踲	dun4
踳	chuan3
踷	zha3
踸	chen3
踻	gua1
踼	tang2
踾	fu2
踿	zu2
蹃	nuo4
蹆	tui3
蹌	qiang1/qiang4
蹍	nian3
蹎	dian1
蹏	ti2
蹓	liu1
蹔	zan4
蹕	bi4
蹖	chong1
蹗	lu4
蹘	liao2
蹛	dai4
蹝	xi3
蹞	kui3
蹠	zhi2
蹡	qiang1/qiang4
蹣	pan2/man2
蹥	lian2
蹧	zao1
蹨	nian3
蹪	tui2
蹫	ju2
蹮	xian1
蹱	zhong1
蹳	bo1
蹵	cu4
蹷	jue2
蹸	lin4
蹹	ta2
蹺	qiao1
蹻	jue1/qiao1
躀	guan4
躂	da2
躃	bi4
躄	bi4
躆	ju4
躈	qiao4
躉	dun3
躋	ji1
躌	wu3
躎	nian3
躑	zhi2
躒	li4/luo4
躓	zhi4
躕	chu2
躖	duan4
躗	wei4
躘	long2
躙	lin4
躚	xian1
躛	wei4
躝	lan2
躟	rang2
躠	sa3
躡	nie4
躢	ta4
躣	qu2
躤	ji2
躥	cuan1
躦	cuo2
躧	xi3
躨	kui2
躩	jue2
躪	lin4
躮	fen1
躰	ti3
躱	duo3
躳	gong1
躴	lang2
躵	ren3
躶	luo3
躷	ai3
躸	ji1
躹	ju2
躻	kong1
躼	lao4
躽	yan3
躾	mei3
躿	kang1
軁	lou2
軂	lao4
軃	duo3
軄	zhi2
軅	yan4
軆	ti3
軇	dao4
軈	ying1
軉	yu4
軎	wei4
軏	yue4
軐	xin4
軑	dai4
軒	xuan1
軓	fan4
軔	ren4
軕	shan1
軖	kuang2
軗	shu1
軘	tun2
軙	chen2
軚	dai4
軛	e4
軜	na4
軝	qi2
軞	mao2
軠	kuang2
軡	qian2
転	zhuan3
軣	hong1
軤	hu1
軥	qu2
軦	kuang4
軧	di3
軨	ling2
軩	dai4
軪	ao1
軫	zhen3
軬	fan4
軭	kuang1
軮	yang3
軯	peng1
軰	bei4
軱	gu1
軲	gu1
軳	pao2
軴	zhu4
軵	rong3
軶	e4
軷	ba2
軹	zhi3
軺	yao2
軻	ke1
軼	yi4
軽	zhi4
軾	shi4
軿	ping2
輀	er2
輁	gong3
輂	ju2
輄	guang1
輅	lu4
輆	kai3
輇	quan2
輈	zhou1
輊	zhi4
輋	she1
輌	liang4
輍	yu4
輎	shao1
輏	you2
輐	wan4
輑	yin3
輒	zhe2
輓	wan3
輖	zhou1
輗	ni2
輘	leng2
輙	zhe2
輚	zhan4
輜	zi1
輞	wang3
輟	chuo4
輠	guo3
輡	kan3
輢	yi3
輣	peng2
輤	qian4
輥	gun3
輦	nian3
輧	ping2
輨	guan3
輫	pai2
輬	liang2
輭	ruan3
輮	rou2
輰	yang2
輱	xian2
輲	chuan2
輳	cou4
輴	chun1
輵	ge2
輶	you2
輷	hong1
輹	fu4
輺	zi1
輼	wen1
輽	ben4
轀	wen1
轁	tao1
轂	gu3
轃	zhen1
轄	xia2
轅	yuan2
轆	lu4
轇	jiao1
轈	chao2
轊	wei4
轋	hun2
轌	xue3
轍	zhe2
轏	zhan4
轐	bu2
轑	lao3
轒	fen2
轓	fan1
轔	lin2
轕	ge2
轖	se4
轗	kan3
轘	huan2
轙	yi3
轚	ji2
轛	zhui4
轜	er2
轝	yu4
轞	jian4
轠	lei2
轡	pei4
轢	li4
轣	li4
轤	lu2
轥	lin4
辝	ci2
辠	zui4
辡	bian4
辢	la4
辤	ci2
辥	xue1
辧	bian4
辪	xue1
辬	ban1
辳	nong2
辴	chan3
辵	chuo4
辶	chuo4
辷	yi1
辸	reng2
辺	bian1
辻	shi2
込	yu1
迀	gan1
迃	yu1
迆	yi2/yi3
迉	qi1
迊	za1
迋	wang4
迌	tu4
迍	zhun1
迏	da2
迒	hang2
迖	da2
迗	e2
迚	da2
迠	che4
迡	ni4
迣	zhi4
迧	chen2
迬	zhu4
迯	tao2
迱	tuo2
迲	qu4
迵	dong4
迶	you4
迻	yi2
迼	jie2
迾	lie4
迿	xun4
逇	dun4
逈	jiong3
逌	you1
逎	qiu2
逓	di4
逘	yi3
逜	wu4
逤	suo4
逥	hui2
逧	gu3
逨	lai2
逩	ben4
逪	cuo4
逫	jue2
逬	beng4
逰	you2
逳	yu4
逷	ti4
逹	da2
逺	yuan3
逽	nuo4
逿	dang4
遀	sui2
遃	yan3
遅	chi2
遈	shi2
遉	zhen1
遌	e4
遖	nan2
遚	chou4
遝	ta4
遟	chi2
遡	su4
遤	ma3
遦	guan4
遧	zhang1
遪	ca4
遫	chi4
遬	su4
遯	dun4
遰	di4
遱	lou2
遳	cuo1
遶	rao4
遻	e4
遾	shi4
邅	zhan1
邆	teng2
邇	er3
邉	bian1
邌	li2
邍	yuan2
邎	yao2
邐	li3
邒	ting2
邔	qi3
邖	shan1
邚	ru2
邜	xi1
邞	fu1
邟	kang4
邤	xin1
邥	shen3
邧	yuan2
邩	huo3
邫	bang1
邭	ju4
邷	wa3
邼	kuang1
郀	ku1
郂	gai1
郆	ji2
郉	xing2
郋	xi2
郌	gui1
郍	nuo2
郒	lang2
郔	yan2
郕	cheng2
郖	dou4
郘	lv3
郙	fu3
郞	lang2
郟	jia2
郠	geng3
郣	bo2
郥	bei4
郩	xiao2
郬	qing1
郮	zhou1
郰	zou1
郱	ping2
郲	lai2
郳	ni2
郶	bu4
郷	xiang1
郹	ju2
郺	yong1
郻	qiao1
郼	yi1
鄁	bei4
鄆	yun4
鄇	hou2
鄈	kui2
鄊	xiang1
鄋	sou1
鄍	ming2
鄎	xi1
鄏	ru3
鄐	chu4
鄒	zou1
鄓	ye4
鄔	wu1
鄕	xiang1
鄖	yun2
鄛	chao2
鄝	liao3
鄟	zhuan1
鄡	qiao1
鄤	man4
鄥	qiao1
鄦	xu3
鄧	deng4
鄨	bi4
鄩	xun2
鄪	bi4
鄬	wei2
鄮	mao4
鄲	dan1
鄳	meng2
鄴	ye4
鄵	cao4
鄶	kuai4
鄷	feng1
鄸	meng2
鄺	kuang4
鄻	lian3
鄼	zan4
鄽	chan2
鄾	you1
鄿	ji1
酀	yan4
酁	chan2
酄	huan1
酇	zan4
酈	li4
酑	yu2
酓	yan3
酔	zui4
酕	mao2
酖	zhen4
酘	dou4
酙	zhen1
酛	yuan2
酜	fu1
酟	tian1
酠	qia3
酧	chou2
酨	zai4
酫	chuo4
酭	you4
酳	yin4
酻	zui4
酼	hai3
醀	wei2
醁	lu4
醂	lan3
醃	yan1
醄	tao2
醆	zhan3
醈	tan2
醊	zhui4
醎	xian2
醏	du1
醓	tan3
醔	qiu2
醕	chun2
醖	yun4
醗	po4
醘	ke1
醙	sou1
醝	cuo1
醞	yun4
醟	yong4
醠	ang4
醡	zha4
醣	tang2
醤	jiang4
醥	piao3
醦	chen3
醧	yu4
醩	zao1
醰	tan2
醱	fa1/po4/po1
醲	nong2
醳	yi4
醶	yan4
醷	yi4
醸	niang4
醹	ru2
醻	chou2
醼	yan4
醽	ling2
醿	mi2
釁	xin4
釂	jiao4
釃	shai1/shi1
釄	mi2
釅	yan4
釆	bian4
釈	shi4
釒	jin1
釓	ga2
釔	yi3
釕	liao3
釖	dao1
釗	zhao1
釙	po4
釚	qiu2
釛	ba1
釞	zhi2
釟	ba1
釠	luan4
釡	fu3
釢	nai3
釤	shan4
釥	qiao3
釦	kou4
釧	chuan4
釨	zi3
釩	fan3
釪	hua2
釫	hua2
釬	han4
釭	gang1
釮	qi2
釯	mang2
釰	ri4
釱	di4
釲	si4
釳	xi4
釴	yi4
釵	chai1
釶	shi1
釷	tu3
釸	xi1
釹	nv3
釺	qian1
釻	qiu2
釼	jian4
釽	pi4
釾	ye2
釿	jin1
鈀	ba3
鈁	fang1
鈂	chen2
鈃	xing2
鈄	dou3
鈅	yue4
鈆	qian1
鈇	fu1
鈈	bu4
鈉	na4
鈊	xin1
鈋	e2
鈌	jue2
鈏	yin3
鈐	qian2
鈑	ban3
鈒	sa4
鈓	ren2
鈖	fen1
鈗	yun3
鈘	yi3
鈙	qin2
鈚	pi1
鈛	guo1
鈜	hong2
鈝	yin2
鈞	jun1
鈟	diao4
鈠	yi4
鈡	zhong1
鈢	xi3
鈤	ri4
鈥	huo3
鈦	tai4
鈧	kang4
鈨	yuan2
鈩	lu2
鈪	e4
鈫	qin2
鈬	duo2
鈭	zi1
鈮	ni3
鈯	tu2
鈰	shi4
鈱	min2
鈲	gu1
鈳	ke1
鈵	bing3
鈶	si4
鈸	bo2
鈹	pi1
鈺	yu4
鈻	si4
鈼	zuo2
鈽	bu1
鈿	tian2
鉀	jia3
鉁	zhen1
鉂	shi3
鉃	shi4
鉄	tie3
鉅	ju4
鉆	chan1
鉇	shi1
鉈	shi1
鉉	xuan4
鉊	zhao1
鉋	bao4
鉌	he2
鉍	bi4
鉎	sheng1
鉏	chu2
鉐	shi2
鉑	bo2
鉒	zhu4
鉓	chi4
鉔	za1
鉕	po1
鉖	tong2
鉘	fu2
鉙	zhai3
鉚	mao3
鉜	fu2
鉝	li4
鉞	yue4
鉟	pi1
鉠	yang1
鉡	ban4
鉢	bo1
鉣	jie2
鉥	shu4
鉦	zheng1
鉧	mu3
鉨	xi3
鉩	xi3
鉪	di4
鉫	jia1
鉬	mu4
鉭	tan3
鉮	huan2
鉯	yi3
鉰	si1
鉱	kuang4
鉲	ka3
鉳	bei3
鉵	tong2
鉶	xing2
鉷	hong2
鉸	jiao3
鉹	chi3
鉺	er4
鉻	ge4
鉼	bing3
鉽	shi4
鉾	mou2
鉿	jia1
銁	jun1
銂	zhou1
銃	chong4
銄	xiang3
銆	mo4
銇	lei4
銈	ji1
銉	yu4
銊	xu4
銋	ren2
銌	zun4
銍	zhi4
銏	shan4
銐	chi4
銑	xian3
銒	xing2
銓	quan2
銔	pi1
銕	tie3
銖	zhu1
銗	xiang4
銘	ming2
銙	kua3
銚	yao2
銛	xian1
銝	xiu1
銞	jun1
銟	cha1
銠	lao3
銡	ji2
銢	pi3
銣	ru2
銤	mi3
銥	yi1
銦	yin1
銧	guang1
銨	an3
銩	diu1
銪	you3
銫	se4
銬	kao4
銭	qian2
銯	si1
銰	ai1
銱	diao4
銲	han4
銴	shi4
銵	keng1
銶	qiu2
銸	zhe2
銹	xiu4
銺	zang4
銻	ti2
銼	cuo4
銽	gua1
銾	hong4
銿	zhong1
鋀	tou1
鋂	mei2
鋃	lang2
鋄	wan4
鋇	bei4
鋉	su4
鋊	yu4
鋋	chan2
鋌	ding4
鋍	bo2
鋎	han4
鋏	jia2
鋐	hong2
鋑	cuan1
鋓	chan1
鋔	wan3
鋕	zhi4
鋖	si1
鋗	xuan1
鋘	hua2
鋙	yu3
鋚	tiao2
鋛	kuang4
鋜	zhuo2
鋝	lve4
鋞	xing2
鋟	qin3
鋠	shen4
鋡	han2
鋢	lve4
鋣	ye2
鋥	zeng4
鋦	ju1
鋧	xian4
鋨	e2
鋩	mang2
鋫	li2
鋬	pan4
鋭	rui4
鋮	cheng2
鋯	gao4
鋰	li3
鋱	te4
鋲	bing1
鋳	zhu4
鋴	zhen4
鋵	tu1
鋶	liu3
鋷	zui4
鋹	chang3
鋺	yuan3
鋻	jian4
鋽	diao4
鋾	tao2
鋿	chang2
錀	lun2
錁	guo3
錂	ling2
錃	pi1
錅	li2
錆	qiang1
錇	pou2
錈	juan3
錉	min2
錊	zui4
錋	peng2
錌	an4
錍	pi1
錎	xian4
錏	ya1
錐	zhui1
錑	lei4
錒	a1
錓	kong1
錔	ta4
錕	kun1
錖	du2
錗	nei4
錙	zi1
錚	zheng1
錛	ben1
錜	nie4
錝	zong4
錞	chun2
錟	tan2
錡	qi2
錣	zhui4
錤	ji1
錥	yu4
錧	guan3
錨	mao2
錩	chang1
錪	tian3
錬	lian4
錭	tao2
錮	gu4
錰	shu4
錱	zhen1
録	lu4
錳	meng3
錴	lu4
錵	hua1
錷	ga2
錸	lai2
錹	ken3
錺	fang1
錻	bu1
錼	nai4
錽	wan4
錿	hu3
鍀	de2
鍁	xian1
鍂	pian1
鍃	huo1
鍄	liang4
鍅	fa3
鍆	men2
鍇	kai3
鍈	ying1
鍉	di1
鍌	xian3
鍎	tu2
鍏	wei2
鍐	zong1
鍑	fu4
鍒	rou2
鍓	ji2
鍔	e4
鍕	jun1
鍖	chen3
鍗	ti2
鍘	zha2
鍙	hu4
鍚	yang2
鍜	xia2
鍝	yu2
鍞	keng1
鍟	sheng1
鍠	huang2
鍡	wei3
鍢	fu4
鍣	zhao1
鍤	cha1
鍥	qie4
鍦	shi1
鍧	hong1
鍨	kui2
鍩	tian3
鍫	qiao1
鍭	hou2
鍮	tou1
鍯	cong1
鍰	huan2
鍱	ye4
鍲	min2
鍳	jian4
鍴	duan1
鍶	song1
鍷	kui2
鍸	hu2
鍹	xuan1
鍺	zhe3
鍻	jie2
鍼	zhen1
鍽	bian1
鍾	zhong1
鍿	zi1
鎀	xiu1
鎁	ye2
鎃	pai4
鎄	ai1
鎅	jie4
鎆	jian3
鎇	mei2
鎈	suo3
鎉	da2
鎊	bang4
鎋	xia2
鎌	lian2
鎍	suo3
鎎	kai4
鎐	yao2
鎑	ye4
鎒	nou4
鎓	weng1
鎔	rong2
鎕	tang2
鎗	qiang1
鎘	li4
鎙	shuo4
鎚	chui2
鎛	bo2
鎜	pan2
鎝	da1
鎞	bi1
鎟	sang3
鎠	gang1
鎡	zi1
鎢	wu1
鎣	ying2
鎤	huang4
鎥	tiao2
鎦	liu2
鎧	kai3
鎨	sun3
鎩	sha1
鎪	sou1
鎫	wan4
鎬	hao4
鎭	zhen4
鎯	lang2
鎰	yi4
鎱	yuan2
鎲	tang3
鎳	nie4
鎴	xi2
鎵	jia1
鎶	ge1
鎷	ma3
鎸	juan1
鎹	song4
鎺	zu3
鎻	suo3
鎼	xia4
鎽	feng1
鎾	wen1
鎿	na2
鏀	lu3
鏁	suo3
鏂	ou1
鏃	zu2
鏄	tuan2
鏅	xiu1
鏆	guan4
鏇	xuan4
鏉	shou4
鏋	man3
鏌	mo4
鏍	luo2
鏎	bi4
鏏	wei4
鏐	liu2
鏑	di2
鏒	san3
鏓	zong3
鏔	yi2
鏕	lu4
鏗	keng1
鏘	qiang1
鏙	cui1
鏚	qi1
鏛	chang2
鏜	tang1
鏝	man4
鏞	yong1
鏠	feng1
鏢	biao1
鏣	shu4
鏤	lou4
鏥	xiu4
鏦	cong1
鏧	long2
鏨	zan4
鏩	jian4
鏪	cao2
鏫	li2
鏬	xia4
鏭	xi1
鏮	kang1
鏯	shuang3
鏰	beng4
鏱	jin3
鏲	qian1
鏳	cheng1
鏴	lu4
鏵	hua2
鏶	ji2
鏷	pu2
鏸	hui4
鏹	qiang3
鏺	po1
鏻	lin2
鏼	se4
鏾	san3
鏿	cheng1
鐀	kui4
鐁	si1
鐂	liu2
鐃	nao2
鐄	huang2
鐅	pie3
鐆	sui4
鐇	fan2
鐈	qiao2
鐉	quan1
鐊	yang2
鐋	tang1
鐌	xiang4
鐍	jue2
鐎	jiao1
鐏	zun1
鐐	liao2
鐑	qie4
鐒	lao2
鐓	dui4
鐔	xin2
鐕	zan1
鐖	ji1
鐗	jian3
鐙	deng4
鐚	ya1
鐛	ying3
鐜	dui1
鐝	jue2
鐞	nou4
鐟	zan1
鐠	pu3
鐡	tie3
鐢	fan2
鐣	cheng1
鐤	ding3
鐥	shan4
鐦	kai1
鐧	jian1
鐨	fei4
鐩	sui4
鐪	lu3
鐫	juan1
鐬	hui4
鐭	yu4
鐯	zhuo2
鐰	qiao1
鐱	jian4
鐲	zhuo2
鐳	lei2
鐴	bi4
鐶	huan2
鐷	ye4
鐸	duo2
鐹	guo3
鐻	ju4
鐼	fen2
鐽	da2
鐿	yi4
鑀	ai4
鑁	zong1
鑂	xun4
鑃	diao4
鑅	heng2
鑆	zhui4
鑇	ji1
鑈	nie4
鑉	he2
鑊	huo4
鑋	qing1
鑌	bin1
鑍	ying1
鑎	kui4
鑏	ning2
鑐	xu1
鑑	jian4
鑓	qian3
鑔	cha3
鑕	zhi4
鑖	mie4
鑗	li2
鑘	lei2
鑙	ji1
鑚	zuan4
鑛	kuang4
鑜	shang3
鑝	peng2
鑞	la4
鑟	du2
鑠	shuo4
鑡	chuo4
鑢	lv4
鑣	biao1
鑤	bao4
鑥	lu3
鑦	xian2
鑧	kuan1
鑨	long2
鑩	e4
鑪	lu2
鑬	jian4
鑭	lan4
鑮	bo2
鑯	jian1
鑱	chan2
鑳	jian4
鑴	xi1
鑵	guan4
鑶	cang2
鑷	nie4
鑸	lei3
鑹	cuan1
鑺	qu2
鑻	pan4
鑾	luan2
钀	nie4
钁	jue2
钂	tang3
钃	zhu2
钄	lan2
钅	jin1
钑	sa4
钶	ke1
钸	bu1
铇	bao4
铓	mang2
铔	ya1
铦	xian1
锠	chang1
镙	luo2
镟	xuan4
镸	chang2
镹	jiu3
镺	ao3
镻	die2
镼	qu1
镽	liao3
镾	mi2
閁	ma4
閂	shuan1
閄	huo4
閅	men2
閆	yan2
閇	bi4
閈	han4
閊	shan1
閌	kang4
閍	beng1
閎	hong2
閏	run4
閐	san4
閔	min3
閕	xia1
閖	shui3
閗	dou4
閙	nao4
閚	zhan1
閛	peng1
閜	xia3
閝	ling2
閞	bian4
閟	bi4
閠	run4
閡	ai4
関	guan1
閤	ge2
閦	chu4
閧	hong4
閩	min3
閪	se1
閫	kun3
閬	lang4
閭	lv2
閮	ting2
閯	sha4
閰	ju2
閲	yue4
閳	chan3
閴	qu4
閵	lin4
閶	chang1
閷	shai4
閸	kun3
閹	yan1
閺	wen2
閻	yan2
閼	e4
閽	hun1
閾	yu4
閿	wen2
闀	hong4
闁	bao1
闂	hong4
闃	qu4
闄	yao3
闅	wen2
闆	ban3
闇	an4
闈	wei2
闉	yin1
闋	que4
闌	lan2
闍	du1
闎	quan2
闏	feng1
闐	tian2
闑	nie4
闒	ta4
闓	kai3
闔	he2
闕	que4
闗	guan1
闘	dou4
闙	qi3
闚	kui1
闛	tang2
闝	piao2
闞	kan4
闟	xi4
闠	hui4
闣	dang4
闤	huan2
闥	ta4
闦	wen2
闧	ta1
闬	han4
阓	hui4
阛	huan2
阝	fu4
阞	le4
阠	xin4
阢	wu4
阣	gai4
阤	zhi4
阥	yin1
阦	yang2
阧	dou3
阨	e4
阩	sheng1
阫	pei2
阬	keng1
阭	yun3
阯	zhi3
阰	pi2
阷	cheng1
阸	e4
阹	qu1
阺	di3
阾	ling3
陁	tuo2
陃	bing3
陊	duo4
陏	duo4
陒	gui3
陓	yu1
陖	jun4
陗	qiao4
陘	xing2
陙	chun2
陚	fu4
陜	xia2
陝	shan3
陠	pu1
陥	xian4
陦	dao3
陫	fei4
陭	yi4
陮	dui4
陯	lun2
陱	ju1
陹	sheng1
険	xian3
陻	yin1
陼	zhu3
陾	reng2
陿	xia2
隀	chong2
隁	yan4
隂	yin1
隄	di1/ti2
隇	wei1
隉	nie4
隌	an3
隑	gai4
隒	yan3
隓	hui1
隕	yun3
隖	wu4
隚	tang2
隝	dao3
隞	ao2
隟	xi4
隠	yin3
隡	sa4
隢	rao3
隣	lin2
隤	tui2
隥	deng4
隦	jiao3
隫	fen2
隬	ni3
隭	er2
隮	ji1
隯	dao3
隲	zhi4
隴	long3
隵	xi1
隷	li4
隿	yi4
雂	qin2
雃	qian1
雈	huan2
雋	juan4/jun4
雐	hu1
雑	za2
雓	yu2
雔	chou2
雗	han4
雘	wo4
雚	guan4
雛	chu2
雝	yong1
雟	xi1
雡	liu4
雤	xue2
雥	za2
雦	ji2
雧	ji2
雫	na3
雬	fou3
雭	se4
雮	mu4
雰	fen1
雴	chi4
雵	yang1
雸	an2
雺	wu4
雼	dang4
雽	hu4
雿	diao4
霂	mu4
霃	chen2
霊	ling2
霋	qi1
霌	zhou1
霐	hong2
霑	zhan1
霒	yin1
霔	zhu4
霕	tun2
霗	ling2
霘	dong4
霙	ying1
霚	wu4
霛	ling2
霝	ling2
霟	hong2
霠	yin1
霡	mai4
霢	mai4
霣	yun3
霤	liu4
霥	meng4
霦	bin1
霩	kuo4
霫	xi2
霬	yi4
霮	dan4
霯	teng4
霱	yu4
霳	long2
霴	dai4
霵	ji2
霶	pang1
霷	yang2
霺	wei2
霻	feng1
霼	xi4
霽	ji4
霿	meng2
靀	meng2
靁	lei2
靂	li4
靃	huo4
靄	ai3
靅	fei4
靆	dai4
靇	long2
靉	ai4
靊	feng1
靋	li4
靌	bao3
靍	he4
靎	he4
靏	he4
靐	bing4
靑	qing1
靔	tian1
靕	zhen1
靗	cheng1
靘	qing4
靚	jing4
靝	tian1
靟	fei1
靣	mian4
靤	bao4
靦	tian3
靧	hui4
靨	ye4
靪	ding1
靫	cha2
靭	ren4
靮	di2
靯	du4
靱	ren4
靲	qin2
靵	niu3
靷	yin3
靹	na4
靻	zu3
靾	yi4
鞀	tao2
鞂	jie1
鞃	hong2
鞄	pao2
鞆	bing3
鞇	yin1
鞈	ge2
鞉	tao2
鞊	jie2
鞌	an1
鞎	hen2
鞐	qia3
鞓	ting1
鞕	ying4
鞖	sui1
鞗	tiao2
鞙	xuan4
鞚	kong4
鞛	beng3
鞜	ta4
鞝	shang4
鞞	bing3
鞟	kuo4
鞢	xie4
鞤	bang1
鞥	eng1
鞦	qiu1
鞩	qiao4
鞪	mu4
鞰	wen1
鞱	tao1
鞵	xie2
鞶	pan2
鞷	ge2
鞸	bi4
鞹	kuo4
鞺	tang1
鞻	lou2
鞼	gui4
鞽	qiao2
鞾	xue1
鞿	ji1
韀	jian1
韃	da2
韄	hu4
韅	xian3
韆	qian1
韇	du2
韈	wa4
韉	jian1
韊	lan2
韋	wei2
韍	fu2
韎	mei4
韏	quan4
韐	ge2
韑	wei3
韒	qiao4
韓	han2
韔	chang4
韕	kuo4
韖	rou3
韗	yun4
韘	she4
韙	wei3
韚	ge2
韛	bai4
韜	tao1
韝	gou1
韞	yun4
韟	gao1
韠	bi4
韡	wei3
韢	sui4
韣	du2
韤	wa4
韥	du2
韮	jiu3
韯	xian1
韰	xie4
韱	xian1
韲	ji1
韴	za2
韷	le4
韸	peng2
韹	huang2
韺	ying1
韼	peng2
韽	an1
韾	yin1
頀	hu4
頄	kui2
頇	han1
頉	yi2
頊	xu1
頋	e3
頍	kui3
頎	qi2
頏	hang2
頔	di2
頕	dan1
頖	pan4
頙	che4
頚	jing3
頛	lei4
頜	he2
頝	qiao1
頞	e4
頟	e2
頠	wei3
頡	xie2
頢	kuo4
頣	shen3
頤	yi2
頥	yi2
頦	hai2
頧	dui3
頨	yu3
頩	ping1
頪	lei4
頫	fu3
頬	jia2
頮	hui4
頯	kui2
頱	luo1
頲	ting3
頳	cheng1
頴	ying3
頵	yun1
頶	hu2
頷	han4
頺	tui2
頼	lai4
頽	tui2
頾	zi1
頿	zi1
顀	chui2
顁	ding4
顂	lai4
顃	tan2
顄	han4
顅	qian1
顇	cui4
顈	xuan3
顉	qin1
顊	yi2
顋	sai1
顎	e4
顐	wen4
顑	kan3
顒	yong2
顓	zhuan1
顔	yan2
顕	xian3
顖	xin4
顗	yi3
顙	sang3
顚	dian1
顜	jiang3
顝	kui1
顟	lao2
顠	piao3
顡	wai4
顢	man2/man1
顣	cu4
顤	yao2
顥	hao4
顦	qiao2
顨	xun4
顩	yan3
顪	hui4
顬	ru2
顭	meng2
顮	bin1
顰	pin2
顱	lu2
顲	lan3
顳	nie4
顴	quan2
颒	hui4
颕	ying3
颣	lei4
颩	biao1
颪	gua1
颫	fu2
颬	xia1
颭	zhan3
颮	biao1
颯	sa4
颰	ba2
颲	lie4
颳	gua1
颴	xuan4
颵	shao1
颶	ju4
颷	biao1
颸	si1
颹	wei3
颺	yang2
颻	yao2
颼	sou1
颽	kai3
颾	sou1
颿	fan1
飀	liu2
飁	xi2
飂	liu4
飃	piao1
飅	liu2
飆	biao1
飇	biao1
飈	biao1
飉	liao2
飊	biao1
飋	se4
飌	feng1
飍	xiu1
飖	yao2
飚	biao1
飜	fan1
飝	fei1
飠	shi2
飡	can1
飣	ding4
飤	si4
飥	tuo1
飦	zhan1
飩	tun2
飫	yu4
飬	juan4
飭	chi4
飮	yin3
飰	fan4
飱	sun1
飳	tou3
飴	yi2
飵	zuo4
飶	bi4
飷	jie3
飸	tao1
飹	bao3
飺	ci2
飻	tie4
飿	duo4
餀	hai4
餁	ren4
餂	tian3
餄	jia2
餆	yao2
餇	tong2
餈	ci2
餉	xiang3
餋	juan4
餎	ge1
餏	xi1
餑	bo1
餔	bu4
餕	jun4
餖	dou4
餗	su4
餙	shi4
餚	yao2
餛	hun2
餜	guo3
餝	shi4
餞	jian4
餟	zhui4
餠	bing3
餢	bu4
餣	ye4
餤	tan2
餥	fei1
餦	zhang1
餧	wei4
餩	e4
餪	nuan3
餫	yun4
餬	hu2
餭	huang2
餯	hui4
餰	jian1
餱	hou2
餲	ai4
餳	tang2/xing2
餴	fen1
餶	gu3
餷	cha1
餸	song4
餹	tang2
餺	bo2
餻	gao1
餼	xi4
餽	kui4
餾	liu4
餿	sou1
饀	tao2
饁	ye4
饂	wen1
饃	mo2
饄	tang2
饆	bi4
饇	yu4
饈	xiu1
饉	jin3
饊	san3
饋	kui4
饌	zhuan4
饍	shan4
饎	chi4
饏	dan4
饐	yi4
饑	ji1
饓	cheng1
饖	wei4
饗	xiang3
饘	zhan1
饙	fen1
饚	hai4
饛	meng2
饜	yan4
饝	mo2
饟	xiang3
饠	luo2
饡	zan4
饢	nang2
饣	shi2
饤	ding4
饦	tuo1
饾	dou4
馀	yu2
馂	jun4
馎	bo2
馚	fen2
馛	bo2
馜	ni3
馟	tu2
馠	han1
馡	fei1
馢	jian1
馣	an1
馤	ai4
馦	xian1
馩	fen2
馪	pin1
馫	xin1
馭	yu4
馮	feng2
馯	han4
馰	di2
馲	zhe2
馵	zhu4
馶	zhi1
馷	pei4
馸	xin4
馹	ri4
馺	sa4
馻	yun3
馼	wen2
馽	zhi2
馾	dan4
馿	lv2
駀	you2
駂	bao3
駃	jue2
駄	tuo2
駅	yi4
駆	qu1
駇	wen2
駈	qu1
駉	jiong1
駊	po3
駋	zhao1
駌	yuan1
駍	peng1
駎	zhou4
駏	ju4
駑	nu2
駓	pi1
駔	zang3
駖	ling2
駗	zhen3
駘	tai2
駙	fu4
駚	yang3
駜	bi4
駞	tuo2
駟	si4
駠	liu2
駡	ma4
駢	pian2
駣	tao2
駤	zhi4
駥	rong2
駦	teng2
駧	dong4
駨	xun1
駩	quan1
駪	shen1
駫	jiong1
駬	er3
駮	bo2
駯	zhu1
駰	yin1
駲	zhou1
駳	dan4
駴	hai4
駵	liu2
駶	ju2
駷	song3
駸	qin1
駹	mang2
駺	lang2
駻	han4
駼	tu2
駽	xuan1
駾	tui4
駿	jun4
騀	e3
騁	cheng3
騂	xing1
騃	ai2
騄	lu4
騅	zhui1
騆	zhou1
騇	she4
騈	pian2
騉	kun1
騊	tao2
騋	lai2
騌	zong1
騍	ke4
騏	qi2
騐	yan4
騑	fei1
騒	sao1
験	yan4
騔	ge2
騕	yao3
騖	wu4
騗	pian4
騘	cong1
騚	qian2
騛	fei1
騜	huang2
騝	qian2
騞	huo1
騟	yu2
騠	ti2
騡	quan2
騢	xia2
騣	zong1
騤	kui2
騥	rou2
騦	si1
騧	gua1
騨	tuo2
騩	gui1
騪	sou1
騫	qian1
騬	cheng2
騭	zhi4
騮	liu2
騯	peng2
騱	xi2
騲	cao3
騳	du2
騴	yan4
騵	yuan2
騶	zou1
騸	shan4
騹	qi2
騺	zhi4
騻	shuang1
騼	lu4
騽	xi2
騿	zhang1
驀	mo4
驁	ao4
驂	can1
驃	biao1
驄	cong1
驆	bi4
驇	zhi4
驈	yu4
驉	xu1
驊	hua2
驋	bo1
驌	su4
驍	xiao1
驎	lin2
驏	zhan4
驐	dun1
驑	liu2
驒	tuo2
驓	ceng2
驔	dian4
驖	tie3
驘	luo2
驙	zhan1
驛	yi4
驜	ye4
驝	tuo1
驞	pin1
驠	yan4
驡	long2
驣	teng2
驤	xiang1
驥	ji4
驦	shuang1
驧	ju2
驨	xi2
驩	huan1
驪	li2
驫	biao1
骔	zong1
骩	wei3
骪	wei3
骫	wei3
骬	yu2
骭	gan4
骮	yi4
骲	bao4
骳	bei4
骴	ci1
骵	ti3
骹	qiao1
骻	kua4
骽	tui3
骾	geng3
骿	pian2
髄	sui3
髆	bo2
髇	xiao1
髈	bang3/pang3
髉	bo2
髊	ci1
髍	mo2
髏	lou2
髐	xiao1
髕	bin4
髖	kuan1
髗	lu2
髙	gao1
髚	qiao4
髛	kao1
髜	qiao3
髝	lao2
髞	sao4
髟	biao1
髠	kun1
髣	fang3
髤	xiu1
髥	ran2
髧	dan4
髨	kun1
髩	bin4
髪	fa4/fa3
髬	pi1
髰	ti4
髱	bao4
髲	bi4
髳	mao2
髴	fu2
髵	er2
髶	rong2
髷	qu1
髸	gong1
髺	kuo4
髼	peng2
髾	shao1
髿	suo1
鬀	ti4
鬁	li4
鬂	bin4
鬄	di2
鬅	peng2
鬇	zheng1
鬉	zong1
鬊	shun4
鬋	jian3
鬌	tuo3
鬍	hu2
鬎	la4
鬐	qi2
鬑	lian2
鬔	peng2
鬕	ma4
鬖	san1
鬗	man2
鬙	seng1
鬛	lie4
鬜	qian1
鬝	qian1
鬞	nang2
鬠	kuo4
鬡	ning2
鬢	bin4
鬤	rang2
鬦	dou4
鬨	hong4
鬩	xi4
鬪	dou4
鬫	han3
鬬	dou4
鬭	dou4
鬮	jiu1
鬰	yu4
鬱	yu4
鬳	yan4
鬴	fu3
鬵	qin2
鬸	liu4
鬹	gui1
鬺	shang1
鬽	mei4
鬾	ji4
鬿	qi2
魀	ga4
魊	yu4
魌	qi1
魎	liang3
魐	gan1
魒	piao1
魓	bi4
魕	ji3
魖	xu1
魗	chou3
魘	yan3
魙	zhan1
魛	dao1
魜	ren2
魝	jie2
魞	ba1
魟	hong2
魠	tuo1
魡	diao4
魢	ji3
魣	xu4
魤	e2
魥	e4
魦	sha1
魧	hang2
魨	tun2
魩	mo4
魪	jie4
魫	shen3
魬	ban3
魭	yuan2
魮	pi2
魯	lu3
魰	wen2
魱	hu2
魲	lu2
魳	za1
魴	fang2
魵	fen2
魶	na4
魷	you2
魸	pian4
魹	mo2
魺	he2
魻	xia2
魼	qu1
魽	han2
魾	pi1
魿	ling2
鮀	tuo2
鮁	bo1
鮂	qiu2
鮃	ping2
鮄	fu2
鮅	bi4
鮆	ci3
鮇	wei4
鮈	ju1
鮉	diao1
鮊	ba4
鮋	you2
鮌	gun3
鮍	pi1
鮎	nian2
鮏	xing1
鮐	tai2
鮑	bao4
鮒	fu4
鮓	zha3
鮔	ju4
鮕	gu1
鮖	shi2
鮗	dong1
鮘	dai4
鮙	ta4
鮚	jie2
鮛	shu1
鮜	hou4
鮝	xiang3
鮞	er2
鮟	an4
鮠	wei2
鮡	zhao4
鮢	zhu1
鮣	yin4
鮤	lie4
鮥	luo4
鮦	tong2
鮧	ti3
鮨	yi4
鮩	bing4
鮪	wei3
鮫	jiao1
鮬	ku1
鮭	gui1
鮯	ge2
鮰	hui2
鮱	lao3
鮲	fu2
鮳	kao4
鮴	xiu1
鮵	duo2
鮶	jun1
鮷	ti2
鮸	mian3
鮹	shao1
鮺	zha3
鮻	suo1
鮼	qin1
鮽	yu2
鮾	nei3
鮿	zhe2
鯀	gun3
鯁	geng3
鯂	su1
鯃	wu2
鯄	qiu2
鯅	shan1
鯆	pu1
鯇	huan4
鯈	tiao2
鯊	sha1
鯋	sha1
鯌	kao4
鯍	meng2
鯎	cheng2
鯏	li2
鯐	zou3
鯑	xi1
鯒	yong3
鯓	shen1
鯔	zi1
鯕	qi2
鯖	zheng1
鯗	xiang3
鯘	nei3
鯙	chun2
鯚	ji4
鯛	diao1
鯜	qie4
鯝	gu4
鯞	zhou3
鯟	dong1
鯠	lai2
鯡	fei4
鯢	ni2
鯣	yi4
鯤	kun1
鯥	lu4
鯦	jiu4
鯧	chang1
鯩	lun2
鯪	ling2
鯫	zou1
鯬	li2
鯭	meng3
鯮	zong1
鯯	zhi4
鯰	nian2
鯱	hu3
鯲	yu2
鯳	di3
鯴	shi1
鯵	shen1
鯶	huan4
鯷	ti2
鯸	hou2
鯹	xing1
鯺	zhu1
鯻	la4
鯼	zong1
鯽	zei2
鯾	bian1
鯿	bian1
鰀	huan4
鰁	quan2
鰂	zei2
鰃	wei1
鰄	wei1
鰅	yu2
鰆	chun1
鰇	rou2
鰈	die2
鰉	huang2
鰊	lian4
鰋	yan3
鰌	qiu1
鰍	qiu1
鰎	jian3
鰏	bi1
鰐	e4
鰑	yang2
鰒	fu4
鰓	sai1
鰔	gan3
鰕	xia1
鰖	tuo3
鰗	hu2
鰘	shi4
鰙	ruo4
鰚	xuan1
鰛	wen1
鰜	qian4
鰝	hao4
鰞	wu1
鰟	fang2
鰠	sao1
鰡	liu2
鰢	ma3
鰣	shi2
鰤	shi1
鰥	guan1
鰦	zi1
鰧	teng2
鰨	ta3
鰩	yao2
鰪	e2
鰫	yong2
鰬	qian2
鰭	qi2
鰮	wen1
鰯	ruo4
鰰	shen2
鰱	lian2
鰲	ao2
鰳	le4
鰴	hui1
鰵	min3
鰶	ji4
鰷	tiao2
鰸	qu1
鰹	jian1
鰺	shen1
鰻	man2
鰼	xi2
鰽	qiu2
鰾	biao4
鰿	ji4
鱀	ji4
鱁	zhu2
鱂	jiang1
鱃	xiu1
鱄	zhuan1
鱅	yong1
鱆	zhang1
鱇	kang1
鱈	xue3
鱉	bie1
鱊	yu4
鱋	qu1
鱌	xiang4
鱍	bo1
鱎	jiao3
鱏	xun2
鱐	su4
鱑	huang2
鱒	zun1
鱓	shan4
鱔	shan4
鱕	fan1
鱖	gui4
鱘	xun2
鱙	miao2
鱚	xi3
鱛	zeng1
鱜	xiang1
鱝	fen4
鱞	guan1
鱟	hou4
鱠	kuai4
鱡	zei2
鱢	sao1
鱣	zhan1
鱤	gan3
鱥	gui4
鱦	ying4
鱧	li3
鱨	chang2
鱩	lei2
鱪	shu3
鱫	ai4
鱬	ru2
鱭	ji4
鱮	xu4
鱯	hu4
鱰	shu3
鱱	li4
鱲	lie4
鱳	li4
鱴	mie4
鱵	zhen1
鱶	xiang3
鱸	lu2
鱹	guan4
鱺	li2
鱻	xian1
鲄	he2
鲓	kao4
鲶	nian2
鳆	fu4
鳋	sao1
鳦	yi3
鳨	li4
鳩	jiu1
鳪	bu2
鳫	yan4
鳬	fu3
鳭	diao1
鳮	ji1
鳯	feng4
鳰	ru4
鳱	gan1
鳲	shi1
鳵	bao3
鳶	yuan1
鳷	zhi1
鳸	hu4
鳹	qin2
鳺	fu1
鳻	ban1
鳼	wen2
鳽	jian1
鳾	shi1
鳿	yu4
鴀	fou3
鴁	yao1
鴂	jue2
鴃	jue2
鴄	pi3
鴅	huan1
鴆	zhen4
鴇	bao3
鴈	yan4
鴊	zheng4
鴋	fang1
鴌	feng4
鴍	wen2
鴎	ou1
鴏	dai4
鴐	ge1
鴑	ru2
鴒	ling2
鴓	mie4
鴔	fu2
鴕	tuo2
鴖	min2
鴗	li4
鴘	bian3
鴙	zhi4
鴚	ge1
鴛	yuan1
鴜	ci2
鴝	qu2
鴞	xiao1
鴟	chi1
鴠	dan4
鴡	ju1
鴢	yao3
鴣	gu1
鴤	zhong1
鴥	yu4
鴦	yang1
鴧	yu4
鴩	tie3
鴪	yu4
鴫	tian2
鴬	ying1
鴭	dui1
鴮	wu1
鴯	er2
鴰	gua1
鴱	ai4
鴲	zhi1
鴳	yan4
鴴	heng2
鴵	xiao1
鴶	jia2
鴷	lie4
鴸	zhu1
鴹	yang2
鴺	ti2
鴻	hong2
鴼	luo4
鴽	ru2
鴾	mou2
鵀	ren2
鵁	jiao1
鵂	xiu1
鵃	zhou1
鵄	chi1
鵅	luo4
鵆	heng2
鵇	nian2
鵈	e3
鵉	luan2
鵊	jia2
鵋	ji4
鵌	tu2
鵍	huan1
鵎	tuo3
鵏	bu3
鵐	wu2
鵒	yu4
鵓	bo2
鵔	jun4
鵕	jun4
鵖	bi1
鵗	xi1
鵘	jun4
鵙	ju2
鵚	tu1
鵛	jing1
鵜	ti2
鵞	e2
鵟	kuang2
鵠	hu2
鵡	wu3
鵢	shen1
鵣	lai4
鵤	zan1
鵥	pan4
鵦	lu4
鵧	pi2
鵨	shu1
鵩	fu2
鵫	zhuo2
鵬	peng2
鵭	qin2
鵮	qian1
鵯	bei1
鵰	diao1
鵱	lu4
鵳	jian1
鵴	ju2
鵵	tu4
鵶	ya1
鵷	yuan1
鵸	qi2
鵹	li2
鵺	ye4
鵻	zhui1
鵼	kong1
鵽	duo4
鵾	kun1
鵿	sheng1
鶀	qi2
鶁	jing1
鶂	yi4
鶃	yi4
鶄	jing1
鶅	zi1
鶆	lai2
鶇	dong1
鶈	qi1
鶊	geng1
鶋	ju1
鶌	jue2
鶍	yi4
鶎	zun1
鶏	ji1
鶐	shu4
鶑	ying1
鶒	chi4
鶓	miao2
鶔	rou2
鶕	an1
鶖	qiu1
鶗	ti2
鶘	hu2
鶙	ti2
鶚	e4
鶛	jie1
鶜	mao2
鶝	fu2
鶞	chun1
鶟	tu2
鶠	yan3
鶡	he2
鶢	yuan2
鶣	pian1
鶤	kun1
鶥	mei2
鶦	hu2
鶧	ying1
鶨	chuan4
鶩	wu4
鶪	ju2
鶫	dong1
鶬	cang1
鶭	fang3
鶮	he4
鶰	yuan2
鶱	xian1
鶲	weng1
鶳	shi1
鶴	he4
鶵	chu2
鶶	tang2
鶷	xia2
鶸	ruo4
鶹	liu2
鶺	ji2
鶻	gu2
鶼	jian1
鶽	sun3
鶾	han4
鶿	ci2
鷀	ci2
鷁	yi4
鷂	yao4
鷃	yan4
鷄	ji1
鷅	li4
鷆	tian2
鷇	kou4
鷈	ti1
鷉	ti1
鷊	yi4
鷋	tu2
鷌	ma3
鷍	xiao1
鷎	gao1
鷏	tian2
鷐	chen2
鷑	ji2
鷒	tuan2
鷓	zhe4
鷔	ao2
鷕	yao3
鷖	yi1
鷘	chi4
鷙	zhi4
鷚	liu4
鷛	yong1
鷜	lv2
鷝	bi4
鷞	shuang1
鷟	zhuo2
鷠	yu2
鷡	wu2
鷢	jue2
鷣	yin2
鷤	ti2
鷥	si1
鷦	jiao1
鷧	yi4
鷨	hua2
鷩	bi4
鷪	ying1
鷫	su4
鷬	huang2
鷭	fan2
鷮	jiao1
鷯	liao2
鷰	yan4
鷱	gao1
鷲	jiu4
鷳	xian2
鷴	xian2
鷵	tu2
鷶	mai3
鷷	zun1
鷸	yu4
鷺	lu4
鷻	tuan2
鷼	xian2
鷽	xue2
鷾	yi4
鷿	pi4
鸀	shu3
鸁	luo2
鸂	xi1
鸃	yi2
鸄	ji1
鸅	ze2
鸆	yu2
鸇	zhan1
鸈	ye4
鸉	yang2
鸊	pi4
鸋	ning2
鸌	hu4
鸍	mi2
鸎	ying1
鸏	meng2
鸐	di2
鸑	yue4
鸒	yu4
鸓	lei3
鸔	bu3
鸕	lu2
鸖	he4
鸗	long2
鸘	shuang1
鸙	yue4
鸚	ying1
鸛	guan4
鸜	qu2
鸞	luan2
鸴	xue2
鹓	yuan1
鹥	yi1
鹵	lu3
鹶	jin1
鹷	ling2
鹸	jian3
鹺	cuo2
鹻	jian3
麁	cu1
麃	pao2/biao1
麄	cu1
麅	pao2
麆	zhu4
麉	jian1
麊	mi2
麌	yu3
麍	liu2
麎	chen2
麏	jun1
麐	lin2
麔	jiu4
麕	jun1/qun2
麘	xiang1
麙	xian2
麚	jia1
麛	mi2
麜	li4
麞	zhang1
麠	jing1
麡	qi2
麢	ling2
麣	yan2
麤	cu1
麧	he2
麨	chao3
麩	fu1
麫	mian4
麬	fu1
麭	pao4
麮	qu4
麯	qu1
麰	mou2
麱	fu1
麲	xian4
麳	lai2
麴	qu1
麵	mian4
麶	chi1
麷	feng1
麺	mian4
麿	mo3
黀	zou1
黁	nun2
黂	fen2
黅	jin1
黆	guang1
黈	tou3
黊	hua4
黋	kuang4
黌	hong2
黐	chi1
黒	hei1
黓	yi4
黕	dan3
黖	xi4
黗	tun1
黙	mo4
黚	qian2
黣	mei3
黤	yan3
黦	yue4
黫	yan1
黬	yan2
黭	yan3
黮	dan3
黰	zhen3
黱	dai4
黲	can3
黳	yi1
黵	zhan3
黶	yan3
黷	du2
黸	lu2
黺	fen3
黽	mian3/min3
黿	yuan2
鼀	cu4
鼁	qu4
鼂	chao2
鼃	wa1
鼄	zhu1
鼅	zhi1
鼆	meng2
鼇	ao2
鼈	bie1
鼉	tuo2
鼊	bi4
鼌	chao2
鼏	mi4
鼑	ding3
鼔	gu3
鼕	dong1
鼖	fen2
鼘	yuan1
鼚	chang1
鼛	gao1
鼜	qi4
鼝	yuan1
鼞	tang1
鼟	teng1
鼡	shu3
鼣	fei4
鼤	wen2
鼥	ba2
鼦	diao1
鼧	tuo2
鼨	zhong1
鼪	sheng1
鼭	shi2
鼮	ting2
鼰	ju2
鼲	hun2
鼳	ju2
鼴	yan3
鼵	tu1
鼶	si1
鼸	xian4
鼺	lei2
鼼	yao4
鼿	wu4
齀	wu4
齂	xie4
齃	e4
齄	zha1
齅	xiu4
齆	weng4
齈	nong4
齋	zhai1
齌	ji4
齍	zi1
齎	ji1
齏	ji1
齓	chen4
齔	chen4
齕	he2
齖	ya2
齗	yin2
齘	xie4
齙	bao1
齚	ze2
齛	xie4
齜	chai2
齝	chi1
齞	yan3
齟	ju3
齠	tiao2
齢	ling2
齣	chu1
齤	quan2
齥	xie4
齦	ken3
齧	nie4
齨	jiu4
齩	yao3
齪	chuo4
齫	yun3
齬	yu3
齭	chu3
齮	yi3
齯	ni2
齰	ze2
齱	zou1
齲	qu3
齳	yun3
齴	yan3
齵	ou2
齶	e4
齷	wo4
齸	yi4
齹	ci1
齺	zou1
齻	dian1
齼	chu3
齽	jin4
齾	ya4
龎	pang2
龏	gong1
龑	yan3
龒	long2
龓	long3
龔	gong1
龕	kan1
龖	da2
龗	ling2
龘	da2
龝	qiu1
龞	bie1
龡	chui1
龣	jue2
龤	xie2
龥	yu4
龪	zhan1
龬	wang3
龰	zou3
龵	shou3
龻	luan2
鿃	shan3
鿄	liang2
鿇	zheng1
鿌	liang2
鿔	ge1
鿕	dan1
鿫	ao4
鿬	tian2
鿭	ni3/xi3
鿰	han2
鿱	ba1
鿲	lao2
鿳	tuo4
鿴	dong1
鿵	zhi4
鿶	lang2
鿷	an4
鿸	tuo4
鿹	mi4
鿺	mai4
鿻	bu4
鿼	jia1
鿾	lang4
鿿	xing4
礼	li3
𠀀	he1
𠀁	qi1
𠀃	qie3
𠀅	hai4
𠀉	qiu1
𠀊	cao1
𠀍	shi4
𠀓	si1
𠀔	jue2
𠀛	yu4
𠀝	kong1
𠀢	zi1
𠀦	xing2
𠀱	mou3
𠀷	ji1
𠀸	ye4
𠀹	jun1
𠀼	qian2
𠀽	lu4
𠁁	dou4
𠁉	chu1
𠁗	shi4
𠁠	qie4
𠁥	ga3
𠁭	qi2
𠁷	chan3
𠂄	huan1
𠂆	yi4
𠂇	zuo3
𠂈	jie2
𠂑	zou1
𠂔	zi3
𠂝	za1
𠂟	jin1
𠂢	pai4
𠂤	dui1
𠂥	cong2
𠂧	shen4
𠂸	huang2
𠃊	yin3
𠃌	gun3
𠃓	yang2
𠃖	jiu1
𠃫	shen1
𠃺	jiu4
𠄅	ye4
𠄉	dong4
𠄌	jue2
𠄍	jie2
𠄏	diao3
𠄑	jue2
𠄒	chui2
𠄖	ling2
𠄚	ting1
𠄣	gen4
𠄮	ya4
𠄱	yi2
𠄿	wei2
𠅂	jie2
𠅌	yi2
𠅗	die4
𠅚	qi2
𠅬	bao1
𠅱	xie4
𠅹	zhang4
𠆌	yong1
𠆐	xu4
𠆙	die4
𠆛	dan1
𠆟	wei3
𠆣	gua3
𠆩	fan4
𠆮	mo4
𠆱	xi1
𠆲	yan3
𠆵	ni2
𠆶	dan4
𠇋	dan3
𠇏	tao1
𠇐	yu2
𠇒	gong1
𠇗	kua1
𠇘	chu4
𠇯	qu4
𠇱	mo4
𠇳	shi1
𠇵	gan3
𠇷	sheng1
𠇹	jing4
𠈁	tuo1
𠈅	shou1
𠈊	nie3
𠈤	yun4
𠈥	gua3
𠈬	xiao1
𠈭	lao2
𠈰	dan4
𠈱	suo1
𠈵	mang3
𠈶	yi2
𠈸	te4
𠈺	bi4
𠉂	ta4
𠉗	luo4
𠉢	xi3
𠉣	hun1
𠉤	da2
𠉧	ju4
𠉩	du2
𠉬	an3
𠊉	mei4
𠊌	ran2
𠊎	ai2
𠊏	yu4
𠊒	jian4
𠊔	qi4
𠊟	min3
𠊣	zhou4
𠊤	zhi4
𠊥	zhong3
𠊦	nao3
𠊧	bing4
𠊩	zhuan4
𠊪	shu4
𠊫	xun4
𠊬	jue2
𠊭	qian3
𠊰	gua3
𠊲	tu1
𠊶	ying4
𠊷	zhi4
𠊾	kui2
𠋆	chen4
𠋖	lian4
𠋗	ya1
𠋜	guo4
𠋝	miao3
𠋞	she2
𠋟	yu3
𠋡	si4
𠋢	sou3
𠋤	zhi4
𠋧	qie1
𠋩	fu4
𠋬	ju2
𠋭	bei4
𠋯	bi4
𠋲	suo3
𠋵	qian3
𠋶	ming3
𠋷	chan3
𠋺	sao1
𠋻	ji1
𠌕	gong4
𠌖	qiong2
𠌚	rong4
𠌞	sou3
𠌟	sou3
𠌠	yao2
𠌪	chou1
𠌭	shuai4
𠌮	zhe1
𠌯	li4
𠌰	gai4
𠌱	sui1
𠌲	zhan1
𠌴	zhuang4
𠌽	fu4
𠍃	ji1
𠍄	dou1
𠍗	hui4
𠍚	jian3
𠍛	yan3
𠍜	zhi4
𠍨	mei3
𠍩	yao4
𠍪	di1
𠍫	yi2
𠍯	bie2
𠍲	qu2
𠍳	yi4
𠍵	yang4
𠍹	zha2
𠍽	sha4
𠎙	lai2
𠎮	jue2
𠎰	qi1
𠎳	yu2
𠎶	zai3
𠎷	sa4
𠎸	se4
𠎻	dun4
𠎿	jie3
𠏀	ke1
𠏃	yue1
𠏇	jian3
𠏈	yao2
𠏓	xian1
𠏕	xiao4
𠏖	qiao1
𠏚	yu4
𠏛	qu2
𠏡	xian1
𠏢	luo4
𠏤	guang3
𠏧	cheng1
𠏨	chuang3
𠏩	yi2
𠏫	zheng3
𠏭	zong4
𠏮	dui4
𠏰	zhai3
𠏿	fei3
𠐀	yi2
𠐁	meng2
𠐈	bian1
𠐉	jie2
𠐊	shu4
𠐋	liao2
𠐌	bi3
𠐍	su2
𠐑	di4
𠐡	bei4
𠐢	wen4
𠐧	meng2
𠐩	chan3
𠐵	dao3
𠐺	pin2
𠐻	jian3
𠐼	lin4
𠐽	gui4
𠐾	qi1
𠐿	hong1
𠑃	ji2
𠑄	xie4
𠑅	zheng1
𠑆	chan3
𠑐	yao2
𠑑	chan3
𠑘	dian1
𠑙	chong4
𠑚	nei2
𠑛	nei2
𠑞	zhai4
𠑟	bian1
𠑡	chan3
𠑪	xiao1
𠑯	cu4
𠑰	xin1
𠑱	jing3
𠑲	qian1
𠑴	qing1
𠑹	gu3
𠒄	wu4
𠒜	yuan3
𠒝	bing3
𠒢	wan2
𠒰	niao3
𠒵	lian4
𠒸	rao3
𠒾	fan4
𠒿	di2
𠓊	hui1
𠓋	yi4
𠓌	xian2
𠓖	lan2
𠓗	fu4
𠓙	xiong4
𠓜	liang3
𠓝	tao1
𠓞	ji2
𠓢	jie4
𠓣	zha2
𠓤	shi1
𠓪	qi2
𠓫	bian3
𠓭	lan3
𠓮	lin3
𠓶	zhi4
𠓷	bi4
𠓸	sheng4
𠓽	sheng4
𠓿	qin2
𠔂	biao1
𠔃	xi1
𠔉	juan4
𠔋	ji1
𠔍	xi1
𠔎	qin3
𠔑	hai4
𠔕	lun2
𠔠	yue4
𠔨	lian2
𠔯	ban1
𠔲	heng2
𠔶	qi1
𠔺	qian1
𠔻	zheng4
𠔼	mao3
𠕁	cong2
𠕄	na4
𠕊	ting3
𠕌	zong1
𠕕	jiong1
𠕖	zhao3
𠕟	nian3
𠕠	cheng2
𠕣	qia4
𠕦	yu4
𠕧	jiao3
𠕭	zhao4
𠕳	di2
𠕴	jiu1
𠕸	sui3
𠕻	yao1
𠕿	wang1
𠖂	liao2
𠖄	tong2
𠖆	meng4
𠖋	you3
𠖓	si1
𠖛	lou4
𠖟	yin1
𠖥	chong3
𠖫	gan3
𠖬	jiu1
𠖶	qin4
𠖷	jiong3
𠖹	xie2
𠗂	he4
𠗆	tao1
𠗈	qiu2
𠗉	xie2
𠗊	jing4
𠗋	nian3
𠗌	jing4
𠗏	ji2
𠗘	tian3
𠗚	cui4
𠗛	die2
𠗝	qing3
𠗥	ping4
𠗦	ping2
𠗨	die2
𠗩	lou4
𠗳	lian3
𠗴	han2
𠗵	pang1
𠗶	tang2
𠗺	yi2
𠗻	xuan2
𠗼	suo4
𠗽	liu2
𠗾	shuang3
𠗿	shen4
𠘁	bu4
𠘂	sou1
𠘅	qin2
𠘆	shen3
𠘊	nong4
𠘋	ting3
𠘌	jiang1
𠘕	xi1
𠘖	zhi4
𠘝	lai4
𠘞	li4
𠘟	li4
𠘢	he2
𠘣	jiao4
𠘥	yan2
𠘧	shu1
𠘪	shi3
𠘱	zhen3
𠘳	you1
𠘺	suo4
𠘻	wu2
𠙁	chang2
𠙂	cong2
𠙆	ju4
𠙎	shu1
𠙔	jiu4
𠙕	wei2
𠙞	huo4
𠙤	jie1
𠙬	zao3
𠙼	gua3
𠚃	hao2
𠚄	li3
𠚅	zhi4
𠚆	xian4
𠚉	bu1
𠚊	chang4
𠚓	yun1
𠚔	he2
𠚜	tao1
𠚠	biao1
𠚥	diao1
𠚧	er4
𠚨	jiu1
𠚭	di4
𠚮	yi4
𠚯	kun1
𠚱	zhe2
𠚳	kuo4
𠚴	zhou1
𠚵	ju4
𠚹	shan4
𠚺	sha4
𠚻	diao1
𠚼	ban1
𠚽	ji1
𠛀	zhong1
𠛃	yi2
𠛅	kou1
𠛆	wu1
𠛊	ge1
𠛋	ba1
𠛎	gou1
𠛑	xian2
𠛒	gua1
𠛓	liu3
𠛔	chi3
𠛕	guai1
𠛖	chuan1
𠛘	li2
𠛙	cu4
𠛚	shua1
𠛡	bi3
𠛥	bing3
𠛦	li4
𠛩	jiu3
𠛪	tiao1
𠛫	duo3
𠛭	yan1
𠛮	quan1
𠛱	lie4
𠛳	ke4
𠛵	gen1
𠛶	zhen1
𠛸	fen2
𠜁	yi2
𠜃	jiu4
𠜄	xu4
𠜅	jiao3
𠜈	lv4
𠜉	jiu3
𠜋	chou3
𠜎	xian4
𠜐	kuai4
𠜑	dui4
𠜖	luo1
𠜗	xi1
𠜘	qin4
𠜙	bu4
𠜤	qia4
𠜱	pi1
𠜲	ya1
𠜳	beng1
𠜴	guo3
𠜵	gua1
𠜹	ju2
𠜼	qia1
𠜾	jue2
𠝄	li4
𠝐	hua1
𠝑	jiao1
𠝘	qia4
𠝚	zha2
𠝛	qia1
𠝝	zhe2
𠝞	cha1
𠝟	ying3
𠝢	yan1
𠝤	chong1
𠝨	chi3
𠝪	wan1
𠝬	sou1
𠝲	kan3
𠝳	yuan2
𠝽	chou2
𠝿	suo3
𠞀	tu1
𠞃	zhe2
𠞄	ti1
𠞆	wu1
𠞈	da1
𠞉	li4
𠞊	cha1
𠞕	rong2
𠞖	gong4
𠞗	que4
𠞙	li2
𠞞	tao1
𠞤	li4
𠞧	mi2
𠞩	chi4
𠞬	gun4
𠞭	lou2
𠞮	chuang3
𠞯	suo3
𠞰	jiao3
𠞱	jin4
𠞵	fa2
𠞶	zhai1
𠞾	jin4
𠞿	cui4
𠟂	ceng4
𠟃	zun3
𠟅	zhao4
𠟈	pie1
𠟉	zhan3
𠟊	xi1
𠟋	yao4
𠟌	fu3
𠟍	chong1
𠟓	cui4
𠟗	gua1
𠟣	ji1
𠟦	se4
𠟧	zhan1
𠟨	ling4
𠟩	se4
𠟪	ye4
𠟰	ju1
𠟶	tu1
𠟺	ru2
𠟻	ze2
𠟼	huan2
𠠁	xian3
𠠃	qian1
𠠄	zhao4
𠠋	can2
𠠎	kuo4
𠠏	li4
𠠐	rou2
𠠔	du2
𠠗	lie4
𠠜	ying1
𠠝	li4
𠠠	du2
𠠢	ling2
𠠪	wan1
𠠯	die2
𠠳	jiu1
𠠵	li4
𠠶	ku1
𠠷	keng1
𠠹	zhen3
𠡀	he4
𠡂	bi4
𠡄	pi1
𠡊	hang1
𠡑	zhuo2
𠡒	dui3
𠡔	yi4
𠡜	ke4
𠡝	yi4
𠡞	mo4
𠡠	chi4
𠡡	can2
𠡣	geng3
𠡤	ke4
𠡥	shi4
𠡭	ling2
𠡮	beng1
𠡱	duan4
𠡶	juan1
𠡷	nao3
𠡸	zi3
𠡻	zong4
𠢃	tang2
𠢆	xia2
𠢇	han4
𠢌	lve4
𠢍	qian2
𠢓	mo4
𠢔	ou1
𠢕	hao2
𠢙	zha2
𠢚	juan4
𠢛	cong2
𠢠	li4
𠢡	zha2
𠢢	you3
𠢣	dian4
𠢤	jue2
𠢥	bei4
𠢩	yao3
𠢪	pie1
𠢱	jin4
𠢲	kai3
𠢳	se4
𠢴	yang3
𠢵	jin4
𠢹	ke4
𠣄	chan1
𠣇	nian3
𠣉	wan4
𠣊	lv4
𠣐	yun2
𠣑	yao1
𠣒	bao1
𠣕	jun1
𠣖	xuan2
𠣘	zhou1
𠣠	kui4
𠣪	qu2
𠣫	shao4
𠣬	sun3
𠣰	du1
𠣲	kuai3
𠣳	pao4
𠣺	bao4
𠣾	fu4
𠣿	jiu4
𠤀	ran2
𠤄	ju1
𠤊	qiong2
𠤍	zhou1
𠤎	hua4
𠤏	bao3
𠤕	yi2
𠤗	yi2
𠤘	yi2
𠤝	mao4
𠤦	ruan3
𠤫	ci2
𠤮	han2
𠤰	cong2
𠤴	xi4
𠤹	quan2
𠤺	tiao2
𠤼	diao4
𠤾	han2
𠥇	ye3
𠥍	e1
𠥎	wei2
𠥐	cang1
𠥑	diao4
𠥕	e4
𠥖	di4
𠥘	suan3
𠥙	quan2
𠥜	e4
𠥝	ou1
𠥞	xuan2
𠥢	wu3
𠥦	yi4
𠥨	mou2
𠥰	hu1
𠥴	han2
𠥿	shi2
𠦃	sa4
𠦈	bi4
𠦊	han2
𠦋	jing4
𠦌	xi4
𠦎	qin4
𠦏	cuo2
𠦐	ci4
𠦒	ban1
𠦗	dui1
𠦜	xi4
𠦧	zhi1
𠦨	luan4
𠦪	hu1
𠦫	ji2
𠦬	guai1
𠦲	pang1
𠧀	zhu1
𠧅	bi3
𠧇	yu2
𠧒	qi3
𠧕	he2
𠧖	chu3
𠧙	shao4
𠧚	chi4
𠧛	bo2
𠧟	reng2
𠧠	you2
𠧤	nai3
𠧩	hui4
𠧪	tiao2
𠧫	ban3
𠧰	xu1
𠧴	you2
𠧵	chi4
𠧿	heng2
𠨃	wai4
𠨆	xie4
𠨊	jue2
𠨌	sui1
𠨍	qing1
𠨎	zhuan4
𠨕	ji4
𠨘	bi4
𠨚	xi1
𠨠	ji2
𠨢	jun4
𠨥	liao2
𠨦	you1
𠨭	ju2
𠨲	yue4
𠨵	bang4
𠨸	pi2
𠨻	ze4
𠨾	yi4
𠨿	di3
𠩂	qie4
𠩄	suo3
𠩆	ci4
𠩈	zhu4
𠩉	yue4
𠩏	jiao1
𠩔	shi2
𠩗	yi2
𠩘	xia2
𠩠	yuan2
𠩥	guo2
𠩧	ke4
𠩪	cui4
𠩫	yi4
𠩵	li4
𠩷	dian3
𠩺	xi1
𠩿	bi4
𠪂	bian3
𠪃	mei2
𠪄	li4
𠪇	sou3
𠪐	liu2
𠪑	gui4
𠪒	ke4
𠪗	yi2
𠪙	xi3
𠪚	yin2
𠪟	ke4
𠪣	she4
𠪧	wo3
𠪮	pi4
𠪶	yue4
𠪷	hong2
𠪺	li4
𠪻	fu4
𠫃	jue2
𠫄	xian1
𠫉	dian1
𠫌	li4
𠫓	tu1
𠫘	jian1
𠫛	bai3
𠫜	di4
𠫝	zhang3
𠫣	yu4
𠫨	dui4
𠫭	can1
𠫮	tu2
𠫶	tan1
𠫷	ji2
𠫸	qi2
𠫹	shan4
𠫺	nian2
𠬆	guan4
𠬈	bi3
𠬋	xing1
𠬓	zhen3
𠬙	sa1
𠬛	mo4
𠬝	fu2
𠬢	tao1
𠬣	bang4
𠬤	yi4
𠬪	biao4
𠬬	xi1
𠬮	jie2
𠬶	jin4
𠬾	qian1
𠭈	si4
𠭉	jing3
𠭋	chi3
𠭗	jing3
𠭥	sui4
𠭯	zha1
𠭰	li2
𠭴	zhuo1
𠭹	bian4
𠭿	tun2
𠮃	bi4
𠮆	fei4
𠮊	de2
𠮌	zhu2
𠮑	ju1
𠮙	yi3
𠮜	ya4
𠮟	chi4
𠮠	gua3
𠮡	zhi3
𠮨	reng2
𠮫	you1
𠮭	bo2
𠮯	ji3
𠮰	pin3
𠮳	ying1
𠮴	yang1
𠮵	mang4
𠮽	long4
𠮾	n4/ng4
𠮿	sa
𠯀	chuan1
𠯂	ci2
𠯃	wu3
𠯄	ren4
𠯈	dai4
𠯉	ji2
𠯋	yi3
𠯍	ran2
𠯐	huo4
𠯑	gua1
𠯓	zhe2
𠯔	pi4
𠯗	za1
𠯘	ban4
𠯙	jie2
𠯜	hou1
𠯟	xian4
𠯠	hui1
𠯩	zha1
𠯪	dai1
𠯫	ge1
𠯭	pi4
𠯯	pian4
𠯰	shi2
𠯱	liang3
𠯲	yue4
𠯳	hu4
𠯴	bian4
𠯷	reng2
𠯹	reng2
𠰄	yi1
𠰅	zhi1
𠰇	jin1
𠰈	weng1
𠰉	chao1
𠰋	qiu1
𠰍	zhu3
𠰏	zha2
𠰐	po3
𠰑	an4
𠰓	he2
𠰕	chu1
𠰖	yan2
𠰚	shi4
𠰛	hu4
𠰜	e4
𠰴	shi2
𠰷	lu2
𠰹	tuo1
𠰺	dai4
𠰻	wai4
𠰼	po1
𠰽	rong3
𠰾	ju1
𠱀	bo1
𠱐	yu3
𠱑	dou1
𠱓	gui3
𠱔	shou4
𠱗	suo1
𠱘	ni4
𠱙	zhou1
𠱚	long4
𠱛	bing3
𠱜	zun4
𠱝	ye4
𠱞	ran3
𠱠	ling2
𠱡	sa4
𠱤	lei3
𠱥	e4
𠱧	zhong4
𠱨	ji3
𠱫	e4
𠱯	zuo4
𠱲	na4
𠱳	yun3
𠲊	xie4
𠲋	zui3
𠲌	shu4
𠲍	diu1
𠲎	fei4/fa
𠲏	ren3
𠲑	bang1
𠲒	han2
𠲓	hong2
𠲔	yi1
𠲖	yi1
𠲙	ke1
𠲚	yi4
𠲛	hui2
𠲜	zheng1
𠲮	jing4
𠲱	ge2
𠲴	nou2
𠲵	qie4
𠲷	die2
𠲹	ji4
𠲺	yi4
𠲻	yi2
𠲽	fu2
𠲾	shuo4
𠲿	shuo4
𠳀	yong3
𠳁	ken3
𠳂	hua2
𠳃	hong4
𠳇	he2
𠳊	he1
𠳋	qian3
𠳌	qia4
𠳎	si4
𠳞	que4
𠳬	jing1
𠳭	ke4
𠳳	ai1
𠳴	lou2
𠳶	tu1
𠳹	chuang2
𠳼	song4
𠳽	cheng2
𠳿	wei1
𠴂	nu3
𠴄	jiu3
𠴇	bin1
𠴡	xiao4
𠴢	sheng1
𠴣	hou3
𠴦	zhu4
𠴨	guan1
𠴩	ji1
𠴫	ji4
𠴭	xi1
𠴯	she4
𠴰	ou3
𠴱	hu2
𠴲	ta4
𠴳	xiao2
𠴵	zao4
𠴸	bo4
𠴹	qi4
𠴺	wa1
𠴻	tuo1
𠴼	dao4
𠴾	na4
𠵠	zhai1
𠵣	ya4
𠵦	wu3
𠵧	zhen2
𠵨	de
𠵩	he1
𠵫	ang1
𠵬	pi2
𠵭	se4
𠵮	fen3
𠵯	gua1
𠵳	po3
𠵷	xuan4
𠵸	han1
𠵹	gang1
𠵺	ba1
𠵻	zong1
𠵼	meng4
𠵾	huo4
𠶧	dian1
𠶨	xi1
𠶫	da4
𠶬	nang4
𠶰	diao1
𠶱	luo4
𠶲	ke4
𠶷	yi4
𠶸	jue2
𠶹	he2
𠶻	ji2
𠶾	he4
𠶿	nie4
𠷀	run3
𠷁	qian2
𠷂	dai4
𠷃	shao1
𠷄	ke4
𠷅	zhu2
𠷇	shi1
𠷈	lv4
𠷉	jia1
𠷊	pian2
𠷋	hou4
𠷌	ji1
𠷍	ta4
𠷎	chou2
𠷏	wo1
𠷐	jing4
𠷑	po1
𠷒	zhai1
𠷓	xin1
𠷖	bian4
𠷙	xu4
𠷞	gu1
𠷟	jie4
𠷢	xian2
𠷸	e2
𠷺	bo2
𠷻	piao1
𠷿	za3
𠸁	pai4
𠸂	tu1
𠸄	ying1
𠸮	xiang3
𠸱	nuo4
𠸲	ge1
𠸳	bo2
𠸴	xie4
𠸸	zhen1
𠸹	yu2
𠸺	ni4
𠹀	xun4
𠹁	wa4
𠹃	ang4
𠹄	han4
𠹅	hong1
𠹆	dan1
𠹈	nuo2
𠹊	cao3
𠹋	ji2
𠹌	neng3
𠹍	yong3
𠹎	xiao1
𠹐	chua3
𠹑	yao4
𠹓	ge2
𠹔	tang2
𠹕	bao4
𠹖	chan3
𠹘	xu4
𠹛	hai2
𠹝	chou2
𠹟	jian3
𠹠	zuo1
𠹤	wei4
𠹥	da1
𠹦	pi1
𠺐	huan4
𠺒	xi1
𠺔	pen4
𠺕	liu1
𠺖	mu3/ying1
𠺗	mie1
𠺘	lang4
𠺙	tui4
𠺚	ban1
𠺝	ge1
𠺟	ku4
𠺢	jia1
𠺣	bo1
𠻍	huan4
𠻏	zu2
𠻐	luo4
𠻗	li2
𠻙	he2
𠻚	mo2
𠻜	shui4
𠻝	shen1
𠻞	kang3
𠻟	chi4
𠻠	ling2
𠻡	luo3
𠻤	yan3
𠻥	zhao4
𠻦	chua3
𠻧	gu3
𠻨	qin3
𠻪	tan2
𠻫	fen4
𠻬	tu2
𠻱	ling2
𠻴	lang3
𠼖	lan2
𠼗	zan4
𠼘	wu4
𠼝	li2
𠼞	a1
𠼟	lve4
𠼠	zhi3
𠼡	chou2
𠼢	jiang4
𠼤	jian1
𠼩	lun2
𠼪	yi2
𠼬	shang1
𠼻	ji1
𠽜	yi4
𠽝	nin2
𠽡	hui4
𠽣	zha1
𠽦	han3
𠽨	yin3
𠽩	bi4
𠽪	an1
𠽫	xia1
𠽬	ni2
𠽰	di1
𠽱	jian3
𠽲	pan2
𠽵	yu4
𠽶	chuai4
𠽷	za1
𠽹	cha2
𠽻	zhe2
𠽼	se4
𠽾	pen1
𠽿	gu1
𠾀	zhe2
𠾆	li2
𠾇	dou1
𠾉	chou2
𠾋	zui3
𠾌	po4
𠾏	she1
𠾐	long2
𠾢	shu4
𠾤	jin4
𠾥	ling2
𠾨	kang1
𠾩	la4
𠾫	xu1
𠾬	jin4
𠾮	chuan1
𠾲	yue4
𠿆	mai3
𠿇	xie4
𠿈	jiu1
𠿉	ji4
𠿋	yue4
𠿏	jian1
𠿑	han2
𠿓	sa4
𠿔	hui4
𠿕	qiao4
𠿗	se4
𠿘	zui3
𠿛	lu3
𠿜	hua4
𠿝	chu1
𠿞	shan3
𠿟	wo4
𠿠	ji2
𠿡	zhuo2
𠿢	xian2
𠿣	yi1
𠿤	guo2
𠿥	kui4
𡀑	zhou1
𡀔	lu4
𡀖	bo1
𡀗	shi2
𡀘	ying4
𡀙	ku1
𡀹	zhi4
𡀺	xie2
𡀽	ye4
𡀾	e4
𡀿	lv4
𡁀	han4
𡁁	ye4
𡁆	luo4
𡁇	chuo4
𡁈	fan4
𡁉	zhi2
𡁊	ying4
𡁋	wen3
𡁌	wa1
𡁍	ai4
𡁎	yu2
𡁑	hua1
𡁓	lie4
𡁔	jing1
𡁕	za2
𡁧	zang1
𡁨	dui4
𡁪	ji4
𡁮	wo1
𡁰	ji2
𡁱	xi1
𡁳	zhan4
𡁴	tuan2
𡂊	yu2
𡂏	lie4
𡂒	zhi4
𡂓	shi1
𡂕	lao3
𡂖	lai4
𡂗	wei3
𡂘	pao2
𡂙	chi2
𡂚	ying3
𡂛	dou4
𡂝	dou4
𡂟	bao4
𡂠	qie4
𡂡	shu4
𡂣	zhi2
𡂩	lie4
𡂫	peng2
𡂭	zhe1
𡂿	ou1
𡃂	xie4
𡃃	ji2
𡃄	lai4
𡃅	ying2
𡃆	ceng1
𡃖	le1
𡃝	lun4
𡃡	long2
𡃢	xi4
𡃦	lin4
𡃩	gui1
𡃳	xing1
𡃷	li2
𡃸	ci1
𡄇	qing3
𡄑	jian1
𡄒	dao4
𡄓	jian3
𡄔	qing4
𡄕	xie4
𡄖	ying4
𡄟	ha2
𡄡	zhe
𡄢	she1
𡄣	mi2
𡄤	huan2
𡄱	cu4
𡄲	ru2
𡄳	sa3
𡄴	huo4
𡄵	yi1
𡄷	di1
𡄹	luan4
𡄻	yi4
𡅂	bo4
𡅃	pang2
𡅄	tan2
𡅅	e2
𡅆	zang1
𡅇	cong2
𡅓	zhai1
𡅕	xi3
𡅖	mang3
𡅘	la4
𡅙	yun4
𡅡	e4
𡅥	die2
𡅭	guan1
𡅱	huan4
𡅵	shi4
𡅶	jian3
𡅹	zhan1
𡅺	ji2
𡅻	huan4
𡆅	wan4
𡆆	luo3
𡆏	dou4
𡆕	lian4
𡆣	nie4
𡆤	nan3
𡆥	jiu4
𡆦	yue4
𡆩	yao1
𡆪	chuang1
𡆮	can3
𡆯	li3
𡆰	dun4
𡆱	nan3
𡆲	nan3
𡆸	ri4
𡆽	yue4
𡇀	you2
𡇂	yin1
𡇄	guo2
𡇈	dang4
𡇑	zhen1
𡇒	mi2
𡇓	die2
𡇖	zhen1
𡇚	kua1
𡇜	han2
𡇝	song4
𡇞	he2
𡇟	ji1
𡇠	zhe2
𡇤	bing3
𡇦	wei2
𡇧	tou1
𡇩	tu2
𡇬	gang1
𡇭	lou2
𡇮	quan2
𡇯	hun4
𡇰	zhuan3
𡇱	que4
𡇳	hong2
𡇵	dang4
𡇶	he2
𡇷	tai4
𡇸	guai1
𡇺	yu4
𡇼	ya4
𡇿	wan1
𡈀	qun1
𡈅	jue2
𡈆	ou1
𡈉	quan1
𡈊	zhi2
𡈍	ling2
𡈎	wu1
𡈏	xin4
𡈐	da2
𡈒	yuan1
𡈓	yuan4
𡈗	mo4
𡈙	you2
𡈛	yuan1
𡈞	wu3
𡈠	zhang1
𡈣	xuan1
𡈦	rao3
𡈧	gun3
𡈨	yu4
𡈮	xia2
𡈯	bian3
𡈰	you2
𡈲	yin1
𡈴	xuan2
𡈵	you2
𡈶	lei2
𡈼	ting3
𡈿	zhen1
𡉄	zai4
𡉅	ga1
𡉆	la2
𡉉	que4
𡉎	ju2
𡉐	chun1
𡉑	da1
𡉒	tun2
𡉓	ai1
𡉗	zi3
𡉚	huang2
𡉛	yi4
𡉩	bao4
𡉪	chi2
𡉭	ri4
𡉴	lu2
𡉷	jie2
𡉸	shi4
𡉺	zuan1
𡊁	yi4
𡊄	fen4
𡊅	fen4
𡊉	mo4
𡊍	shu4
𡊑	xi3
𡊛	ao2
𡊝	pi3
𡊞	ping2
𡊟	po1
𡊠	jia2
𡊡	zhou2
𡊣	qiu1
𡊧	you3
𡊨	tan2
𡊫	rong3
𡊭	mi4
𡊶	yi4
𡊸	rong3
𡊻	lie4
𡊼	qiong2
𡋙	hui2
𡋚	ji4
𡋟	gao4
𡋤	jin4
𡋧	you2
𡋨	cha1
𡋩	de2
𡋪	yin1
𡋬	yu4
𡋭	bei4
𡋯	bo2
𡌔	qiao1
𡌚	cha3
𡌜	xin1
𡌞	chi2
𡌣	zao4
𡌤	kui2
𡌦	fei4
𡌩	ta1
𡌪	guai4
𡌭	duo1
𡌲	gui1
𡌴	zhi2
𡍌	chan3
𡍍	nao3
𡍐	hu2
𡍒	tao2
𡍡	yi4
𡍤	nie4
𡍥	zhai4
𡍦	huan2
𡍨	du4
𡍪	qi4
𡍫	ce4
𡍮	chui2
𡍲	da1
𡍶	zhi4
𡍷	geng4
𡍻	weng4
𡎉	du4
𡎍	chi2
𡎑	an4
𡎒	kuo4
𡎔	wo4
𡎘	ying1
𡎫	zha2
𡎬	zhua3
𡎮	su4
𡎳	ni4
𡎺	zhu2
𡎻	chan2
𡎾	beng4
𡎿	ni2
𡏀	zhi2
𡏁	hui4
𡏘	xia4
𡏚	zhi4
𡏛	xi1
𡏞	jiang3
𡏩	dui1
𡏪	fu1
𡏭	jiao1
𡏮	chao2
𡏯	bai4
𡏵	lie4
𡏼	ao2
𡐋	zao1
𡐌	chu4
𡐏	tuo3
𡐒	hao2
𡐔	yin2
𡐖	xian4
𡐝	fu4
𡐞	bie1
𡐠	kui1
𡐤	qie4
𡐥	sa4
𡐿	da1
𡑀	ye3
𡑄	zhang3
𡑆	liang2
𡑈	dui3
𡑍	lao2
𡑎	xun1
𡑘	zhi4
𡑚	ku1
𡑞	sui4
𡑟	wo1
𡑣	ku1
𡑯	jian3
𡑶	jiang3
𡑻	zhui4
𡑽	shuang3
𡑾	yu2
𡒁	sa4
𡒃	yu4
𡒄	lan3
𡒊	yu4
𡒌	qian3
𡒍	ju4
𡒏	lie4
𡒒	shu2
𡒓	xian4
𡒖	gai4
𡒢	tai2
𡒧	tian3
𡒯	meng4
𡒱	di2
𡒳	mian2
𡒾	hui1
𡓉	duo4
𡓍	lie4
𡓒	lai4
𡓓	yin2
𡓔	lan3
𡓖	jiao1
𡓘	huo4
𡓣	guo1
𡓦	zhan4
𡓭	mi3
𡓰	kui1
𡓷	duo4
𡓿	yin2
𡔇	lei4
𡔕	gong4
𡔛	ting3
𡔜	yao2
𡔞	wang3
𡔣	jie2
𡔨	xiu1
𡔪	shu4
𡔱	wei4
𡔴	yu4
𡕁	zhan1
𡕉	ang1
𡕏	sang3
𡕐	chou2
𡕒	kua4
𡕖	ju3
𡕗	hai4
𡕢	mian3
𡕧	hang4
𡕪	chou2
𡕮	ling2
𡕰	zong1
𡖉	kun1
𡖌	zhong1
𡖎	zhao1
𡖐	die3
𡖑	gou3
𡖒	yun2
𡖓	dan1
𡖔	nuo3
𡖛	bing3
𡖝	ran2
𡖞	chan1
𡖢	rong3
𡖣	yin1
𡖤	chan1
𡖧	zhi4
𡖪	guai4
𡖫	nuo2
𡖬	shen1
𡖯	su4
𡖲	wo3
𡖳	chi3
𡖺	mie4
𡖻	zhi2
𡖾	qi1
𡗁	gou1
𡗆	lou3
𡗈	zi1
𡗍	dang3
𡗏	xian3
𡗑	rou3
𡗗	peng3
𡗞	xi1
𡗢	kua1
𡗤	gui4
𡗥	chun2
𡗦	jie4
𡗲	jie4
𡗳	xi1
𡗵	ku1
𡗷	gu1
𡗸	zha4
𡗹	fan4
𡗼	xie4
𡘍	huan2
𡘏	niao3
𡘐	xi4
𡘛	cu1
𡘝	gun3
𡘡	xi1
𡘧	qia2
𡘪	mang1
𡘭	zhe2
𡘰	juan4
𡘴	bie1
𡙀	bie1
𡙅	quan2
𡙋	xi4
𡙎	jiao3
𡙐	quan2
𡙑	zhi3
𡙒	tian1
𡙓	kai1
𡙘	san3
𡙛	zi1
𡙣	jie2
𡙪	bie2
𡙬	dou4
𡙭	zui1
𡙶	yan3
𡚁	bi4
𡚅	kuai3
𡚇	yan4
𡚈	wei2
𡚊	huan1
𡚌	hao4
𡚑	gong1
𡚔	meng2
𡚗	lei3
𡚙	di4
𡚛	bing3
𡚜	huan1
𡚟	wa1
𡚠	jue2
𡚨	chi4
𡚭	ba1
𡚮	jiu3
𡚷	di4
𡚹	zhang4
𡚻	da4
𡚼	shi2
𡚽	hao4
𡛌	ye4
𡛗	bi4
𡛘	pi3
𡛙	yao3
𡛜	di1
𡛝	can4
𡛞	pin2
𡛟	yue4
𡛠	qie1
𡛡	pi1
𡛵	tuo3
𡛶	xie4
𡛽	ye4
𡜀	fan4
𡜁	gua1
𡜂	hu4
𡜃	ru3
𡜉	ran3
𡜊	fou3
𡜋	huang1
𡜚	ru2
𡜢	mao3
𡜥	dui1
𡜦	hui4
𡜧	xi4
𡜨	xiu1
𡜫	ran3
𡜬	yi1
𡜯	zhe2
𡜱	ji4
𡜲	gao4
𡜳	you4
𡜵	pu1
𡝈	chu4
𡝉	cu1
𡝊	zhe2
𡝋	niao3
𡝍	qie4
𡝐	cha2
𡝒	niao3
𡝓	sui1
𡝙	cha2
𡝚	cheng2
𡝛	yao2
𡝜	du4
𡝝	wang1
𡝟	nian4
𡝠	mi2
𡝦	nou3
𡝧	xi4
𡝩	yao1
𡝫	chan1
𡞋	can1
𡞘	xie4
𡞙	mie4
𡞚	keng3
𡞜	cu4
𡞞	sheng3
𡞟	pan4
𡞠	hu4
𡞢	ke4
𡞣	xian4
𡞥	hou2
𡞦	qiong2
𡞧	zong1
𡞪	fu2
𡞫	nai4
𡞭	ni4
𡞯	ku3
𡞾	nen4
𡟍	ge1
𡟑	hou2
𡟓	ai1
𡟕	shi1
𡟞	xiu1
𡟟	cong1
𡟠	jiao1
𡟢	zha2
𡟣	xiao1
𡟤	lian4
𡟥	qu3
𡟨	shan3
𡟩	xie4
𡟫	gong4
𡟬	mie4
𡟭	chai2
𡟯	en1
𡟳	dou4
𡠆	kou4
𡠊	tiao2
𡠋	shi1
𡠏	sang1
𡠒	guan1
𡠖	hao4
𡠗	zhi4
𡠘	yang4
𡠙	tong1
𡠚	bi4
𡠜	mo2
𡠞	fu2
𡠟	zhu2
𡠥	qiang2
𡠹	zhi4
𡠼	sou1
𡠿	niao3
𡡀	juan4
𡡂	yang4
𡡄	huang1
𡡈	beng1
𡡉	mo2
𡡊	chao2
𡡎	lv3
𡡏	shao1
𡡐	bu3
𡡑	zeng1
𡡒	si1
𡡔	zui4
𡡕	yue1
𡡖	zan1
𡡗	luan3
𡡥	qu2
𡡺	miao3
𡢀	zhuan4
𡢈	dang4
𡢊	yuan1
𡢒	ju3
𡢕	hui3
𡢖	qi4
𡢘	yun4
𡢚	man4
𡢜	mo3
𡢱	piao1
𡢳	jin4
𡢹	yao1
𡣀	chi4
𡣁	ni4
𡣂	sou1
𡣈	shu4
𡣋	piao1
𡣔	han4
𡣠	yao1
𡣢	nei2
𡣪	shi4
𡣬	yuan1
𡣮	cai4
𡣯	jie2
𡣹	xie4
𡣽	yan2
𡣾	xiao1
𡤋	xie4
𡤌	li4
𡤎	fan4
𡤗	zhu4
𡤙	na4
𡤛	zhuan3
𡤞	kui1
𡤢	luo2
𡤫	qia1
𡤶	wan1
𡤽	shu3
𡤿	cheng4
𡥁	yi4
𡥆	hao3
𡥈	jiao4
𡥋	hui4
𡥍	xiao4
𡥎	ci2
𡥞	ji4
𡥦	ni3
𡥧	jin4
𡥨	ni3
𡥩	ti3
𡥶	ju4
𡥸	ming4
𡥽	li2
𡥿	zhong4
𡦁	xu4
𡦃	qiong2
𡦄	fu2
𡦆	bin4
𡦊	ji4
𡦍	qi2
𡦎	xi4
𡦔	deng4
𡦕	er2
𡦛	shu2
𡦜	tong2
𡦝	xiao2
𡦟	pi2
𡦨	dan3
𡦪	ji2
𡦳	xiao4
𡦷	cong2
𡦻	bin1
𡦼	rong3
𡧍	mian4
𡧒	mian4
𡧔	shu1
𡧕	xiao2
𡧖	bao3
𡧗	wa4
𡧙	pao4
𡧣	gai3
𡧥	hu1
𡧦	heng2
𡧨	zhu2
𡧩	guai1
𡧭	gui4
𡧹	dai4
𡧼	bin1
𡧽	huang3
𡨀	cha2
𡨄	xia4
𡨅	ju2
𡨇	yao3
𡨖	fen3
𡨗	zao4
𡨛	feng1
𡨢	ju1
𡨣	yu4
𡨩	hun1
𡨲	jie2
𡨳	xiong4
𡨵	nai4
𡨻	nou3
𡨽	sheng3
𡨿	yu4
𡩂	huan2
𡩃	geng3
𡩄	wan3
𡩆	tuo2
𡩇	qiao1
𡩘	yin4
𡩚	jia1
𡩡	suo3
𡩣	jie2
𡩤	xi1
𡩥	weng3
𡩩	mang2
𡩶	yang2
𡩸	yao2
𡩽	mang2
𡩾	ou1
𡪁	an2
𡪅	lou4
𡪑	e4
𡪒	zi3
𡪗	e4
𡪙	an4
𡪞	huo4
𡪠	ceng2
𡪰	xiong4
𡪱	ji4
𡪳	zuo2
𡪵	qi2
𡪺	zheng1
𡫀	ji1
𡫁	qi1
𡫂	juan3
𡫃	ning2
𡫟	se4
𡫥	he4
𡫦	rong3
𡫧	qin3
𡫬	ju1
𡫯	li4
𡫵	shi2
𡫸	ni4
𡫹	xian2
𡫺	fu1
𡫽	ru3
𡬁	xiong4
𡬂	gui4
𡬄	ji4
𡬆	meng3
𡬇	fu1
𡬉	sai4
𡬊	yu4
𡬋	jiao4
𡬌	meng4
𡬍	long2
𡬎	qiang1
𡬐	mi2
𡬓	yi2
𡬕	long2
𡬖	han1
𡬗	ni4
𡬘	lao4
𡬙	seng4
𡬜	lin3
𡬞	yu4
𡬥	nuo2
𡬫	wu4
𡬯	bian3
𡬲	bian3
𡬳	xuan1
𡬵	jian1
𡬸	bian3
𡭂	de2
𡭇	zhuan1
𡭋	rong3
𡭐	shuan4
𡭘	jia1
𡭛	hui3
𡭞	zhan1
𡭢	bai4
𡭣	lie4
𡭥	xie1
𡭭	jian3
𡭮	shou3
𡭳	kao4
𡭷	guan1
𡭸	luan4
𡭾	nou3
𡭿	chang3
𡮎	liang2
𡮙	nai4
𡮚	ru3
𡮞	zhi4
𡮦	cao2
𡮰	li4
𡮻	lan2
𡮿	chan1
𡯁	wang1
𡯄	li4
𡯇	wu4
𡯈	pao2
𡯉	you4
𡯋	gan1
𡯏	an1
𡯐	xiu1
𡯑	shui3
𡯒	rui3
𡯘	ban3
𡯙	you2
𡯢	huo2
𡯥	hui1
𡯨	zuo4
𡯩	xiao1
𡯫	mian2
𡯰	ga4
𡯱	yuan3
𡯳	bo4
𡯴	chao4
𡯵	tui3
𡯷	bo4
𡯽	ga4
𡯿	tiao1
𡰀	na2
𡰅	hu2
𡰆	nie4
𡰋	hui2
𡰌	lou3
𡰎	ti2
𡰐	qiao4
𡰑	qiao2
𡰒	zhong3
𡰖	di1
𡰚	lin2
𡰝	quan2
𡰞	zhuan1
𡰠	lei2
𡰢	xie2
𡰥	ren2
𡰨	dang1
𡰪	du1
𡰫	nian3
𡰯	shi3
𡰲	xian2
𡰹	zhi2
𡰽	ai4
𡰾	ci1
𡰿	pu2
𡱁	shi3
𡱅	qu1
𡱆	shu3
𡱇	dian1
𡱉	xiao3
𡱊	shui3
𡱌	huan2
𡱐	yi2
𡱑	juan1
𡱔	zhi3
𡱜	zhao4
𡱣	xu4
𡱯	long4
𡱱	zhu4
𡱳	suo3
𡱷	die2
𡱺	qu2
𡱼	ke4
𡱽	hu1
𡱾	ju1
𡲀	qing3
𡲍	bing1
𡲕	ti4
𡲗	jue2
𡲚	qiu2
𡲣	jiang4
𡲪	yun4
𡲭	mei4
𡲮	pi1
𡲰	qu2
𡲼	mi4
𡲿	ti4
𡳂	kai4
𡳄	bi3
𡳆	qu1
𡳏	tiao1
𡳑	chu4
𡳘	ju2
𡳚	xi1
𡳞	lin4
𡳭	chi3
𡳮	ji1
𡳴	lu2
𡳸	li4
𡳾	jue2
𡴅	zhu1
𡴆	lu4
𡴎	nie4
𡴔	quan2
𡴭	ya4
𡴯	e4
𡴱	hu4
𡵀	mang2
𡵉	wu4
𡵌	cha1
𡵑	qin1
𡵒	jie2
𡵓	hong2
𡵕	dan1
𡵖	en3
𡵗	ze4
𡵘	hu4
𡵙	ang4
𡵚	jie4
𡵛	fu4
𡵜	yong4
𡵝	zong1
𡵞	feng1
𡵬	mu4
𡵶	se4
𡵷	cong2
𡵻	kang1
𡶂	yao4
𡶃	ai4
𡶄	bao1
𡶆	po3
𡶈	shi3
𡶉	fan4
𡶋	ju2
𡶌	pi2
𡶎	wei4
𡶏	ku1
𡶐	qie2
𡶑	gan1
𡶢	kuang4
𡶣	sui4
𡶤	beng1
𡶥	jia1
𡶦	ya4
𡶪	kan4
𡶫	nie4
𡶭	xing2
𡶯	xi4
𡶱	lin4
𡶲	duo3
𡶴	chan3
𡷈	shi4
𡷋	dui4
𡷍	jiang1
𡷎	yu3
𡷏	lu4
𡷐	en3
𡷓	gu3
𡷕	wei3
𡷖	che1
𡷗	huan4
𡷘	bie2
𡷛	han4
𡷜	tui2
𡷝	na4
𡷞	qi3
𡷠	tou2
𡷡	yuan1
𡷢	wang2
𡷤	wu2
𡷥	gao4
𡷨	keng1
𡷪	yi2
𡷸	xiao1
𡷺	gui3
𡷻	ya4
𡷼	sui4
𡷽	song3
𡷿	zhuo2
𡸂	tu1
𡸃	xian3
𡸈	ze4
𡸉	li4
𡸌	zhu4
𡸎	jie2
𡸑	ti4
𡸔	xie2
𡸕	qiong2
𡸗	ya4
𡸘	ju1
𡸛	yin2
𡸜	zhi2
𡸞	kan3
𡸟	zi1
𡸡	ke1
𡸣	nie4
𡸤	qiang2
𡸥	wan3
𡸦	ze2
𡸨	ju1
𡸪	zi4
𡹄	ya4
𡹇	lin2
𡹉	qi2
𡹎	hui2
𡹓	qi4
𡹕	yang2
𡹖	sui4
𡹘	qi3
𡹙	gui1
𡹢	qin4
𡹣	e1
𡹥	zuo4
𡹨	ze4
𡹩	qi4
𡹪	ji2
𡹬	tuo2
𡹭	die2
𡹯	hui4
𡹰	mao2
𡹲	xu3
𡹵	hou2
𡹶	yan3
𡹷	xiang2
𡹸	cong1
𡹹	hu2
𡹼	an4
𡹾	bing3
𡺃	qiang1
𡺇	duo3
𡺐	zhu3
𡺑	die2
𡺒	you1
𡺓	qi3
𡺔	shi2
𡺕	xun1
𡺖	you1
𡺗	kan1
𡺘	qiao3
𡺛	qiang1
𡺜	pen2
𡺟	quan2
𡺡	ying2
𡺧	sha1
𡺫	tao1
𡺭	hong4
𡺮	pi3
𡺯	yao2
𡺴	tu2
𡺵	chai2
𡺷	xia4
𡺸	qi2
𡺺	qiong2
𡺽	jin4
𡻈	zhen1
𡻌	zhu1
𡻎	xi1
𡻐	weng1
𡻑	zhong3
𡻕	sui4
𡻘	ke1
𡻙	kuo4
𡻚	kang3
𡻝	chao2
𡻞	bi4
𡻟	mo4
𡻠	zhu4
𡻡	han4
𡻢	yu3
𡻣	yi2
𡻤	ma2
𡻧	qi4
𡻨	gun4
𡻩	man4
𡻪	liao2
𡻫	lin2
𡻬	zu2
𡻭	lei3
𡻮	hu4
𡻯	chuang3
𡻰	qi4
𡻱	lei2
𡼁	chi1
𡼃	po2
𡼄	die2
𡼊	lei3
𡼎	yi3
𡼓	dian4
𡼖	dun1
𡼗	gao1
𡼘	hu1
𡼚	xiao1
𡼛	ga2
𡼜	peng1
𡼬	shen3
𡼱	wei2
𡼻	dui4
𡼼	chao2
𡼽	yin3
𡼾	kuai4
𡼿	ku1
𡽁	zui4
𡽂	gu3
𡽅	yun4
𡽆	zhi4
𡽉	ji4
𡽊	cheng1
𡽖	xie4
𡽗	xian3
𡽛	zui3
𡽜	an2
𡽝	hao1
𡽠	po3
𡽢	di2
𡽣	ye4
𡽧	nao2
𡽱	jie2
𡽲	bang4
𡽳	lan3
𡽴	cang2
𡽶	bi4
𡽻	zhan3
𡽼	qi4
𡾂	nao2
𡾅	lv4
𡾇	kuang4
𡾉	mo2
𡾋	lei3
𡾌	pao2
𡾒	li4
𡾓	ceng2
𡾕	dang4
𡾖	lei3
𡾙	e4
𡾛	beng4
𡾜	jue2
𡾥	xuan2
𡾦	nie4
𡾨	hai4
𡾮	xian3
𡾰	jian3
𡾱	mi2
𡾲	nie4
𡾻	cang2
𡾼	song3
𡾽	zeng1
𡾾	yi4
𡿂	chong2
𡿄	cang2
𡿉	lei3
𡿊	nuo2
𡿋	li4
𡿎	li2
𡿏	luo2
𡿓	tang3
𡿖	nie4
𡿗	nie4
𡿙	ji1
𡿛	lei3
𡿝	nang4
𡿠	lin2
𡿡	ling2
𡿤	xian2
𡿥	yu4
𡿧	zai1
𡿨	quan3
𡿩	lie4
𡿪	lie4
𡿯	yu4
𡿰	huang1
𡿺	nao3
𡿼	xun4
𡿾	ju2
𡿿	huo4
𢀁	yi4
𢀊	xi1
𢀋	se4
𢀌	jiao3
𢀍	yong1
𢀕	shi1
𢀖	jing1
𢀗	wan4
𢀘	ye3
𢀙	jiu1
𢀜	gong3
𢀡	hui1
𢀪	er3
𢀵	han4
𢀼	fu2
𢁀	fu2
𢁁	zhuo2
𢁂	ji1
𢁏	bang1
𢁒	qi2
𢁓	shi3
𢁕	diao3
𢁖	pei4
𢁗	xian3
𢁘	san1
𢁝	chang2
𢁞	yue1
𢁠	gong1
𢁢	wu1
𢁤	fen1
𢁧	chan3
𢁩	nei4
𢁪	jue2
𢁬	zhao3
𢁮	qian2
𢁱	ao3
𢁶	wang3
𢁷	zhong1
𢁹	huang1
𢁻	bu4
𢁼	zhu3
𢁽	bi4
𢁾	chao1
𢁿	zheng1
𢂀	fu2
𢂁	kou1
𢂃	zuo2
𢂄	xuan4
𢂆	fu4
𢂊	yao3
𢂍	bo1
𢂏	bei4
𢂐	xie2
𢂑	shi4
𢂒	yi2
𢂔	hong2
𢂕	cui4
𢂗	yi4
𢂘	zhuan1
𢂝	chi4
𢂤	po1
𢂨	yin2
𢂱	yuan4
𢂶	jiong1
𢂹	mao4
𢂺	qian4
𢂼	yi4
𢃀	wu2
𢃍	bei1
𢃎	huo4
𢃏	cong2
𢃐	kong1
𢃕	ta4
𢃗	han4
𢃘	qian4
𢃜	zhi2
𢃢	se4
𢃥	qian1
𢃦	guo3
𢃩	gun3
𢃬	jian1
𢃭	zhong1
𢃮	mian3
𢃯	gui3
𢃰	shi4
𢃱	mou2
𢃲	e4
𢃳	ba3
𢃴	la4
𢃸	zhou4
𢃺	ji2
𢄀	zao3
𢄄	zha1
𢄅	yi4
𢄇	gou3
𢄊	gui1
𢄋	ying1
𢄌	shai3
𢄍	he2
𢄎	bang4
𢄏	mo4
𢄐	meng2
𢄓	wu4
𢄔	dai4
𢄗	jiong3
𢄜	han4
𢄟	tong1
𢄠	kou1
𢄡	li2
𢄢	zhi4
𢄣	hui4
𢄤	zan3
𢄦	diao3
𢄧	cu4
𢄱	zhi4
𢄳	kua3
𢄵	xiang4
𢄶	hua4
𢄷	liao2
𢄸	cui4
𢄹	qiao1
𢄺	jiao3
𢄼	xu1
𢄽	er4
𢄿	tuo1
𢅀	tan2
𢅁	zhi4
𢅈	nao3
𢅉	mao4
𢅊	di4
𢅋	ceng2
𢅎	jiao3
𢅏	lian2
𢅑	sha1
𢅒	dan4
𢅕	sui4
𢅖	lian2
𢅗	guo4
𢅚	biao3
𢅜	ci4
𢅝	dian4
𢅞	lv4
𢅟	ni3
𢅠	yan3
𢅡	lan2
𢅤	gai4
𢅥	chu2
𢅩	bi4
𢅪	zu2
𢅫	hui4
𢅭	lai3
𢅮	xian2
𢅯	fen4
𢅰	he4
𢅹	yao4
𢅺	zhan3
𢅼	nei2
𢅾	luo3
𢆀	yuan2
𢆂	neng2
𢆉	ren3
𢆜	ge2
𢆞	jian3
𢆟	ping2
𢆣	bie4
𢆦	jian4
𢆩	bing4
𢆯	mi4
𢆰	hu4
𢆴	diao3
𢆶	you1
𢆷	yao1
𢆸	beng1
𢆺	chen2
𢆻	ji1
𢆽	yao1
𢇇	guan1
𢇈	yan4
𢇕	chi3
𢇗	sha4
𢇘	yan3
𢇙	yi4
𢇚	yi4
𢇛	che4
𢇞	han4
𢇟	huang1
𢇤	shui4
𢇥	sui4
𢇦	ren2
𢇧	tan2
𢇨	zhi3
𢇪	fan4
𢇫	feng3
𢇰	tan2
𢇲	mi2
𢇳	pi2
𢇴	bu4
𢇵	na4
𢇶	tian2
𢇷	ba2
𢇸	yi4
𢈂	yan3
𢈄	tiao1
𢈆	yao2
𢈇	shen3
𢈈	ke1
𢈉	tong2
𢈋	xuan3
𢈓	you4
𢈕	bai4
𢈙	xia2
𢈚	lv3
𢈛	kun4
𢈜	zang1
𢈝	qiu2
𢈠	cu4
𢈡	zui1
𢈢	lou3
𢈤	xia2
𢈯	shen1
𢈲	pu2
𢈴	jing1
𢈵	qiang1
𢈶	yi4
𢈸	nie4
𢈹	dui1
𢈻	jie2
𢈼	sui4
𢈽	zhan4
𢈾	cou1
𢉁	beng1
𢉂	guan1
𢉃	she3
𢉅	jin4
𢉆	di4
𢉑	dan1
𢉓	nai3
𢉕	nou2
𢉗	ji2
𢉘	yan2
𢉚	nou4
𢉜	du4
𢉝	wei4
𢉞	pian1
𢉢	hu2
𢉤	jia4
𢉥	ye4
𢉦	jun3
𢉧	lan2
𢉨	la4
𢉩	yin1
𢉭	tui2
𢉵	nao3
𢉺	zu3
𢉿	ma4
𢊀	si1
𢊁	zhi4
𢊄	hui1
𢊅	zhui4
𢊇	hui4
𢊍	chu2
𢊏	che4
𢊒	xiu1
𢊓	lan2
𢊕	cong1
𢊖	shen4
𢊗	mo4
𢊘	yi1
𢊙	yao2
𢊚	xi3
𢊛	zui3
𢊜	bing4
𢊧	yu2
𢊩	lu4
𢊮	tui2
𢊯	wei3
𢊱	fen2
𢊲	shen3
𢊻	liao2
𢋂	shu3
𢋃	dan3
𢋄	juan3
𢋅	yu2
𢋆	xin4
𢋇	yao2
𢋈	su1
𢋒	huo2
𢋔	qian1
𢋚	ma2
𢋝	kai3
𢋡	lu3
𢋣	you1
𢋮	xian4
𢋹	wu2
𢋻	yin3
𢋼	xi1
𢋿	zhai1
𢌀	xie4
𢌄	qu2
𢌈	li2
𢌍	qian1
𢌔	ling2
𢌕	luan2
𢌚	chan1
𢌦	zheng4
𢌨	yan2
𢌲	yin4
𢌳	kui2
𢌷	qu1
𢌹	fu2
𢌻	yu4
𢍁	qi2
𢍆	qi4
𢍇	ji4
𢍈	yuan1
𢍎	gao4
𢍏	juan4
𢍑	qi2
𢍓	gai3
𢍕	quan4
𢍚	wei4
𢍧	zhi4
𢍫	jian3
𢍭	si4
𢍰	yi4
𢍱	qian1
𢍼	li4
𢍿	zang1
𢎀	yi4
𢎂	cai2
𢎃	yi4
𢎄	ge1
𢎆	die2
𢎈	zhi1
𢎉	yi4
𢎋	zai1
𢎌	dai4
𢎎	su4
𢎔	jie2
𢎕	chen4
𢎖	qu2
𢎘	han4
𢎙	xian2
𢎠	quan2
𢎡	jie2
𢎥	juan4
𢎪	dan4
𢎭	jin1
𢎴	bing1
𢎵	hu2
𢎹	jue2
𢎻	yu2
𢏃	li3
𢏄	qiang2
𢏅	shui3
𢏆	ku1
𢏈	zhen3
𢏍	fu2
𢏎	shen1
𢏒	chui2
𢏕	tong2
𢏗	yi4
𢏙	yang2
𢏜	tuo2
𢏝	zhou1
𢏞	ji2
𢏤	xun4
𢏦	shen3
𢏧	xuan1
𢏭	liu2
𢏮	yuan1
𢏯	hu2
𢏰	zheng4
𢏳	peng1
𢏷	jue2
𢐂	zhi4
𢐃	pian1
𢐄	yuan4
𢐆	jian1
𢐊	pang2
𢐎	zhuan4
𢐐	xian2
𢐒	beng1
𢐔	cong1
𢐖	mo4
𢐚	guo2
𢐞	cheng2
𢐟	qiao1
𢐦	bi4
𢐩	qiang3
𢐫	zhou1
𢐲	fan2
𢐳	bie1
𢐾	bo2
𢐿	rong3
𢑅	ding3
𢑆	quan2
𢑇	jiu4
𢑈	yao2
𢑓	xia2
𢑖	zao3
𢑝	dan1
𢑟	wu3
𢑠	tuo2
𢑢	hu1
𢑧	xi1
𢑬	lai2
𢑮	fei1
𢑹	hu2
𢒆	xian1
𢒉	shan3
𢒍	fei4
𢒐	cuo4
𢒒	fu2
𢒔	chu4
𢒝	diu1
𢒞	lan4
𢒩	xi3
𢒯	biao1
𢒰	yu4
𢒱	sui4
𢒲	xi3
𢒷	pou2
𢒹	shan3
𢒾	jiao4
𢓀	yi4
𢓃	wan2
𢓄	ji3
𢓆	wan2
𢓇	tui4
𢓋	ang4
𢓍	tian1
𢓎	chi2
𢓒	ran2
𢓔	sa4
𢓕	yin2
𢓖	pi1
𢓗	ci3
𢓘	tong2
𢓙	yin3
𢓜	ge2
𢓝	tiao1
𢓞	zheng1
𢓟	zhou4
𢓡	yi2
𢓢	kua4
𢓣	song1
𢓧	di4
𢓬	xie2
𢓮	xiao1
𢓯	guang4
𢓰	tuo3
𢓱	feng1
𢓲	wu2
𢓵	xiu4
𢓿	you2
𢔁	ling2
𢔂	yan4
𢔅	dong1
𢔆	qi4
𢔇	tao2
𢔈	han2
𢔊	chi2
𢔋	song1
𢔑	quan3
𢔔	han4
𢔟	rou3
𢔠	qi4
𢔡	kai1
𢔢	yu2
𢔣	cha1
𢔤	cheng4
𢔥	yu4
𢔧	bing4
𢔩	cong1
𢔪	zhu1
𢔬	yu4
𢔱	jue2
𢔲	liu4
𢔳	sao1
𢔴	yu4
𢕅	shuai4
𢕋	yuan4
𢕎	zhang1
𢕑	shuai4
𢕓	chu3
𢕔	zhang1
𢕕	san3
𢕖	xian1
𢕘	cui1
𢕙	meng3
𢕚	di2
𢕞	zhi4
𢕟	ao4
𢕦	xiu1
𢕨	pian2
𢕪	jiao4
𢕫	kuan3
𢕬	sa4
𢕭	xian4
𢕮	zha4
𢕯	dian4
𢕷	yi2
𢕺	hui4
𢕻	shan4
𢖄	chong2
𢖅	yi2
𢖆	xie4
𢖇	zhi4
𢖈	tiao4
𢖊	ping1
𢖋	xian2
𢖎	xian1
𢖏	su4
𢖑	cuan2
𢖗	song3
𢖛	hei1
𢖝	xian4
𢖟	you2
𢖡	yu4
𢖤	tai2
𢖦	jue2
𢖧	nang4
𢖩	dian1
𢖫	yi4
𢖬	bi4
𢖳	xu1
𢖴	yi4
𢖵	ru4
𢖷	gong1
𢖺	yi4
𢖿	zhi4
𢗀	xin1
𢗂	ji4
𢗄	xia4
𢗈	zhao1
𢗉	ne4
𢗊	xie4
𢗎	yi4
𢗓	yu3
𢗫	fu3
𢗭	she4
𢗯	yuan2
𢗰	fan3
𢗲	fu1
𢗳	wu4
𢗴	xi1
𢗵	hong3
𢗹	ji4
𢗺	chang4
𢗿	mo4
𢘀	pei4
𢘃	mu2
𢘄	qiu2
𢘅	mao4
𢘇	da2
𢘉	xia2
𢘊	shen1
𢘋	te4
𢘌	hong2
𢘍	bi4
𢘙	long3
𢘝	ni3
𢘟	qiao2
𢘧	ruan3
𢘸	jiang4
𢘹	cha1
𢘺	mi3
𢘽	yi4
𢘿	suo1
𢙁	wu4
𢙂	xuan1
𢙅	xi2
𢙇	yi3
𢙐	nao2
𢙑	mai2
𢙒	xiao1
𢙓	wei4
𢙮	kan4
𢙱	long4
𢙲	lv3
𢙳	zhuang3
𢙺	zhi4
𢙼	xing4
𢙾	geng3
𢙿	jin4
𢚀	xian4
𢚁	ji4
𢚂	cuo4
𢚄	lao2
𢚅	fen3
𢚆	ju4
𢚋	miao4
𢚌	xia2
𢚑	su4
𢚨	zhi4
𢚪	hu4
𢚫	kou4
𢚭	suo3
𢚮	ni4
𢚺	teng1
𢚻	zhu4
𢛁	da2
𢛃	qiu2
𢛄	ya4
𢛆	xian2
𢛉	nei4
𢛍	zhi3
𢛎	bie2
𢛒	chong3
𢛓	lan2
𢛔	dong1
𢛕	qun1
𢛖	xiang4
𢛘	xiao2
𢛙	wan3
𢛚	ru4
𢛛	wang4
𢛜	ni4
𢛞	bai1
𢛟	ya4
𢛥	si1
𢛦	yin3
𢛨	yu4
𢛮	li2
𢛯	huo4
𢜗	bang4
𢜣	xi1
𢜥	jiu1
𢜨	xie4
𢜩	qian1
𢜪	nuo4
𢜫	xing3
𢜬	duo2
𢜭	ji3
𢜮	wu3
𢜯	mu2
𢜰	yan4
𢜱	qi4
𢜲	na2
𢜳	chi4
𢜴	hou2
𢜶	sao4
𢜸	nao2
𢜻	cheng3
𢜼	cheng3
𢜽	kui3
𢜿	jia4
𢝀	tu2
𢝁	hong1
𢝂	du2
𢝅	xia2
𢝆	zhong4
𢝇	huo4
𢝈	chong2
𢝉	da2
𢝌	mao4
𢝍	yao4
𢝓	juan1
𢝬	shi4
𢝯	yin2
𢝳	gu3
𢝴	wu4
𢝸	guo4
𢝹	ti4
𢝻	hu1
𢞇	re3
𢞉	yi2
𢞋	tun3
𢞏	qiong2
𢞐	hai4
𢞒	qi4
𢞕	huo4
𢞖	ti4
𢞗	pi1
𢞚	geng3
𢞜	xie4
𢞞	mi4
𢞟	gao4
𢞠	ta1
𢞡	xiang3
𢞣	shu1
𢞦	fu2
𢞬	zhuan1
𢞭	liu4
𢟅	you2
𢟊	cheng3
𢟋	dui1
𢟢	li2
𢟣	yang4
𢟤	li2
𢟧	lu3
𢟨	mu3
𢟩	sui4
𢟪	ai4
𢟭	kou4
𢟯	zhe2
𢟰	ai4
𢟱	teng2
𢟳	lv4
𢟴	tui2
𢟵	bi1
𢟼	meng2
𢟾	hui4
𢟿	huan2
𢠛	kuo4
𢠝	xin1
𢠡	sao4
𢠫	shu4
𢠬	que4
𢠭	ba1
𢠮	tui4
𢠲	fu4
𢠳	bie1
𢠵	tang3
𢠷	xiang4
𢠹	si1
𢠺	bo2
𢠼	mai2
𢠽	dang4
𢠿	gui4
𢡀	hei1
𢡁	xi1
𢡂	dang4
𢡃	yi4
𢡅	bi1
𢡇	gu1
𢡈	cui4
𢡉	se4
𢡍	ge2
𢡎	yu4
𢡏	na3
𢡑	li4
𢡒	zhi4
𢡰	zhao4
𢡴	ji1
𢡵	ruan3
𢡹	chong4
𢢂	jie2
𢢌	chang4
𢢍	zhe2
𢢒	su4
𢢓	yong1
𢢖	qi4
𢢗	zhuo2
𢢚	kai4
𢢜	ye4
𢢞	qi4
𢢹	xiong4
𢣉	yi1
𢣊	chou3
𢣎	tuan3
𢣏	ai4
𢣐	pin1
𢣓	lie4
𢣔	mian2
𢣕	ai4
𢣗	mo3
𢣘	wei4
𢣙	ying4
𢣚	ni3
𢣞	bo2
𢣠	liu4
𢣳	rui4
𢣵	chu2
𢣻	lv2
𢣼	cha2
𢣿	chu4
𢤁	sao4
𢤂	li2
𢤄	song1
𢤆	li4
𢤋	xi4
𢤍	yan1
𢤎	cuo1
𢤐	liu2
𢤘	meng2
𢤚	zhan4
𢤤	zhuang4
𢤧	miao3
𢤩	li4
𢤫	ju3
𢤯	xie4
𢤰	xie4
𢤱	long3
𢤲	long2
𢥂	teng2
𢥃	zhu4
𢥋	chan2
𢥌	xian3
𢥏	ying2
𢥐	pei4
𢥘	xie2
𢥚	jiao4
𢥞	chong1
𢥳	he1
𢥽	tun3
𢦅	hong3
𢦈	man2
𢦊	jin1
𢦌	qu2
𢦍	dou3
𢦎	qiu2
𢦏	zai1
𢦑	sheng1
𢦒	zai1
𢦕	yi3
𢦚	hua4
𢦟	kan1
𢦰	yue4
𢦱	ni4
𢦲	si1
𢦴	wo3
𢦸	can2
𢦺	jian1
𢦼	mie4
𢦽	shao2
𢦿	rong3
𢧀	gan1
𢧅	qiang2
𢧇	shu2
𢧈	zhuo2
𢧏	shi1
𢧐	zhan4
𢧑	ti4
𢧖	zha2
𢧗	zhan1
𢧝	fen4
𢧞	mie4
𢧠	ze4
𢧤	zhi4
𢧥	qian1
𢧦	han4
𢧧	ge2
𢧮	can2
𢧰	guo2
𢧱	jiao1
𢧳	yong1
𢧴	ao2
𢧻	zha2
𢧽	xi4
𢨁	xu1
𢨂	wu3
𢨏	jue2
𢨐	ji1
𢨒	chi4
𢨔	wan3
𢨖	mie4
𢨗	zei2
𢨜	jie2
𢨝	shi2
𢨟	xi1
𢨡	e4
𢨥	hu4
𢨦	hu4
𢨨	li4
𢨫	chu4
𢨮	yi1
𢨯	mao3
𢨰	xu1
𢨱	zhong1
𢨳	yi4
𢨺	liao2
𢨿	jian1
𢩀	jian3
𢩁	ju2
𢩄	zhu4
𢩈	wu3
𢩏	ke4
𢩐	ke3
𢩑	li4
𢩒	bi3
𢩓	ge2
𢩕	xu1
𢩖	sha1
𢩗	ling2
𢩘	ke1
𢩞	bo2
𢩟	bian1
𢩠	shuan1
𢩡	qi2
𢩢	shan4
𢩦	ji1
𢩨	qiao3
𢩮	yi4
𢩯	jue2
𢩰	zhang3
𢩲	xin4
𢩷	tuo1
𢩸	hai4
𢩹	xia4
𢩻	tuo2
𢩼	yi2
𢪃	cu4
𢪇	jiang1
𢪈	nan2
𢪋	peng3
𢪍	jie2
𢪎	xue1
𢪏	hu2
𢪓	yu2
𢪥	you3
𢪦	nu3
𢪧	ye4
𢪪	yin4
𢪬	kong3
𢪶	xiao1
𢪷	xiang1
𢪼	nao2
𢪾	zhang4
𢫐	jie2
𢫓	nu3
𢫔	shan4
𢫘	lu2
𢫢	jia2
𢫧	zhou3
𢫨	rong3
𢫫	lu4
𢫬	sa4/sha1
𢫭	nu4
𢫯	bo2
𢫰	zhe2
𢫲	qin3
𢫴	ci1
𢫵	zu2
𢫷	wo3
𢫸	wu3
𢫻	nie2
𢫿	xian1
𢬀	hong2
𢬍	ye4
𢬫	ting4
𢬬	jin3
𢬱	jie2
𢬲	he4
𢬳	tu1
𢬴	zhe2
𢬵	pin1
𢬶	jin4
𢬷	nan4
𢬼	dun4
𢬾	xi1
𢬿	xie4
𢭁	xi4
𢭂	lao2
𢭃	duan3
𢭄	ji4
𢭅	cha1
𢭆	chou1
𢭈	gang1
𢭎	xiang2
𢭏	dao3
𢭥	bian4
𢭦	xiao1
𢭧	xin1
𢮁	yu3
𢮂	xian2
𢮃	li2
𢮄	qian3
𢮇	mei3
𢮉	qiao1
𢮊	ya4
𢮌	qia1
𢮍	qiong4
𢮏	bang4
𢮐	zheng1
𢮚	ze4
𢮛	shuan4
𢮞	sao4
𢯅	lu4
𢯉	xie2
𢯋	fu3
𢯌	zhai4
𢯩	ze4
𢯫	duan4
𢯭	deng4
𢯮	yu4
𢯰	lv4
𢯲	wan4
𢯳	xue2
𢯴	jiao3
𢯵	yue3
𢯶	zhi4
𢯷	wei3
𢯹	ge2
𢯺	ju3
𢯼	yan3
𢯽	cuo4
𢯾	mao4
𢰆	fu2
𢰇	ai1
𢰊	xuan1
𢰌	gang1
𢰍	an1
𢰒	ji2
𢰘	pi2
𢰙	zhi3
𢰜	nuo2
𢰿	pan4
𢱁	yi2
𢱄	jie2
𢱆	zi1
𢱈	jia4
𢱉	wai3
𢱌	jia4
𢱟	chan3
𢱡	suo3
𢱢	suo3
𢱣	ji2
𢱤	song3
𢱦	ti1
𢱧	pi1
𢱨	po2
𢱮	mi4
𢱴	ye4
𢱶	qin4
𢱷	jin4
𢱺	jue1
𢱽	yuan1
𢱾	ruan2
𢲔	ban4
𢲰	bin1
𢲴	wei4
𢲵	zao4
𢲶	qie4
𢲷	sou1
𢲸	lu3
𢲼	die2
𢲽	chuai1
𢲾	bi4
𢲿	zhu2
𢳀	ma1
𢳁	fei4
𢳂	pie1
𢳃	yin4
𢳄	xuan4
𢳆	ao4
𢳇	zhuo2
𢳈	zu2
𢳋	bi3
𢳑	lang4
𢳓	ti4
𢳙	tiao3
𢳚	jian1
𢳟	tong3
𢳽	duo1
𢳾	dong4
𢴂	bian3
𢴠	zhi4
𢴢	fen2
𢴦	kang2
𢴧	zhi4
𢴨	zhai1
𢴩	bi4
𢴪	kuan3
𢴬	ban4
𢴭	jue1
𢴮	qu1
𢴰	qi1
𢴱	lei2
𢴲	xie2
𢴳	tang1
𢴼	sou1
𢴾	bei4
𢵇	yang4
𢵈	jian3
𢵥	zao4
𢵮	lu1
𢶀	zhuai4
𢶃	fan2
𢶅	she2
𢶇	qiong2
𢶉	po4
𢶋	tie3
𢶌	sha1
𢶍	za2
𢶑	niao3
𢶒	guai4
𢶓	cui3
𢶡	qiao4
𢶣	die2
𢶳	pin1
𢶴	ci2
𢶶	bang4
𢷍	yin4
𢷑	xian3
𢷔	yi3
𢷕	miao3
𢷖	duan3
𢷗	zhou4
𢷙	kong1
𢷢	zhang1
𢷶	liu2
𢷸	zhi3
𢷹	chan3
𢷺	du2
𢷻	yuan2
𢷾	suo4
𢷿	jie2
𢸀	li4
𢸁	gong3
𢸌	bang1
𢸗	guo2
𢸘	liao2
𢸙	shen3
𢸣	niao3
𢸥	cuan4
𢸦	wei3
𢸨	tuo1
𢸫	su1
𢸭	long2
𢸳	xiao1
𢸴	yan3
𢹃	qing3
𢹍	xi1
𢹏	yu2
𢹑	zheng4
𢹒	xie4
𢹓	chai1
𢹔	fen4
𢹖	guo2
𢹘	jing3
𢹙	lan4
𢹚	xian1
𢹝	ling2
𢹮	lei3
𢹲	jun4
𢹳	xiao4
𢹼	za2
𢺄	guan1
𢺅	qie4
𢺆	luo4
𢺇	yao4
𢺈	luan2
𢺉	ta4
𢺑	luo4
𢺞	ba3
𢺟	chan4
𢺡	zhuo2
𢺫	tiao3
𢺯	wan1
𢺰	ling2
𢺴	yu4
𢺵	qi4
𢺷	qi2
𢺼	ji4
𢺽	bo2
𢺿	shi1
𢻀	fu3
𢻂	gui1
𢻅	dian3
𢻇	hao1
𢻉	gai3
𢻋	qi2
𢻓	cheng2
𢻔	hui4
𢻗	xia2
𢻘	shi2
𢻙	zhi4
𢻚	qi2
𢻜	hai4
𢻟	jiao3
𢻠	li4
𢻢	liao3
𢻤	qiao1
𢻨	sa4
𢻪	qi1
𢻫	shi1
𢻮	jie2
𢻵	bei4
𢻶	bian1
𢻷	ba1
𢻸	jun1
𢻹	pi1
𢻼	dan3
𢻿	tang2
𢼀	kui3
𢼁	ku1
𢼃	kou3
𢼉	shi1
𢼊	shi1
𢼋	ji1
𢼌	bao4
𢼐	ke3
𢼑	kuang1
𢼖	min3
𢼙	liao2
𢼚	e4
𢼛	ge2
𢼟	wang3
𢼠	duo2
𢼣	qia4
𢼤	hua2
𢼦	hong3
𢼩	peng1
𢼫	jiao4
𢼰	qu1
𢼱	zi4
𢼲	zhou4
𢼳	kuang1
𢼵	sha1
𢼷	ji4
𢼸	wei1
𢼹	pu1
𢼺	xue2
𢼼	shao1
𢽂	lang2
𢽃	zhi3
𢽄	ting3
𢽇	da4
𢽕	yang2
𢽖	jin4
𢽗	zhi3
𢽚	zhuo2
𢽜	za2
𢽝	chan2
𢽢	mao4
𢽦	kong1
𢽧	zhou1
𢽨	hu1
𢽩	peng1
𢽭	jiu4
𢽸	chuo4
𢽹	min3
𢽾	xiao4
𢾀	du3
𢾁	wei2
𢾃	can2
𢾄	yu2
𢾅	du4
𢾆	kai1
𢾇	pi4
𢾊	cheng2
𢾎	chun3
𢾐	shao3
𢾑	yan3
𢾒	kuai4
𢾔	yue1
𢾦	qi2
𢾧	zheng1
𢾩	ke4
𢾪	qi2
𢾫	zhi3
𢾬	lu4
𢾱	pi1
𢾲	nuo4
𢾳	pao3
𢾺	fei3
𢾿	wen2
𢿂	meng2
𢿈	shan3
𢿌	xiong4
𢿎	duo4
𢿏	biao4
𢿚	you1
𢿜	man4
𢿞	liao3
𢿡	xie2
𢿢	luan4
𢿣	qiao1
𢿤	deng4
𢿦	cheng2
𢿧	cheng2
𢿭	chuo4
𢿸	ce4
𣀀	lei2
𣀁	zhan3
𣀂	li3
𣀃	lian2
𣀄	qun2
𣀍	chen2
𣀏	cheng2
𣀐	gu1
𣀒	zong4
𣀓	chou2
𣀔	chuan4
𣀜	lei4
𣀝	shuo4
𣀞	lv4
𣀣	fu2
𣀥	li4
𣀧	san4
𣀫	san1
𣀯	sa4
𣀳	nie4
𣀶	zuan1
𣀷	li3
𣀻	shu3
𣀾	fu2
𣁉	bi4
𣁍	dao4
𣁒	shi1
𣁖	gan4
𣁗	tan4
𣁜	man4
𣁟	li2
𣁢	bi4
𣁦	pan2
𣁨	you1
𣁭	jiu1
𣁯	guo1
𣁰	liao2
𣁳	wo4
𣁴	qia4
𣁵	dou3
𣁷	lie4
𣁹	jiao3
𣁻	lie4
𣂁	tiao1
𣂄	guo1
𣂆	pang1
𣂇	qiao1
𣂉	di2
𣂊	yun4
𣂒	le4
𣂖	si1
𣂗	xin1
𣂜	xin1
𣂝	xiang4
𣂞	luo3
𣂤	beng1
𣂥	tiao1
𣂬	xiao4
𣂮	dou1
𣂳	dang4
𣂴	ting2
𣂵	zhuan4
𣂻	ou1
𣂽	wo4
𣃁	zhu2
𣃄	xin1
𣃅	ruan3
𣃈	zhuo2
𣃉	dang4
𣃍	cui4
𣃑	zhuo2
𣃗	cong2
𣃘	chan3
𣃝	yang3
𣃧	yan3
𣃳	yan3
𣃵	zhen4
𣃽	nuo3
𣃾	yan4
𣄅	fang3
𣄉	yan3
𣄊	yu2
𣄍	ti2
𣄎	fu4
𣄏	ben3
𣄑	yan3
𣄓	hui1
𣄙	huang3
𣄜	gui4
𣄝	yan4
𣄟	hu2
𣄠	biao1
𣄧	sui4
𣄮	zi4
𣄯	ji4
𣄰	e3
𣄱	ji4
𣄲	kui3
𣄴	liang4
𣄸	huo4
𣄺	wei2
𣄻	zhuo1
𣄿	ting3
𣅃	zai3
𣅄	you4
𣅉	ren4
𣅍	mian4
𣅚	na4
𣅝	tu1
𣅟	dan1
𣅡	jue2
𣅤	xu1
𣅥	di1
𣅰	xiang4
𣅷	xiong4
𣅺	you3
𣅻	gua3
𣅾	xi1
𣆈	he4
𣆍	ding3
𣆐	lu2
𣆒	xu2
𣆔	zhou4
𣆕	xian4
𣆖	huang1
𣆗	cha1
𣆘	shi3
𣆙	gan4
𣆚	nuo3
𣆛	an4
𣆟	xie1
𣆧	hao4
𣆲	qin1
𣆳	geng3
𣆴	shan1
𣆵	fu2
𣆽	ze4
𣇇	dan4
𣇖	dian3
𣇗	shen1
𣇙	zu3
𣇢	bie1
𣇦	chui2
𣇧	zhe4
𣇨	dai4
𣇫	wo3
𣇬	qiong2
𣇰	lin2
𣇲	hun1
𣇳	ji1
𣈅	cao2
𣈊	mu4
𣈍	die2
𣈎	wei4
𣈠	bian4
𣈡	ti3
𣈣	ying4
𣈥	tu2
𣈶	geng4
𣉄	chi2
𣉅	cou4
𣉆	ti3
𣉒	huo4
𣉓	qi1
𣉔	sao1
𣉕	sang4
𣉖	xuan3
𣉗	ang4
𣉘	nai4
𣉚	yang2
𣉛	shu1
𣉜	sha1
𣉡	ting3
𣉩	ya4
𣉪	huang3
𣉮	bin1
𣉼	ai4
𣉾	ou4
𣉿	cao2
𣊁	ao2
𣊃	mao4
𣊔	meng2
𣊖	tian1
𣊝	sang4
𣊞	xu4
𣊟	kan4
𣊧	lang3
𣊶	bie1
𣊷	cong2
𣊺	xian2
𣋄	tun1
𣋉	yu4
𣋊	dan4
𣋋	ying4
𣋍	zhao1
𣋏	pu4
𣋘	hui4
𣋞	ai4
𣋟	mo3
𣋢	jing1
𣋣	lan2
𣋲	lie4
𣋳	piao3
𣋵	bo2
𣋶	qiong2
𣋹	bi4
𣋿	yong1
𣌅	li4
𣌍	nie4
𣌏	de2
𣌓	huan1
𣌗	yue4
𣌚	chun1
𣌜	li4
𣌞	zhang1
𣌟	ling2
𣌠	chun2
𣌧	ce4
𣌨	xun2
𣌬	ju3
𣌭	hui4
𣌾	tong1
𣍆	ning2
𣍇	ju4
𣍏	cha4
𣍖	zao1
𣍛	yu4
𣍟	ken3
𣍦	kuang4
𣍧	fei3
𣍯	yun4
𣍰	qian3
𣍴	quan2
𣍸	po4
𣍺	pei3
𣎄	geng4
𣎅	yi4
𣎆	luo4
𣎑	kuan1
𣎓	xuan3
𣎔	nian4
𣎚	hu2
𣎛	ju2
𣎩	ye4
𣎮	xi1
𣎱	yue4
𣎲	tang3
𣎳	pin4
𣎴	dun3
𣎵	bei4
𣎸	liao3
𣏀	yong3
𣏎	ya1
𣏑	jiao3
𣏔	kun4
𣏖	zhen4
𣏗	shu4
𣏚	shi2
𣏞	you2
𣏟	pai4
𣏠	xiao2
𣏡	ji2
𣏢	tuan2
𣏶	qi1
𣏷	he2
𣏺	kong3
𣐂	ye4
𣐃	chi4
𣐊	kao3
𣐋	yue4
𣐎	wa3
𣐏	nian3
𣐑	ci2
𣐓	yi2
𣐕	jing4
𣐤	jiu4
𣐫	yang1
𣐬	li2
𣐮	dai1
𣐯	chong2
𣐵	yi2
𣐺	han4
𣐿	yi1
𣑁	chong4
𣑂	hu4
𣑃	zhua3
𣑝	tuan2
𣑦	qiong2
𣑧	duo4
𣑸	tong2
𣑹	xian1
𣑿	fu2
𣒂	dian4
𣒃	xi2
𣒄	xie1
𣒅	zhen4
𣒆	qiao4
𣒇	tu1
𣒌	guo1
𣒗	que4
𣒷	han4
𣒸	kuang4
𣒹	suo1
𣒻	shou4
𣒼	tiao2
𣓀	zhen1
𣓃	nei4
𣓅	qian3
𣓆	yin2
𣓈	liang3
𣓉	sha4
𣓊	zi4
𣓋	pi2
𣓌	gao1
𣓏	jin4
𣓐	you2
𣓒	shan4
𣓔	mi4
𣓕	ou4
𣓗	hu1
𣓛	you4
𣓝	meng3
𣓿	lao4
𣔐	zhi3
𣔓	bi3
𣔗	shen1
𣔘	qi4
𣔙	xian1
𣔚	pan2
𣔛	kang3
𣔫	shuan1
𣔬	pi2
𣔮	zai1
𣔯	zhu3
𣔱	sou1
𣔲	jiong3
𣔵	chan2
𣔶	fan2
𣔷	xiao2
𣔸	yin3
𣔹	hou2
𣔺	mao4
𣔻	tu2
𣔼	gan1
𣔽	ji4
𣕁	yi2
𣕃	yu4
𣕄	jiong1
𣕅	pao4
𣕇	xiao1
𣕉	gou3
𣕌	gou1
𣕍	sun3
𣕎	xian3
𣕏	zhuan3
𣕲	heng2
𣕾	chou2
𣖄	qiao1
𣖅	ti2
𣖆	yun2
𣖉	shan1
𣖊	lie4
𣖌	zhi3
𣖐	pai1
𣖣	ju2
𣖤	lai2
𣖨	zi3
𣖪	qu2
𣖫	gu3
𣖬	jue2
𣖭	zhi2
𣖮	ang4
𣖯	qin4
𣖰	pi2
𣖱	zui1
𣖳	qian2
𣖵	cuo2
𣖷	ji2
𣖸	ti2
𣖹	ru2
𣖻	hai3
𣖼	xun2
𣖾	bei4
𣖿	zhi2
𣗁	dun4
𣗊	man2
𣗐	reng2
𣗲	gan1
𣗵	gang4
𣗶	ta4
𣗸	tuo4
𣗹	yang4
𣗺	ku1
𣗻	zhi4
𣘐	ji2
𣘖	jian1
𣘗	ni4
𣘘	shen1
𣘙	bang4
𣘚	shuai4
𣘛	dou1
𣘝	qian1
𣘞	han2
𣘟	qia1
𣘠	gan3
𣘣	chun2
𣘤	cha2
𣘥	bi4
𣘦	yi1
𣘧	fu1
𣘨	e3
𣘪	lao2
𣘫	hao2
𣘬	li2
𣘱	te4
𣘲	shen1
𣘴	yin2
𣘷	jian1
𣘻	cha2
𣙗	nie4
𣙘	cou4
𣙛	yi2
𣙟	tang2
𣙢	juan4
𣙰	chi4
𣙱	gou3
𣙴	jie2
𣙵	zhe2
𣙶	hu2
𣙷	mang2
𣙻	zou1
𣙼	si4
𣙿	fei4
𣚀	zi1
𣚁	zi1
𣚃	jie2
𣚄	si1
𣚆	chun1
𣚇	pao4
𣚋	ye2
𣚌	di1
𣚎	lei2
𣚏	xu1
𣚐	ru2
𣚒	pa2
𣚓	juan4
𣚔	xi4
𣚕	ye4
𣚖	an1
𣚘	yi4
𣚙	jian1
𣚚	zhu2
𣚜	song1
𣚝	wo3
𣚟	se4
𣚠	zhi3
𣚡	bi1
𣚢	zhuan4
𣚦	jiang4
𣚧	hao4
𣚩	chi4
𣚪	dun4
𣛓	bo2
𣛔	ji2
𣛕	chua3
𣛗	luo4
𣛚	rui3
𣛫	hu2
𣛱	dan4
𣛴	han3
𣛵	que4
𣛶	sha1
𣛷	zhan3
𣛸	ze2
𣛹	chuan2
𣛺	qi1
𣛻	die2
𣛽	zha4
𣛾	tou4
𣜁	ci1
𣜂	sa4
𣜄	luo2
𣜇	ji2
𣜢	luo3
𣜣	qin2
𣜧	qiong2
𣜨	juan4
𣜬	ai4
𣜭	jian3
𣜹	ti4
𣜺	wen2
𣜽	qiao1
𣝁	pai2
𣝂	hun2
𣝅	ai4
𣝇	shuo4
𣝈	lian2
𣝉	dui4
𣝋	ta4
𣝌	jin3
𣝍	bi4
𣝎	yan3
𣝏	gao4
𣝐	piao2
𣝑	yu4
𣝒	she4
𣝕	jian1
𣝗	hu2
𣝚	lie4
𣝜	bian4
𣝝	su4
𣝞	jiao1
𣝸	zhui4
𣝽	han1
𣞇	dun4
𣞐	xie3
𣞑	meng2
𣞒	fu1
𣞓	lu4
𣞔	tan4
𣞗	liu2
𣞘	xian1
𣞙	sang3
𣞜	cou4
𣞝	zhuang1
𣞟	chen1
𣞰	lian4
𣞴	li2
𣟀	peng4
𣟁	tuo3
𣟄	tuo4
𣟆	liao2
𣟇	xiao4
𣟈	chui4
𣟉	huai4
𣟊	niao3
𣟋	qian1
𣟌	li4
𣟏	pao1
𣟐	tiao2
𣟑	liu2
𣟒	wu2
𣟤	ying3
𣟦	zha2
𣟰	yu2
𣟲	xian3
𣟳	xuan2
𣟴	shuan1
𣟵	xi1
𣟸	mei2
𣟹	sen1
𣟺	lian4
𣟼	jiu1
𣟽	lao4
𣠎	xiao1
𣠏	zou1
𣠚	liu2
𣠜	zhao4
𣠞	zhe2
𣠠	lei3
𣠭	duan3
𣠷	jian3
𣠸	shuan1
𣠹	zuo2
𣠺	qie4
𣠼	lao3
𣡉	yu4
𣡊	yi4
𣡋	ni3
𣡎	cen2
𣡕	yan4
𣡗	ruan3
𣡞	yan2
𣡟	die2
𣡠	mian2
𣡧	lei2
𣡩	wan1
𣡰	na3
𣡶	yan2
𣡺	lei3
𣡽	sha1
𣡾	hu1
𣢁	xi1
𣢂	xi1
𣢄	you3
𣢅	han1
𣢇	hai1
𣢉	wa1
𣢊	xu4
𣢋	pi1
𣢌	tan1
𣢍	xi1
𣢎	xi1
𣢏	bin1
𣢐	qin1
𣢑	xi1
𣢒	yu2
𣢓	xi4
𣢕	ci4
𣢖	qian4
𣢗	xia1
𣢚	wa2
𣢛	e4
𣢜	you3
𣢝	xing4
𣢞	ni2
𣢟	han2
𣢠	bi4
𣢡	sheng1
𣢤	zhan1
𣢥	dian4
𣢦	yu3
𣢨	ou3
𣢪	gui3
𣢫	wang3
𣢬	qian1
𣢭	yi2
𣢰	zu2
𣢲	qian1
𣢳	ding4
𣢴	keng1
𣢶	chu4
𣢷	yi1
𣢺	han1
𣢻	kuan3
𣣈	dian4
𣣉	xi4
𣣊	zi1
𣣋	ling2
𣣌	zi4
𣣎	yu4
𣣏	hun1
𣣑	si3
𣣒	kan3
𣣚	an4
𣣜	you3
𣣝	ji2
𣣞	hun4
𣣟	qia1
𣣠	hou2
𣣡	hou2
𣣣	dian4
𣣩	xie1
𣣭	she4
𣣮	sha4
𣣲	xie2
𣣳	yao2
𣣴	da4
𣣶	xie4
𣣷	chi1
𣣸	you3
𣣹	he1
𣣺	sha4
𣣿	tai2
𣤁	zhu2
𣤃	ai3
𣤇	que4
𣤈	ze2
𣤊	la1
𣤋	lou4
𣤌	chuai4
𣤎	you3
𣤖	ti4
𣤘	shi1
𣤡	xiao4
𣤢	xi4
𣤨	huo4
𣤩	chi4
𣤪	yi4
𣤯	shu2
𣤰	yue4
𣤱	chan2
𣤲	e4
𣤳	xi1
𣤴	xi1
𣤵	ying3
𣤶	zu2
𣤷	za1
𣤺	za1
𣥂	ta4
𣥃	wan4
𣥇	xin4
𣥊	wang4
𣥋	fu3
𣥐	lu3
𣥞	jian3
𣥡	yan2
𣥣	bi4
𣥤	ken3
𣥥	guan4
𣥨	zi1
𣥮	kui3
𣥯	zhou3
𣥰	zhi4
𣥳	tu2
𣥷	ta4
𣥹	chu4
𣥺	cheng1
𣥻	cheng3
𣥼	zhu4
𣥾	da4
𣦇	bi4
𣦉	jia3
𣦌	yi4
𣦏	yue4
𣦐	gang1
𣦖	gan1
𣦜	qiao1
𣦠	chu2
𣦡	chu2
𣦢	bi4
𣦦	gui4
𣦩	gu3
𣦪	bing3
𣦫	yin4
𣦬	zhui4
𣦭	gu3
𣦯	li4
𣦵	e4
𣦶	dai3
𣦼	can2
𣧂	ti4
𣧃	du4
𣧄	yi4
𣧈	die2
𣧊	niu3
𣧌	xue4
𣧍	ne4
𣧎	gui4
𣧏	kao3
𣧒	chuan3
𣧖	zha2
𣧗	you2
𣧙	bai4
𣧚	shi2
𣧛	dian4
𣧜	pa1
𣧝	qiu2
𣧡	xue4
𣧣	mo4
𣧤	ke1
𣧥	you3
𣧦	jiao3
𣧧	bo2
𣧬	xiu3
𣧲	mi3
𣧳	luo4
𣧵	xue4
𣧷	duo4
𣧹	er4
𣧺	shan1
𣧼	kui4
𣧽	nao4
𣧾	mian3
𣧿	li4
𣨀	luan4
𣨂	die2
𣨄	qia4
𣨅	lei4
𣨇	mao4
𣨉	heng1
𣨊	che4
𣨋	zhi4
𣨍	gu3
𣨎	cuo1
𣨓	wu4
𣨔	tao4
𣨗	xi1
𣨘	yao1
𣨙	wei3
𣨛	zu2
𣨜	ma4
𣨝	yu3
𣨞	peng3
𣨟	yi4
𣨠	qin4
𣨡	yue4
𣨢	jue4
𣨣	jiang4
𣨤	xu4
𣨥	beng1
𣨪	luo3
𣨫	zhui1
𣨲	du4
𣨳	xiang4
𣨶	hui4
𣨺	gu3
𣨻	kao3
𣨼	ti4
𣨾	xing1
𣨿	hun2
𣩀	bian1
𣩄	ke4
𣩅	kao3
𣩈	cuo2
𣩏	lu4
𣩑	zui4
𣩒	zao1
𣩓	jiao3
𣩔	guan4
𣩙	yan1
𣩚	er2
𣩜	qing2
𣩟	deng4
𣩠	si4
𣩡	sui4
𣩢	liao4
𣩧	shan4
𣩩	bi4
𣩪	wei4
𣩫	ye4
𣩭	zhai4
𣩯	ye2
𣩰	diao4
𣩱	ai4
𣩴	jiang4
𣩷	su1
𣩹	huai4
𣩺	yu4
𣩽	rang3
𣪀	dian1
𣪁	zuan1
𣪂	ban1
𣪄	qin2
𣪇	jia1
𣪉	pi2
𣪌	tou2
𣪐	chou2
𣪕	gui3
𣪠	ji1
𣪨	xue4
𣪪	dian4
𣪭	bian4
𣪮	zai3
𣪯	tong2
𣪶	shan3
𣪸	gu4
𣪹	que4
𣫀	gu3
𣫈	hu2
𣫉	kuai3
𣫌	gou4
𣫎	su4
𣫐	chou2
𣫒	keng1
𣫔	du1
𣫙	yi4
𣫜	dao4
𣫝	qiang1
𣫣	long2
𣫥	li2
𣫧	li4
𣫨	qing1
𣫪	wei1
𣫬	mou2
𣫱	qi4
𣫳	jiang3
𣫴	xie2
𣫹	dai4
𣫻	lou2
𣬂	guan4
𣬆	pei2
𣬉	pi2
𣬋	juan4
𣬍	bei1
𣬎	jue2
𣬏	juan4
𣬐	shi4
𣬕	xie3
𣬘	rui2
𣬙	jing4
𣬚	po4
𣬛	san1
𣬠	ji1
𣬩	fen1
𣬪	bei4
𣬫	jie4
𣬬	sa1
𣬮	pi1
𣬴	di4
𣬵	mao2
𣬶	ba1
𣬷	ba
𣬸	tiao2
𣬹	ling2
𣬺	sheng1
𣬻	zhen3
𣬼	pi1
𣬽	wu4
𣬿	ze4
𣭀	bao4
𣭇	lv3
𣭖	hao1
𣭗	dou3
𣭘	fu2
𣭙	ni2
𣭝	ge2
𣭠	ru2
𣭡	xian3
𣭤	bi4
𣭮	mao2
𣭲	rong3
𣭳	qiu2
𣭷	bo2
𣭹	hao1
𣭺	nao3
𣭻	yan2
𣮃	pao2
𣮄	sui1
𣮆	tuo4
𣮈	qu1
𣮉	li2
𣮊	de2
𣮌	jie2
𣮍	jie2
𣮎	gun3
𣮏	jian1
𣮐	bi4
𣮠	san4
𣮡	bang1
𣮢	chun2
𣮦	nai4
𣮧	bang3
𣮪	rong2
𣮫	jia1
𣮬	sou1
𣮰	de2
𣮾	xian1
𣮿	zhan1
𣯀	mao4
𣯃	zi1
𣯅	ji4
𣯆	qi2
𣯋	ru4
𣯌	suo1
𣯍	rong3
𣯎	wu4
𣯏	rong2
𣯐	rong2
𣯚	ta4
𣯜	sou1
𣯣	men2
𣯤	li2
𣯧	cui3
𣯨	zong1
𣯩	men2
𣯪	xi3
𣯬	mang3
𣯭	nie4
𣯯	sui1
𣯱	pei2
𣯴	bi4
𣯵	di4
𣯶	san1
𣯸	qu2
𣯹	qiao2
𣯻	fen1
𣯼	su4
𣰃	xu1
𣰇	rong3
𣰈	ji1
𣰋	qu2
𣰌	lie4
𣰕	sao4
𣰘	kun4
𣰚	cui4
𣰛	ye4
𣰜	bing4
𣰞	jie2
𣰠	qu2
𣰡	qu2
𣰥	meng2
𣰦	ran2
𣰨	bin1
𣰩	chao2
𣰬	du2
𣰶	rang2
𣰷	xian1
𣰺	tao2
𣰻	qu2
𣰼	nie4
𣰿	shu1
𣱀	lu3
𣱂	kun4
𣱈	min2
𣱉	min3
𣱍	dan4
𣱐	yin4
𣱓	xiao4
𣱗	ji4
𣱜	yin1
𣱝	dong1
𣱦	fen1
𣱧	zhong4
𣱫	gu3
𣱱	cha2
𣱳	liu2
𣱶	bu3
𣱺	pa1
𣱻	si4
𣱼	dao1
𣱽	zhen3
𣲀	shan1
𣲂	chuai3
𣲄	jiu3
𣲊	ke4
𣲋	chi2
𣲑	hu4
𣲒	li4
𣲓	sha1
𣲖	pai4
𣲜	ying2
𣲡	sha1
𣲢	di1
𣲥	dan1
𣲱	tu1
𣲲	he2
𣲳	po3
𣲵	zhi3
𣲶	niu3
𣲷	ni4
𣲽	rong3
𣲾	guai4
𣳀	zhi2
𣳃	ji2
𣳆	ping2
𣳜	fan4
𣳟	jie2
𣳠	hai3
𣳤	zhan4
𣳦	xi4
𣳩	zi1
𣳬	xi2
𣳭	piao4
𣳰	ben1
𣳲	jian3
𣴓	jian4
𣴖	za2
𣴞	ben4
𣴟	mao4
𣴢	zao4
𣴣	zhuang4
𣴥	kuang2
𣴨	bi2
𣴪	pai4
𣴼	mao4
𣴽	tan4
𣵞	tun3
𣵟	luo3
𣵢	tan1
𣵱	an2
𣵷	han2
𣵸	zhu2
𣵺	duo4
𣵻	duo4
𣵼	gan4
𣶆	qiong4
𣶈	wang3
𣶊	mo4
𣶋	zhe4
𣶌	wen3
𣶍	zhuang4
𣶏	jie1
𣶐	pao4
𣶘	su4
𣶝	ju4
𣶠	qi1
𣶡	can4
𣶣	tuan2
𣶤	sha1
𣶦	tuo2
𣶩	hua4
𣶫	yi4
𣷠	min2
𣷡	zhong1
𣷥	shuo4
𣷩	yi4
𣷪	wang3
𣷫	ao2
𣷶	su3
𣷾	gui3
𣷿	tuo3
𣸀	hui3
𣸃	xu4
𣸄	zan3
𣸆	zi3
𣸇	bian4
𣸉	da2
𣸊	yin1
𣸋	quan3
𣸎	huai4
𣸏	na2
𣸐	za2
𣸒	ti2
𣸘	yi2
𣸙	tan1
𣸚	she2
𣸛	shuo4
𣸝	xing2
𣸠	you3
𣹇	ke4
𣹋	fu2
𣹒	min3
𣹚	pi4
𣹜	ji2
𣹝	qiao4
𣹞	zhong3
𣹟	gan4
𣹠	yuan1
𣹡	chi2
𣹥	qian4
𣹧	zuo2
𣹩	xie2
𣹪	mao2
𣹬	hu2
𣹮	pi4
𣹯	xun4
𣹱	xia2
𣹲	ti2
𣹵	na4
𣹶	chua3
𣺀	wu3
𣺬	huang1
𣺭	xue4
𣺮	tao4
𣺰	qiao4
𣺳	jiao1
𣺼	dang3
𣺽	bai4
𣻍	dang4
𣻎	kou4
𣻐	ju1
𣻑	sha1
𣻒	jing1
𣻕	mo2
𣻖	nou2
𣻘	shuo4
𣻚	shu4
𣻛	zhuang1
𣻜	fu2
𣻟	zang1
𣻠	xie2
𣻡	lang4
𣻢	tong1
𣻩	zhe2
𣻬	can4
𣻮	yue4
𣻱	zhou4
𣼚	tan1
𣼞	yan2
𣼟	lu4
𣼠	yan3
𣼦	ze2
𣼧	shuai4
𣽅	guo1
𣽆	zhu2
𣽈	ru2
𣽉	ru2
𣽌	kan3
𣽍	ji4
𣽎	gao1
𣽒	xie4
𣽕	ou4
𣽖	jian1
𣽚	zhi2
𣽛	zha2
𣽝	hong3
𣽟	kuan3
𣽡	bo2
𣽤	se4
𣽥	an4
𣽦	jian4
𣽨	teng2
𣽫	song1
𣽭	meng4
𣽮	yin2
𣽯	tan1
𣽰	guo1
𣽳	ruan2
𣽴	wei4
𣽷	si4
𣾍	lian2
𣾤	qi4
𣾦	zhang3
𣿅	dong3
𣿆	fu2
𣿇	shen3
𣿈	su4
𣿉	yi4
𣿊	lian4
𣿌	he2
𣿎	zhen1
𣿐	ze2
𣿒	cui3
𣿓	cui3
𣿝	feng4
𣿞	li3
𣿟	kou4
𣿣	xiao4
𣿤	you3
𤀃	hao2
𤀉	han4
𤀊	ken3
𤀝	yu4
𤀣	huan3
𤀤	suo1
𤀦	la4
𤀨	dou4
𤀩	jian4
𤀪	po1
𤀫	bian3
𤀰	xue4
𤀲	bian4
𤀷	wei4
𤁡	dan4
𤁢	jie2
𤁣	bai4
𤁥	nian3
𤁦	xian4
𤁧	se4
𤁪	hua2
𤁫	chua1
𤁮	ou4
𤁯	lie4
𤁰	di2
𤁱	cai4
𤁳	zha2
𤁵	lv2
𤁹	huo4
𤁼	li4
𤁽	ying3
𤁿	wei3
𤂀	bi4
𤂁	guo2
𤂃	pi4
𤂆	biao1
𤂠	yan3
𤂤	zhuan4
𤂲	hong2
𤂶	lin4
𤂷	e4
𤂹	yin3
𤂺	lan4
𤂼	yao4
𤂿	xuan4
𤃀	li4
𤃨	lan4
𤃩	ling2
𤃪	xi1
𤃫	hong1
𤃭	jiao3
𤃮	zhuo2
𤃲	zhi2
𤃵	bo2
𤃶	teng1
𤃷	an3
𤃺	xun2
𤃻	lei3
𤃼	zang1
𤃽	hui3
𤄎	xi4
𤄏	hong2
𤄑	fan4
𤄒	jian3
𤄓	cong2
𤄔	za2
𤄖	ca1
𤄘	you1
𤄛	dui4
𤄜	pan1
𤄥	ta4
𤄧	pan4
𤄫	fan1
𤄬	xi1
𤄶	yao4
𤄷	luo2
𤄺	bian1
𤄼	jin4
𤄽	li4
𤅊	yan4
𤅋	dou4
𤅎	man4
𤅐	gong1
𤅑	rang3
𤅒	can4
𤅣	men2
𤅱	gu3
𤅲	shuan4
𤅸	yan2
𤅹	bi4
𤆀	biao1
𤆁	cheng2
𤆂	kui4
𤆄	huo3
𤆍	chi4
𤆏	wo4
𤆑	cou4
𤆒	zhi4
𤆙	shui3
𤆜	gua4
𤆝	pu1
𤆞	xu4
𤆟	si1
𤆡	wu3
𤆢	lun2
𤆮	fu1
𤆰	shi4
𤆳	hui4
𤆴	huang1
𤆵	pa1
𤆼	zhu3
𤆾	yi2
𤇃	li4
𤇄	shan3
𤇜	min2
𤇞	ge1
𤇠	hu1
𤇭	long2
𤇯	en1
𤇰	fa2
𤇳	xu4
𤇴	yi2
𤇾	ying4
𤈔	chi2
𤈙	yi2
𤈥	di2
𤈦	hui3
𤈧	he2
𤈩	zha3
𤈶	yun2
𤈷	xian1
𤉌	xian2
𤉍	lao4
𤉎	shao4
𤉏	shi4
𤉐	zhuo2
𤉤	bie1
𤉥	jiu3
𤉦	wo1
𤉧	jiao3
𤉨	fu2
𤉪	xiang1
𤉫	kai4
𤊲	nao3
𤊴	huo4
𤊵	ji2
𤊶	la4
𤊻	fou1
𤊼	shan3
𤊽	liao4
𤊾	mie4
𤊿	che4
𤋂	mo2
𤋏	lou2
𤋨	duo4
𤋫	nao3
𤋭	ji1
𤋰	zhu4
𤌂	su4
𤌃	duo4
𤌇	jiong3
𤌊	zai3
𤌋	hui3
𤌌	ying3
𤌍	hu2
𤌎	lin4
𤌏	weng3
𤌐	han4
𤌔	nan2
𤌷	xi4
𤌹	gan4
𤌾	he4
𤌿	ji1
𤍀	xiang3
𤍁	sha1
𤍐	tui4
𤍒	zhao1
𤍓	shu4
𤍕	you3
𤍖	jian1
𤍜	zao4
𤍠	re4
𤍤	zhang1
𤍽	ruo4
𤎄	yan1
𤎋	cui4
𤎗	ji2
𤎘	shang1
𤎣	e4
𤎤	lao2
𤎥	tan3
𤎧	zhu4
𤎭	lin3
𤎯	zeng1
𤎱	juan3
𤎲	hu1
𤎻	xiao1
𤏗	shen3
𤏘	huo4
𤏜	kui4
𤏱	chu4
𤏲	zhou4
𤏶	ao1
𤏸	zhuo2
𤏽	xing1
𤏿	mie4
𤐀	hu1
𤐔	tan2
𤐙	bi4
𤐣	ding3
𤐩	kai4
𤐫	biao1
𤐰	huo4
𤐱	lie4
𤐲	cuan4
𤑃	xian4
𤑄	re4
𤑓	yue4
𤑕	xun1
𤑗	liao3
𤑣	sha1
𤑦	shi4
𤑪	xie4
𤑳	xiao1
𤑷	ye2
𤑸	lan3
𤑹	yi4
𤑿	lian3
𤒔	bo2
𤒕	cao1
𤒝	yao4
𤒦	lian4
𤒻	ta4
𤓑	ji4
𤓔	xi1
𤓕	zhi4
𤓚	xi1
𤓝	yue4
𤓤	xian3
𤓦	zhuo4
𤓯	zhang3
𤓵	zu3
𤓷	na2
𤓾	dao4
𤓿	lie4
𤔀	na2
𤔉	pao2
𤔋	ju4
𤔔	luan4
𤔖	luo3
𤔙	shua3
𤔚	shang4
𤔝	luo3
𤔟	fen1
𤔣	bao4
𤔨	li4
𤔫	xiong4
𤔶	dang1
𤕀	cheng4
𤕄	zhang3
𤕇	sou3
𤕊	shen2
𤕒	ge3
𤕘	yu1
𤕚	hui1
𤕛	che4
𤕝	jiao4
𤕞	zhu4
𤕟	shu1
𤕢	xiao2
𤕦	ning2
𤕭	jiang1
𤕯	jiang1
𤕷	diao4
𤕽	qiang2
𤕾	qiu2
𤖀	feng1
𤖆	zhan4
𤖇	ke1
𤖒	die2
𤖓	ze2
𤖖	guang1
𤖗	se4
𤖘	fen4
𤖛	jiang3
𤖝	yan2
𤖞	zhi4
𤖢	li4
𤖦	ling2
𤖪	yi2
𤖬	qu3
𤖭	pan2
𤖮	gou1
𤖰	jia3
𤖱	he2
𤖳	peng4
𤖵	ju4
𤖷	che4
𤖺	lie4
𤖻	shi4
𤖼	po4
𤖽	xiang4
𤖿	pi4
𤗀	luo3
𤗁	cu4
𤗃	yu3
𤗇	kong4
𤗈	xie4
𤗍	wan3
𤗎	yan3
𤗏	pei2
𤗓	cheng2
𤗘	ti2
𤗙	che4
𤗚	bi4
𤗛	lian4
𤗜	jia3
𤗞	ting2
𤗢	ti1
𤗨	die2
𤗪	shu4
𤗫	li2
𤗬	lv2
𤗭	xia1
𤗯	cui1
𤗳	bo1
𤗴	tui2
𤗵	pu2
𤗷	lin4
𤗸	fen4
𤗺	bo2
𤗻	chan4
𤗾	dang1
𤗿	tai3
𤘀	dao4
𤘃	li4
𤘅	ya2
𤘆	ya2
𤘇	zhan1
𤘊	yi2
𤘌	qi1
𤘔	hu4
𤘖	ting1
𤘘	kou3
𤘛	chun2
𤘜	you2
𤘝	fen4
𤘟	nuo2
𤘠	tian4
𤘡	jin4
𤘢	pi2
𤘣	chen2
𤘤	pi4
𤘦	jie4
𤘧	gui3
𤘲	zhuang4
𤘵	hu2
𤘶	chou3
𤘷	shu4
𤘸	tao1
𤘹	pi2
𤘺	rong3
𤘻	rong3
𤘽	hou3
𤘾	peng1
𤙅	bai4
𤙇	xia2
𤙋	qin3
𤙌	ni3
𤙎	tao1
𤙏	qu4
𤙒	xie2
𤙔	zhao4
𤙕	hua1
𤙖	xin1
𤙘	shou1
𤙛	tu2
𤙝	liang2
𤙞	bi4
𤙟	chu1
𤙡	xing1
𤙣	xin1
𤙤	fu1
𤙩	jie4
𤙭	fu3
𤙯	lao2
𤙰	te4
𤙱	she4
𤙴	chao1
𤙵	chui1
𤙼	ran2
𤙽	hou3
𤙾	beng1
𤚀	cai3
𤚅	mu2
𤚉	xu1
𤚊	die2
𤚍	chan3
𤚎	yu2
𤚏	zhong4
𤚓	li2
𤚔	shou1
𤚚	du2
𤚜	mao1
𤚝	huang2
𤚟	tao2
𤚡	du4
𤚢	ti2
𤚣	sheng1
𤚤	mei2
𤚨	zhen1
𤚩	qin2
𤚪	pi4
𤚫	tang2
𤚬	cang1
𤚭	yao2
𤚯	xiu4
𤚰	bang1
𤚱	gu3
𤚵	bu4
𤚼	gou4
𤚽	bo2
𤛁	wen4
𤛄	ji4
𤛊	la1
𤛍	cui1
𤛎	min3
𤛏	cu3
𤛐	ou1
𤛑	yong1
𤛖	mao2
𤛗	ke4
𤛘	mang1
𤛙	ding3
𤛚	huan1
𤛛	duo3
𤛜	jiang1
𤛝	su4
𤛢	ceng2
𤛣	ta4
𤛥	huang2
𤛦	jue2
𤛧	xun2
𤛪	xiong4
𤛬	mi4
𤛭	qun2
𤛮	lao2
𤛱	zhi4
𤛲	wei3
𤛷	se4
𤛻	zang1
𤜁	an3
𤜂	wei4
𤜄	huai4
𤜇	zhan4
𤜉	ying1
𤜊	ge1
𤜋	hui4
𤜍	quan2
𤜓	lie4
𤜔	ju2
𤜕	ba4
𤜖	lei2
𤜘	man2
𤜙	ling2
𤜜	li4
𤜝	ji3
𤜡	hui2
𤜢	xin4
𤜣	shi4
𤜤	zhe2
𤜧	bo1
𤜫	cha1
𤜯	cha1
𤜰	jing1
𤜱	ba1
𤜲	bei4
𤜵	yan4
𤜷	hu4
𤜹	yu2
𤜻	bi4
𤜼	chuan2
𤜾	ji3
𤝂	mu4
𤝄	mao2
𤝅	zhong1
𤝇	ye4
𤝈	dou1
𤝉	ye3
𤝍	ri4
𤝎	yin1
𤝐	hao4
𤝒	na4
𤝓	tie4
𤝔	fu4
𤝕	mu3
𤝖	zai3
𤝘	hu2
𤝚	chen1
𤝛	tuo2
𤝞	chu4
𤝟	fu2
𤝢	ze2
𤝧	bao4
𤝬	di3
𤝭	cai3
𤝮	lu4
𤝯	po3
𤝰	da2
𤝱	ye4
𤝳	yi3
𤝷	xiang2
𤝸	bi1
𤝹	zhu1
𤝻	yi2
𤝽	lv4
𤝿	kuang1
𤞂	zhi4
𤞃	hui4
𤞇	wa2
𤞈	di1
𤞉	shu4
𤞊	lie4
𤞋	zao3
𤞌	zhi4
𤞍	nao2
𤞗	chai2
𤞚	xiao1
𤞛	zang4
𤞞	yu4
𤞟	dou4
𤞠	cha4
𤞡	xie2
𤞢	yang2
𤞤	xian3
𤞥	bao3
𤞮	zhai1
𤞰	qiu2
𤞲	hu2
𤞳	zai4
𤞴	jue2
𤞶	han1
𤞿	an4
𤟀	zao4
𤟃	sha4
𤟅	xian4
𤟆	chi3
𤟇	yan3
𤟉	an4
𤟍	zhe2
𤟎	jue2
𤟑	li4
𤟓	le4
𤟖	cai3
𤟘	lu4
𤟚	jia1
𤟝	xia4
𤟞	xiao4
𤟟	yan1
𤟠	xu1
𤟢	dun4
𤟣	ying2
𤟤	hui1
𤟥	ti2
𤟦	nou2
𤟧	xi3
𤟪	tu2
𤟷	wai1
𤟸	chen1
𤟼	hong1
𤟾	ti2
𤟿	xuan1
𤠀	za2
𤠇	ge2
𤠋	lou2
𤠌	chai2
𤠍	pan2
𤠎	ji2
𤠐	ta4
𤠓	xi1
𤠖	xiao1
𤠘	sao1
𤠙	jia1
𤠚	su4
𤠛	huang1
𤠝	cuo1
𤠟	ta4
𤠠	shuai1
𤠪	fu2
𤠫	li4
𤠭	she4
𤠯	tang2
𤠶	dian1
𤠺	bi4
𤠼	gou4
𤠽	cu4
𤠿	qian1
𤡂	lei2
𤡃	su4
𤡆	zong4
𤡇	hao1
𤡏	chi4
𤡐	cao2
𤡓	wo4
𤡔	xiao1
𤡕	lie4
𤡖	yan1
𤡝	bi4
𤡟	huan4
𤡡	xi1
𤡢	chi1
𤡣	xu1
𤡤	nao2
𤡥	yan2
𤡧	xie4
𤡨	zha2
𤡪	sui4
𤡬	xi4
𤡭	beng1
𤡮	ran2
𤡯	shuo4
𤡰	ban1
𤡱	gui4
𤡲	kai1
𤡳	chen1
𤡶	xu4
𤡾	e4
𤡿	li4
𤢀	xi1
𤢁	huan4
𤢂	su4
𤢄	chang3
𤢊	lu4
𤢋	yan2
𤢎	dang1
𤢏	dan3
𤢐	yang1
𤢒	zhai3
𤢓	ju4
𤢕	duo2
𤢖	sao1
𤢗	lai2
𤢘	su4
𤢟	ze2
𤢣	bi4
𤢦	yin4
𤢨	hao1
𤢪	lie4
𤢭	hao2
𤢮	yang2
𤢴	shuo4
𤢵	ai4
𤢶	qiong2
𤢹	lei3
𤢺	xie2
𤢼	shi4
𤣃	lu3
𤣅	que4
𤣆	lian2
𤣌	xiao4
𤣎	ying1
𤣑	xie2
𤣘	ling2
𤣙	you1
𤣞	dang3
𤣟	lan3
𤣠	xiao1
𤣨	yi4
𤣬	wu1
𤣮	yi4
𤣯	tuo1
𤣰	bu3
𤣲	xin4
𤣵	si1
𤣶	jin1
𤣸	ba1
𤣹	fa3
𤣻	mo4
𤣼	ruo4
𤤊	da4
𤤋	ji4
𤤐	su4
𤤑	qiong2
𤤒	ba1
𤤦	tian2
𤤧	you2
𤤩	tuo2
𤤫	wai4
𤤬	you4
𤤮	dong1
𤤱	xi3
𤤲	kong3
𤤶	qiong2
𤤷	dui1
𤤸	duo4
𤤺	yi4
𤥒	xi1
𤥓	qin1
𤥔	su4
𤥗	liu2
𤥙	wan2
𤥭	che1
𤥮	zhu1
𤥰	mao4
𤥷	quan2
𤥽	yu1
𤥿	yi4
𤦀	mi2
𤦃	lai2
𤦄	zhi4
𤦤	ni2
𤦦	ban1
𤦪	dong1
𤦮	zhi4
𤧕	yi4
𤧘	ling2
𤧙	yu2
𤧚	cong1
𤧜	zhi4
𤧠	ruan3
𤧣	jian4
𤧩	wan4
𤧫	jin4
𤧭	pang2
𤨍	lu4
𤨎	qu2
𤨐	xi3
𤨑	da2
𤨖	hu4
𤨗	luo3
𤨙	le4
𤨶	gong3
𤨻	ling4
𤩂	lao2
𤩄	zhuan4
𤩨	zao3
𤩩	hao4
𤩪	xiang4
𤩭	hao4
𤩮	li4
𤩱	dian4
𤩲	ge2
𤪄	e4
𤪆	xia2
𤪋	jian1
𤪌	qi2
𤪍	xia2
𤪎	you3
𤪡	zheng1
𤪪	zhuan4
𤪮	chan4
𤫕	nao2
𤫝	ji4
𤫞	tian2
𤫣	yan3
𤫧	hao3
𤫨	xin2
𤫩	ling2
𤫫	ban1
𤫬	beng3
𤫱	gou1
𤫲	ling2
𤫵	kuo4
𤫶	qia4
𤫷	jiao4
𤫹	en1
𤫺	yao2
𤫻	du1
𤬁	huo3
𤬂	du3
𤬃	pei1
𤬌	yuan2
𤬏	lou2
𤬐	xing2
𤬓	lian2
𤬔	yao2
𤬕	xi1
𤬖	yao2
𤬘	xi1
𤬛	lu2
𤬝	yan4
𤬠	quan2
𤬥	rang2
𤬦	wa4
𤬧	zu2
𤬨	fan4
𤬩	yi4
𤬪	du4
𤬫	sui4
𤬭	pi1
𤬯	han2
𤬱	xu4
𤬳	gong3
𤬵	di4
𤬷	na4
𤬾	duo4
𤬿	wa1
𤭂	nie4
𤭈	diao4
𤭉	huang1
𤭌	ti2
𤭍	fan4
𤭑	wu2
𤭒	ang2
𤭔	ping2
𤭙	han2
𤭛	gang1
𤭜	li2
𤭞	dun1
𤭟	fu4
𤭠	na4
𤭢	cei4
𤭧	jie1
𤭩	qing4
𤭫	ying1
𤭬	xiang2
𤭱	hu2
𤭴	su4
𤭻	ge1
𤭼	e4
𤭽	xu4
𤮆	xi1
𤮊	kang1
𤮋	guo2
𤮌	jie1
𤮍	chuan2
𤮎	lei2
𤮏	heng2
𤮐	zun1
𤮕	pie4
𤮘	deng1
𤮙	xi1
𤮚	lei2
𤮜	shan4
𤮧	lu2
𤮩	dui4
𤮪	jun4
𤮭	chan4
𤮯	xie2
𤮰	wa1
𤮱	zhe2
𤮳	zhuan1
𤮷	liu4
𤮸	lei2
𤮼	dai4
𤮽	gan1
𤯄	shi4
𤯇	yan3
𤯌	gan1
𤯐	yan2
𤯖	sui1
𤯚	zhong1
𤯜	shi4
𤯡	sheng4
𤯥	chan3
𤯷	huang2
𤯸	yin4
𤯻	meng3
𤰂	rang2
𤰅	xiang2
𤰈	bei4
𤰌	chuan2
𤰑	pu2
𤰙	ke1
𤰚	la1
𤰝	quan3
𤰟	hang4
𤰠	chi4
𤰡	mang2
𤰦	zha4
𤰪	fen4
𤰬	chao4
𤰳	jing3
𤱃	lie4
𤱅	na4
𤱆	na4
𤱇	tong2
𤱋	ran2
𤱌	zu3
𤱍	pi1
𤱎	you3
𤱐	shu1
𤱛	lie4
𤱜	shou1
𤱝	tuan3
𤱟	gao3
𤱠	shao2
𤱡	tuo2
𤱣	nan2
𤱧	tuo3
𤱨	gong1
𤱩	diao4
𤱴	meng3
𤱵	bang1
𤱷	xie2
𤱸	si4
𤱹	ting3
𤱺	gui4
𤱽	fu2
𤱾	gui4
𤲉	gui4
𤲑	zhu3
𤲓	lai2
𤲕	lun3
𤲖	tian3
𤲗	ran3
𤲚	dong1
𤲨	juan4
𤲩	yan2
𤲬	ruan2
𤲭	dan3
𤲰	mao4
𤲶	luan2
𤲸	xu4
𤲺	xi1
𤳂	ma2
𤳃	qi1
𤳅	cha4
𤳈	shang1
𤳉	han4
𤳊	ping2
𤳎	ji1
𤳓	li4
𤳕	yu4
𤳖	ban1
𤳘	teng1
𤳝	chou2
𤳠	chou2
𤳤	qi1
𤳥	xi1
𤳦	bei4
𤳪	ye4
𤳭	guang3
𤳯	zhu4
𤳳	lei2
𤳴	lei2
𤳵	cha1
𤴀	guang3
𤴍	die2
𤴓	ya3
𤴘	nie4
𤴙	shu1
𤴛	zhi4
𤴟	zhi4
𤴢	zhi4
𤴣	pi3
𤴥	jiu1
𤴦	jiu1
𤴧	yi4
𤴨	you4
𤴪	jiu1
𤴯	huan4
𤴱	du4
𤴻	tao2
𤴼	qie4
𤴽	qin2
𤴾	xin4
𤴿	chan1
𤵀	ji4
𤵂	qin4
𤵊	du4
𤵋	zhi1
𤵎	ou3
𤵐	wu4
𤵒	wen2
𤵘	bi4
𤵛	bei1
𤵝	mu3
𤵞	jin4
𤵟	tao2
𤵠	liao2
𤵥	cao2
𤵦	zha2
𤵬	chi3
𤵭	ya1
𤵮	kui2
𤵯	yin4
𤵸	long2
𤵹	qia4
𤵻	hang1
𤵼	shang4
𤵽	hai4
𤵾	cha1
𤶀	jiao3
𤶁	lao3
𤶈	xi1
𤶊	gui4
𤶋	bo2
𤶓	zhi3
𤶕	tun4
𤶖	fu2
𤶘	hu1
𤶚	nie4
𤶛	yi4
𤶜	zhuang4
𤶠	cha2
𤶤	suan1
𤶧	yun4
𤶮	du4
𤶰	xi1
𤶱	chuan4
𤶲	xing2
𤶳	jiao3
𤶴	shen1
𤷀	wang1
𤷁	bei1
𤷂	fei2
𤷃	jian4
𤷄	quan2
𤷅	yi4
𤷆	dong1
𤷇	xu4
𤷈	na4
𤷉	ji2
𤷌	zhen3
𤷍	qi2
𤷎	dui1
𤷏	yin2
𤷑	jiu4
𤷒	pi2
𤷓	xin4
𤷔	lun2
𤷕	cai3
𤷖	ling4
𤷗	bie1
𤷘	dao4
𤷙	de2
𤷟	la
𤷡	xi1
𤷢	ju4
𤷤	xiao2
𤷦	jing1
𤷹	wai4
𤷻	nao3
𤷼	xiang1
𤷽	que4
𤷾	qie4
𤷿	tu1
𤸀	xu3
𤸁	hui4
𤸅	min2
𤸆	wei3
𤸈	you2
𤸉	tui2
𤸊	dai4
𤸎	ke3
𤸏	na4
𤸑	fu4
𤸒	yu4
𤸓	zhi3
𤸕	han1
𤸖	ai1
𤸗	fu4
𤸡	yang1
𤸤	shi2
𤸦	chan2
𤸪	chi4
𤸫	yun4
𤸬	shuai1
𤸮	su4
𤸯	sang3
𤸱	e4
𤸲	zheng3
𤸳	ai2
𤸴	suo3
𤸵	bu4
𤸷	qun2
𤸸	yi4
𤸹	yan3
𤸻	na4
𤸼	wu3
𤹇	li4
𤹈	li4
𤹊	xi1
𤹋	jue2
𤹌	shi1
𤹎	ya3
𤹛	chen2
𤹜	ying2
𤹝	bi4
𤹞	che4
𤹡	zha1
𤹢	tuo3
𤹣	hu4
𤹤	teng2
𤹥	ying4
𤹦	bi3
𤹧	ning2
𤹨	lian4
𤹩	xin4
𤹪	yu3
𤹲	bei4
𤹴	mo2
𤹵	dui1
𤹷	dao3
𤹸	qi2
𤹺	e4
𤺀	shuai1
𤺃	xiao1
𤺄	zhong3
𤺅	zhui4
𤺇	bian4
𤺉	wei3
𤺊	xi1
𤺌	deng1
𤺎	xie1
𤺏	pan1
𤺐	nie4
𤺓	bie2
𤺔	she4
𤺕	fei4
𤺖	min3
𤺗	qi4
𤺪	shan4
𤺫	suo3
𤺷	ji2
𤺺	dan3
𤺻	juan4
𤺼	lu4
𤺾	ao4
𤻂	yi4
𤻃	shu3
𤻄	sui4
𤻅	wei4
𤻆	wan2
𤻇	chu3
𤻊	tui2
𤻌	wo4
𤻖	bi4
𤻘	yin3
𤻙	huo2
𤻜	kai4
𤻝	ning2
𤻢	ai4
𤻤	li4
𤻦	zhai1
𤻱	lu4
𤻶	bian4
𤻷	pan2
𤻿	gui4
𤼀	su1
𤼁	meng2
𤼂	xian3
𤼃	long4
𤼅	qi4
𤼋	chan4
𤼌	yi4
𤼍	hang2
𤼏	lian3
𤼐	guan4
𤼒	wei3
𤼗	jue2
𤼘	lei2
𤼙	luan2
𤼚	li4
𤼜	pi2
𤼢	huan3
𤼮	gui1
𤼳	ju2
𤼶	deng1
𤼺	fei4
𤽁	zhi1
𤽃	mei4
𤽅	huan4
𤽉	pa1
𤽊	bi3
𤽌	po1
𤽓	er2
𤽕	huan4
𤽣	chang4
𤽥	luo4
𤽦	fou3
𤽯	chou2
𤽱	zu2
𤽲	nan2
𤽳	xiao3
𤽹	bai4
𤽺	lu4
𤽼	luo4
𤽿	nian4
𤾀	ze2
𤾄	zhu4
𤾅	hu2
𤾈	hui1
𤾉	tang3
𤾊	chou2
𤾑	huang2
𤾒	dou1
𤾛	miao4
𤾝	bo2
𤾠	di4
𤾢	deng3
𤾣	pu1
𤾥	song1
𤾦	chou2
𤾫	yao4
𤾬	meng3
𤾭	long2
𤾲	lian2
𤾵	bie2
𤾺	lv3
𤾿	se4
𤿀	zuo2
𤿄	cun2
𤿅	ling2
𤿆	zheng3
𤿇	pi3
𤿈	bao2
𤿋	que4
𤿎	pi1
𤿏	nan4
𤿐	pi1
𤿑	bo3
𤿒	bei4
𤿓	fa1
𤿕	min3
𤿖	mo4
𤿗	wa4
𤿘	zhao1
𤿙	zhi4
𤿚	cu1
𤿟	xun2
𤿠	ji2
𤿡	gui4
𤿣	cheng2
𤿧	han4
𤿨	xiao4
𤿩	que4
𤿫	chuo4
𤿭	fu3
𤿲	fu1
𤿳	qin3
𤿴	lu4
𤿵	que4
𤿶	dian3
𤿷	qian1
𤿼	chang3
𤿽	ta4
𤿾	bei1
𥀁	du4
𥀂	beng3
𥀃	hou4
𥀈	zha3
𥀉	zha3
𥀎	que4
𥀏	ma2
𥀐	han2
𥀓	liu2
𥀔	lu4
𥀖	zi1
𥀘	pi3
𥀙	zhou4
𥀛	zao1
𥀝	niu3
𥀠	hui4
𥀣	xue2
𥀥	la4
𥀫	nou2
𥀬	yan3
𥀭	ran3
𥀮	nao3
𥀰	la4
𥀱	guang3
𥀲	du2
𥀵	lu2
𥀹	jian3
𥀺	xie4
𥀻	qi4
𥀾	xiang4
𥁁	guo3
𥁂	jie2
𥁃	mang4
𥁆	xia1
𥁇	kui1
𥁎	yong4
𥁐	hai3
𥁑	mi4
𥁒	yao4
𥁕	wen1
𥁟	li4
𥁠	juan4
𥁡	wu1
𥁢	qiao2
𥁮	diao4
𥁯	chu4
𥁲	suo1
𥁵	chong1
𥁸	quan1
𥁹	she4
𥂁	yan2
𥂂	meng3
𥂃	ju4
𥂋	tu2
𥂒	nong2
𥂓	mo2
𥂙	fen4
𥂢	ao2
𥂣	guo1
𥂤	hu2
𥂥	can2
𥂦	dun1
𥂧	hai3
𥂨	jiao3
𥂰	gu1
𥂵	jin1
𥂸	yang2
𥃀	cha4
𥃌	hui1
𥃔	qu2
𥃕	ke1
𥃟	qing1
𥃠	yi4
𥃣	kai3
𥃤	jiao3
𥃧	chou1
𥃨	bu3
𥃩	gen4
𥃪	jiao1
𥃫	zhi1
𥃮	wen4
𥃰	bin1
𥃴	xiong4
𥃵	fan4
𥃸	yi2
𥃹	chuan4
𥃺	yao4
𥃽	yang1
𥃾	du4
𥃿	yan3
𥄁	meng2
𥄇	chi1
𥄈	mu4
𥄉	jiao1
𥄋	nv4
𥄍	guo2
𥄎	xue4
𥄑	fu2
𥄒	xue1
𥄓	fu1
𥄔	pei4
𥄕	mo4
𥄖	xi1
𥄗	wo4
𥄘	shan3
𥄛	xi1
𥄜	qi4
𥄝	mian4
𥄦	dan3
𥄨	chou3
𥄱	fei4
𥄲	mie2
𥄴	xue4
𥄵	xu4
𥄶	si1
𥄷	ju3
𥄸	mao3
𥄹	bao4
𥄻	yi2
𥄼	gua1
𥄽	ni4
𥄿	yi2
𥅁	zuo4
𥅄	nu3
𥅑	dian4
𥅒	fan4
𥅓	yi4
𥅔	shi4
𥅗	cu1
𥅘	zhen3
𥅞	shi4
𥅟	jiao3
𥅠	hou4
𥅡	er2
𥅦	lei4
𥅧	xue4
𥅨	geng4
𥅪	shou1
𥅬	juan1
𥅴	jie2
𥅵	wei2
𥅷	shou3
𥅸	jing4
𥅺	xu2
𥅻	chong4
𥆅	jiang1
𥆆	mou4
𥆉	yu4
𥆌	jue2
𥆑	ting4
𥆔	xiao1
𥆖	dou1
𥆘	guo2
𥆙	mang2
𥆚	wang1
𥆛	xu4
𥆜	wang4
𥆝	suo1
𥆞	juan4
𥆟	yue4
𥆡	han2
𥆣	shen1
𥆥	xie2
𥆦	liu2
𥆧	run2
𥆯	bi4
𥆲	nao4
𥆶	wan4
𥆷	jiu4
𥆸	que1
𥇄	ni4
𥇆	mi2
𥇇	suo1
𥇉	qiang3
𥇌	han4
𥇍	zhuo2
𥇎	mi2
𥇏	xu4
𥇑	lang3
𥇒	jie2
𥇓	ding4
𥇔	chang4
𥇕	zhi4
𥇖	fei1
𥇗	jia2
𥇘	jun4
𥇙	huo4
𥇚	qi1
𥇛	ju1
𥇜	zhun1
𥇞	dian4
𥇟	jiao3
𥇠	ya1
𥇢	zhan3
𥇭	zhi1
𥇯	mai4
𥇰	hu1
𥇱	xie4
𥇲	shi2
𥇳	gui1
𥇿	xu4
𥈂	ji2
𥈄	chuang4
𥈆	mao4
𥈇	ruan2
𥈈	xu1
𥈉	huan4
𥈊	sha4
𥈋	ju3
𥈏	kuang4
𥈑	hou2
𥈒	guan1
𥈓	gua1
𥈕	mi2
𥈖	die2
𥈗	bi4
𥈘	liang3
𥈙	la4
𥈚	shan3
𥈛	lu4
𥈜	xi4
𥈟	sou3
𥈬	ou1
𥈮	leng2
𥈷	ku1
𥈸	gui1
𥈻	xi1
𥈼	pan2
𥈽	se4
𥈾	jue4
𥈿	hong4
𥉀	guan4
𥉁	ju4
𥉃	nai4
𥉄	hua2
𥉅	ge2
𥉆	li4
𥉇	gou4
𥉈	ti4
𥉊	ma4
𥉋	teng2
𥉌	da2
𥉐	qi1
𥉑	yu4
𥉒	jiao3
𥉓	mie4
𥉔	geng3
𥉕	meng4
𥉖	wei4
𥉘	ti2
𥉙	qi2
𥉜	chen2
𥉝	dou1
𥉟	pan2
𥉰	han4
𥉴	mi4
𥉵	ma2
𥉶	lu4
𥉷	qi1
𥉸	keng1
𥉺	die2
𥉻	qi4
𥉼	jiao1
𥉽	kang1
𥉾	qiao1
𥉿	mi4
𥊀	shan1
𥊇	jian1
𥊈	li2
𥊉	ke4
𥊊	xu4
𥊑	man2
𥊒	feng4
𥊓	chan4
𥊔	hui3
𥊧	kou4
𥊪	wei3
𥊫	guan4
𥊬	ji2
𥊭	zun4
𥊮	huo4
𥊯	xie2
𥊴	sui4
𥊶	ruan3
𥊸	te4
𥊼	zheng4
𥊽	kun1
𥊾	xiang3
𥊿	mian2
𥋁	xi4
𥋌	sa1
𥋙	e4
𥋚	mie4
𥋛	zhu3
𥋜	zou1
𥋝	meng3
𥋟	xi1
𥋡	tang2
𥋣	jia4
𥋤	chang2
𥋥	ji2
𥋮	zhuo2
𥋿	he4
𥌀	cha2
𥌁	qi4
𥌂	mian2
𥌃	zhen3
𥌄	ku1
𥌅	ye4
𥌆	zhou1
𥌈	jian1
𥌊	pan4
𥌍	hui1
𥌏	ming2
𥌐	liu4
𥌘	shui4
𥌚	mai4
𥌛	li2
𥌞	shuo4
𥌟	yi2
𥌤	li4
𥌨	xie1
𥌩	te4
𥌪	xiu1
𥌭	xuan4
𥌮	li4
𥌯	meng2
𥌰	wei2
𥌱	meng2
𥌺	yao4
𥌻	lan2
𥌼	ling2
𥌽	ying1
𥌾	ying1
𥌿	li4
𥍀	jian3
𥍁	gui1
𥍅	guan1
𥍆	xie4
𥍉	she4
𥍋	zui1
𥍓	kan4
𥍔	lei2
𥍚	bian4
𥍝	shu3
𥍞	nv4
𥍟	xu4
𥍣	hao4
𥍨	gui3
𥍪	zhai4
𥍫	lang2
𥍬	cuan1
𥍭	zhi4
𥍮	feng2
𥍯	qin1
𥍱	ze2
𥍲	na4
𥍳	niu3
𥍴	yi4
𥍷	cong1
𥍸	shi1
𥍹	jian3
𥍺	zong1
𥍻	yan3
𥍼	ying1
𥎀	ruan3
𥎂	rong2
𥎃	xi4
𥎅	guan1
𥎆	kai4
𥎈	wu4
𥎊	qin2
𥎋	cong1
𥎍	ze2
𥎎	xie4
𥎐	yu4
𥎑	zan4
𥎒	chuang1
𥎓	li3
𥎔	li3
𥎕	xu4
𥎖	mi2
𥎗	xu4
𥎘	ruan3
𥎛	gui4
𥎜	rong3
𥎝	zuan3
𥎟	mao2
𥎡	qin2
𥎢	cuan4
𥎣	cuan4
𥎤	cuan4
𥎮	wu1
𥎰	fa3
𥎱	ba2
𥎸	qia4
𥎹	zhi4
𥎺	tiao4
𥏄	zhi4
𥏅	zhi2
𥏇	huan4
𥏈	chou2
𥏊	zhi4
𥏎	ying3
𥏒	wu4
𥏓	bei1
𥏕	hong2
𥏖	shen3
𥏘	jue2
𥏙	kui4
𥏜	yi3
𥏝	ya4
𥏠	bi1
𥏤	kua4
𥏥	qian1
𥏨	zhao1
𥏪	kai3
𥏫	shang1
𥏮	an4
𥏯	zhe2
𥏰	zhi4
𥏷	zhi4
𥏹	jiao3
𥐀	si1
𥐁	pu2
𥐂	ou3
𥐊	zhuo2
𥐑	ying1
𥐓	huan1
𥐕	ya4
𥐘	shi2
𥐙	pa1
𥐚	pu3
𥐞	mang2
𥐟	chai1
𥐩	yun2
𥐬	gu3
𥐹	dan3
𥐻	nao2
𥐽	zhe2
𥐿	hu2
𥑅	keng1
𥑇	die2
𥑈	ting1
𥑋	guai4
𥑎	qiong1
𥑏	shi3
𥑐	jia3
𥑑	ao4
𥑒	na3
𥑓	pin3
𥑔	jia2
𥑡	zhe4
𥑢	bu4
𥑣	wo3
𥑥	cha3
𥑪	nao2
𥑫	kan3
𥑯	du2
𥑰	guai4
𥑱	qiong2
𥑳	rong2
𥑴	yi3
𥑵	dui1
𥑶	lei3
𥑸	zhou1
𥑹	kua1
𥑺	e1
𥑻	xian1
𥑼	dian4
𥑽	nuo4
𥑾	e4
𥑿	yong1
𥒀	wu4
𥒁	keng1
𥒓	zhi4
𥒗	zhi3
𥒘	xun2
𥒛	zheng4
𥒞	yang2
𥒠	huo4
𥒡	ji2
𥒢	nao3
𥒧	ya4
𥒨	lu4
𥒫	fu1
𥒬	san3
𥒭	chu4
𥒮	wei3
𥒰	fu3
𥒱	keng1
𥒲	si4
𥒳	kang4
𥒵	yi4
𥒶	hua4
𥒾	yu3
𥓃	li4
𥓆	lin3
𥓇	du3
𥓈	e4
𥓌	qiang3
𥓍	du2
𥓐	jie2
𥓑	chuo4
𥓒	xian4
𥓖	gao3
𥓬	dao4
𥓰	hong1
𥓻	zong1
𥓾	qi4
𥓿	tuo2
𥔀	hong1
𥔁	pi3
𥔂	geng4
𥔄	nie4
𥔇	kong1
𥔊	zhi3
𥔑	xiao3
𥔡	she4
𥔢	yu2
𥔣	jiang1
𥔩	qi3
𥔪	chen3
𥔫	sang3
𥔭	suo3
𥔮	qian2
𥔯	hui4
𥔱	shan4
𥔻	qiu1
𥔽	ke4
𥕀	weng1
𥕁	zi1
𥕂	ji2
𥕇	da3
𥕉	cuo4
𥕍	lou3
𥕎	kang1
𥕏	kuo4
𥕐	di2
𥕑	qie1
𥕓	mo4
𥕖	guo3
𥕗	hong1
𥕘	chao2
𥕙	hei1
𥕣	zhe2
𥕤	ke1
𥕦	gun3
𥕰	xu1
𥕱	peng2
𥕲	jue2
𥕵	gan3
𥕶	si1
𥕸	sui4
𥕹	que4
𥕻	wu2
𥕼	yan2
𥕽	peng4
𥕾	xiao3
𥕿	pan1
𥖍	la4
𥖗	beng4
𥖘	zhen3
𥖙	ji2
𥖜	jin3
𥖝	lian2
𥖞	ken3
𥖠	zhou2
𥖪	le4
𥖫	qi1
𥖬	bing4
𥖵	yin3
𥖶	pin1
𥖻	sou3
𥖼	lv4
𥖾	di2
𥖿	du2
𥗀	liao3
𥗁	zhuo2
𥗊	chang3
𥗒	chen4
𥗓	ta4
𥗙	que4
𥗚	dao4
𥗝	rang3
𥗟	po4
𥗦	zhong1
𥗧	xie1
𥗪	jiang1
𥗫	qu2
𥗬	lei3
𥗭	ca4
𥗮	que1
𥗵	xiang4
𥗶	lei4
𥗺	lan4
𥗽	lan2
𥗿	la3
𥘁	la3
𥘄	yu4
𥘊	jiao4
𥘋	qin2
𥘌	ji1
𥘏	gan3
𥘒	yi4
𥘠	yi4
𥘡	zhi1
𥘤	biao3
𥘥	sheng1
𥘦	jiu4
𥘫	he1
𥘬	fu2
𥘮	ju1
𥙀	zuo3
𥙁	yi2
𥙆	xian4
𥙇	yi2
𥙉	si4
𥙋	chui4
𥙎	mo4
𥙡	zhan1
𥙣	xun2
𥙦	ru2
𥙨	huo4
𥙬	shao1
𥙰	shou4
𥙾	you4
𥙿	yu4
𥚂	jun4
𥚉	zi1
𥚊	lu4
𥚚	chi3
𥚛	kun1
𥚠	zhun4
𥚦	hou2
𥚩	xu3
𥚾	zong1
𥚿	ying4
𥛂	zhu1
𥛅	liu4
𥛑	nu4
𥛘	bi4
𥛚	chi4
𥛜	zu3
𥛝	feng2
𥛞	lu4
𥛟	pu3
𥛥	zhuan4
𥛧	zhe2
𥛨	shi1
𥛩	yu3
𥛪	lu4
𥛫	liang2
𥛯	jue2
𥛰	liao4
𥛱	beng1
𥜃	yi4
𥜄	guan1
𥜌	ao3
𥜏	gui4
𥜐	min3
𥜒	yan3
𥜓	lan2
𥜖	bo2
𥜙	zan4
𥜚	you3
𥜥	yi4
𥜦	ni3
𥜬	ni3
𥜭	guo3
𥜮	jun4
𥜰	shi1
𥜲	xian3
𥜴	qian1
𥜵	que4
𥜶	kui2
𥝀	she2
𥝂	huo4
𥝄	wan4
𥝊	fei4
𥝋	fei4
𥝌	ji1
𥝍	yu4
𥝑	zhi1
𥝒	gua4
𥝔	jie2
𥝕	mang2
𥝖	he2
𥝘	you3
𥝟	du4
𥝠	si1
𥝢	li4
𥝥	jie2
𥝦	niu3
𥝧	ba4
𥝨	yu2
𥝮	zhi1
𥝸	he2
𥝹	ke1
𥝾	du4
𥝿	jia1
𥞁	chen1
𥞃	chui4
𥞄	he2
𥞅	zhai3
𥞊	mei4
𥞍	he2
𥞎	zi3
𥞏	zhu2
𥞒	tuo2
𥞘	zun4
𥞚	ru2
𥞛	duo4
𥞜	jiang4
𥞦	jia2
𥞧	heng2
𥞩	beng1
𥞪	mo4
𥞯	zu2
𥞲	bie1
𥞴	ku4
𥞵	jia2
𥞺	zhuo1
𥞼	xiu1
𥟂	lai2
𥟃	he2
𥟅	qiao1
𥟍	fei3
𥟎	sheng1
𥟒	zhui4
𥟓	kuan3
𥟔	ze4
𥟕	xian1
𥟗	bi4
𥟘	yi4
𥟚	chang4
𥟪	mao4
𥟶	wan3
𥟽	wu1
𥟾	ku1
𥟿	wo3
𥠀	xing1
𥠁	ke1
𥠃	jiu1
𥠄	duan1
𥠅	huan4
𥠈	zhi4
𥠉	ce4
𥠊	rou2
𥠋	ji2
𥠍	ye4
𥠛	jing1
𥠜	yang4
𥠡	zong3
𥠩	can3
𥠱	si1
𥠲	li4
𥠳	gu3
𥠴	chang4
𥠶	fei3
𥠷	liu2
𥠹	jie2
𥠺	yun1
𥠽	zhi4
𥡀	chou2
𥡁	bie1
𥡒	ji1
𥡜	luo2
𥡝	jian1
𥡟	chuang1
𥡠	shuang3
𥡢	lv4
𥡣	jun4
𥡤	jiao4
𥡦	ti4
𥡧	zha1
𥡪	yi4
𥡬	cong1
𥡭	nei3
𥡮	jia1
𥡴	ji4
𥡽	ai4
𥢇	jian3
𥢊	ben4
𥢌	fan2
𥢍	sui4
𥢎	zun4
𥢏	dian4
𥢐	gao1
𥢑	gao3
𥢒	lao2
𥢔	zhuo2
𥢢	tui2
𥢦	bi4
𥢧	ju2
𥢮	hua2
𥢲	cheng2
𥢶	kuai4
𥢷	dang1
𥢸	ge2
𥢹	xie2
𥢻	jie2
𥢽	can1
𥣆	zu2
𥣈	pu2
𥣋	shu3
𥣌	bu3
𥣗	ning2
𥣘	yan3
𥣙	zhou4
𥣛	meng2
𥣝	bian3
𥣟	xiang4
𥣤	lu4
𥣥	li2
𥣩	ji4
𥣫	mie4
𥣬	lei4
𥣮	zhi4
𥣯	you1
𥣰	bian3
𥣸	mu4
𥣺	ran4
𥤂	niao3
𥤊	quan2
𥤋	zhe2
𥤐	lei4
𥤗	dang3
𥤘	jue2
𥤜	ling2
𥤞	ling2
𥤟	yan2
𥤣	yao3
𥤤	zhen4
𥤥	qi1
𥤦	ai4
𥤨	nu2
𥤩	mang3
𥤱	kan3
𥤳	jiu1
𥤴	yan3
𥤵	mian4
𥤷	yin2
𥤸	wan2
𥤹	yao4
𥤺	wa1
𥤻	pi2
𥤼	sui4
𥥅	kong3
𥥈	hong2
𥥊	ming3
𥥋	ling2
𥥌	yi4
𥥍	shen1
𥥏	zuo4
𥥛	tu1
𥥝	yong4
𥥟	wa4
𥥠	gui3
𥥡	hong4
𥥥	shi4
𥥧	xiong4
𥥩	a1
𥥱	cheng2
𥥳	keng1
𥥴	yi4
𥥵	yang4
𥥶	ting2
𥥷	dou4
𥥸	cha2
𥥹	liu4
𥥽	qiu2
𥥾	xuan3
𥥿	shen1
𥦀	kuan1
𥦁	tong4
𥦃	qian3
𥦅	chou4
𥦊	wen3
𥦌	long4
𥦍	an3
𥦔	kan3
𥦖	yao3
𥦘	fu2
𥦜	beng4
𥦝	lan3
𥦞	qia4
𥦟	dian4
𥦢	jiao4
𥦣	gui1
𥦥	xiong4
𥦨	ke4
𥦶	xian4
𥦷	wong4
𥧂	gong3
𥧆	ou3
𥧇	ke1
𥧋	ku1
𥧑	tian2
𥧒	gou4
𥧓	ma3
𥧕	liu4
𥧙	wei4
𥧚	wen3
𥧡	gong4
𥧣	tu2
𥧤	ning2
𥧧	mi4
𥧫	lang2
𥧬	qian3
𥧭	man2
𥧮	zhe2
𥧰	hua4
𥧱	yong1
𥧲	jin4
𥧴	mei4
𥧷	fu2
𥧻	qu2
𥨌	liu4
𥨍	fu4
𥨎	dan4
𥨐	gong3
𥨒	cui4
𥨕	xing3
𥨜	tu1
𥨝	shou4
𥨪	qiong2
𥨳	rong2
𥨻	li4
𥨿	ji1
𥩀	tuo4
𥩌	tong2
𥩒	tan2
𥩔	ling2
𥩖	yi4
𥩗	ruan3
𥩙	pa3
𥩝	ca4
𥩡	yue4
𥩢	que4
𥩣	zhu4
𥩤	hai4
𥩱	fa2
𥩲	hai4
𥩺	lie4
𥪀	bu1
𥪁	ping1
𥪂	lie4
𥪊	kui3
𥪋	fu2
𥪌	tian3
𥪍	wo4
𥪏	ju1
𥪘	zhen1
𥪚	fu2
𥪢	long2
𥪦	xi4
𥪧	tian2
𥪫	ji4
𥪯	yao4
𥪱	cu4
𥪴	pang4
𥪵	qie4
𥪻	long2
𥪼	ji3
𥫂	tong2
𥫃	yi2
𥫅	chang1
𥫋	gong1
𥫎	dong4
𥫖	xiang1
𥫙	ting3
𥫛	zhuan1
𥫜	yi3
𥫝	yi4
𥫞	zi3
𥫟	qi3
𥫢	cha3
𥫬	dun4
𥫯	chong1
𥫰	lu4
𥫱	dun4
𥫳	fang1
𥫴	shi4
𥫵	ti4
𥫶	ji1
𥫷	qiu1
𥫸	shui3
𥫹	chen2
𥫼	huang4
𥫽	shi/chi2
𥬀	yun2
𥬆	long2
𥬈	man3
𥬉	gou1
𥬍	xian1
𥬎	mo4
𥬐	shen3
𥬒	po1
𥬓	yao4
𥬔	qu1
𥬕	ran3
𥬙	ju4
𥬜	yin3
𥬝	bai2
𥬞	nie4
𥬠	chou1
𥬪	rong2
𥬫	chuan3
𥬬	nie4
𥬭	li4
𥬮	jiang1
𥬯	kao3
𥬰	ce4
𥬱	chong4
𥬲	zhua1
𥬳	zi3
𥬴	yang2
𥬼	wen3
𥭋	ji4
𥭌	ji4
𥭐	lv4
𥭑	qiu2
𥭒	dun4
𥭓	bao2
𥭔	chan1
𥭖	bo2
𥭘	chi1
𥭙	zhe4
𥭚	mang4
𥭜	ji4
𥭝	miao4
𥭞	yuan4
𥭠	wu2
𥭡	zhi4
𥭢	ping1
𥭥	chong1
𥭫	mi2
𥭬	fei2
𥭭	cuo1
𥭮	meng2
𥮍	yin2
𥮎	mang3
𥮏	dian3
𥮐	diao1
𥮒	qian2
𥮕	hang4
𥮖	zhi2
𥮗	ju2
𥮘	nian4
𥮜	mi2
𥮝	gu3
𥮣	zhua1
𥮤	nie4
𥮥	zhuo2
𥮧	ye4
𥮨	cong4
𥮪	xu1
𥮬	xi4
𥮯	bo1
𥮾	can3/zan1
𥯃	yan3
𥯑	jin3
𥯔	ju3
𥯕	dang4
𥯖	du4
𥯘	ye2
𥯙	jing4
𥯚	ke4
𥯛	luo4
𥯜	wei3
𥯝	tu1
𥯞	you2
𥯟	pai4
𥯡	pi2
𥯢	ding4
𥯤	wei3
𥯥	che4
𥯦	jian4
𥯨	si1
𥯩	zhuo2
𥯪	sou4
𥯬	ruan3
𥯮	yu2
𥯳	e4
𥯶	ku3
𥯸	zhu4
𥯾	xia2
𥰛	fu2
𥰜	tao2
𥰝	xi1
𥰞	chou1
𥰟	yuan2
𥰠	lv2
𥰡	ce4
𥰢	shan4
𥰣	liu2
𥰥	xi4
𥰦	ji1
𥰧	yi3
𥰨	tan2
𥰪	hu2
𥰭	cuo1
𥰮	ge3
𥰰	shi4
𥰱	sao1
𥰲	hong4
𥰳	xian4
𥰶	xia2
𥰻	mu4
𥰼	suo3
𥰾	zhai4
𥱀	fu1
𥱁	se4
𥱂	nu2
𥱃	yi4
𥱧	qin2
𥱨	qing4
𥱵	hui4
𥱶	shuang3
𥱷	dan3
𥱸	ou1
𥱹	mo4
𥱺	qian1
𥱻	chi4
𥱼	pai2
𥱽	juan4
𥲀	chao2
𥲁	lie4
𥲂	bing1
𥲃	kou4
𥲄	dan4
𥲅	chou2
𥲆	tong1
𥲇	dan4
𥲈	man3
𥲉	hu4
𥲊	liao2
𥲋	xian2
𥲍	cao2
𥲎	lu4
𥲏	chuan4
𥲐	wu2
𥲑	man2
𥲕	zi3
𥲗	du4
𥲚	shuang4
𥲛	fu4
𥲜	ju4
𥲝	zhou4
𥲟	diao4
𥲠	wang4
𥲡	chuang1
𥲢	qian1
𥲣	tui4
𥲥	lian2
𥲦	biao1
𥲧	li2
𥲪	li2
𥳆	bi4
𥳇	fu4
𥳈	cui4
𥳉	du1
𥳋	zan4
𥳌	long2
𥳍	xun2
𥳎	qiong2
𥳏	ji1
𥳐	qian3
𥳒	jian3
𥳓	shao1
𥳔	duo4
𥳕	shu1
𥳖	bu4
𥳗	xu1
𥳘	dong3
𥳚	ran2
𥳜	yang2
𥳝	rui3
𥳞	lin4
𥳟	jian3
𥳠	di4
𥳡	fen2
𥳢	dian4
𥳣	zui4
𥳥	ning3
𥳪	suan4
𥳫	tian3
𥳬	an4
𥳯	ce4
𥳰	ding4
𥳱	shen1
𥳲	du4
𥳳	ti2
𥳴	jiao3
𥳵	zui4
𥳶	zhang3
𥳷	jian3
𥳸	dan4
𥳹	dan3
𥳺	song3
𥴐	zhan3
𥴑	ting2
𥴒	zhi4
𥴕	you2
𥴖	pai2
𥴡	li3
𥴤	qian2
𥴦	sui4
𥴧	ju3
𥴨	ai4
𥴩	ge2
𥴪	ju4
𥴫	tun2
𥴬	bi4
𥴭	qia4
𥴮	bo2
𥴯	hui4
𥴱	jian4
𥴴	gou1
𥴵	suan4
𥴺	ci2
𥴻	qiang4
𥴿	yan2
𥵏	dian4
𥵒	mie4
𥵜	po4
𥵝	ling3
𥵞	jie2
𥵟	zhu4
𥵠	gu3
𥵣	duan1
𥵤	zhao4
𥵦	shao3
𥵧	qin3
𥵨	mi2
𥵪	ping2
𥵫	cong2
𥵬	chou1
𥵯	sa4
𥵶	tian3
𥶅	liu2
𥶆	lv2
𥶇	lu3
𥶈	zou1
𥶌	lv4
𥶍	huan3
𥶏	tiao2
𥶐	tui2
𥶑	qiang3
𥶒	lin4
𥶓	bei1
𥶔	pao2
𥶕	zhan1
𥶗	li4
𥶛	ti2
𥶜	hu2
𥶢	lie4
𥶵	hui3
𥶶	qu1
𥶷	xuan3
𥶹	jing4
𥶺	die2
𥶻	sui2
𥶽	wei4
𥶿	yan2
𥷀	yan1
𥷁	ban4
𥷃	jiang3
𥷄	ni3
𥷅	li4
𥷆	hu2
𥷇	qi4
𥷈	zhong1
𥷑	bi4
𥷔	yu2
𥷕	die2
𥷖	lin4
𥷗	li4
𥷘	zhuo2
𥷙	ji4
𥷚	ju1
𥷜	feng1
𥷞	yu4
𥷨	lie4
𥷩	za2
𥷪	qian2
𥷫	jie1
𥷬	guan1
𥷮	zhuo2
𥷱	fu4
𥷹	se4
𥷼	cu4
𥸃	hui3
𥸈	dang4
𥸉	long2
𥸊	yi4
𥸗	sa3
𥸘	yue4
𥸚	di2
𥸡	gan3
𥸢	zan1
𥸣	shan4
𥸤	yu4
𥸥	bo3
𥸧	ding4
𥸨	fan2
𥸪	yu4
𥸬	shen1
𥸲	gong1
𥸴	mie4
𥸵	tun2
𥸸	lie4
𥹁	zha1
𥹂	pei1
𥹄	mi2
𥹆	ming2
𥹇	fan4
𥹉	na4
𥹊	si4
𥹋	yi2
𥹌	jia1
𥹍	zhu4
𥹓	ban1
𥹔	yu4
𥹖	po3
𥹚	huan1
𥹛	can4
𥹜	jiao1
𥹠	tan2
𥹩	zhi4
𥹫	mi3
𥹬	kao3
𥹱	yao1
𥹲	dui4
𥹳	quan3
𥹴	bu4
𥹵	chu4
𥹶	qiao3
𥹷	liu2
𥹸	bo2
𥹺	kang1
𥹻	fen4
𥺅	dao4
𥺉	dou4
𥺊	ge2
𥺙	ling2
𥺚	xi2
𥺜	ni4
𥺝	zhou1
𥺞	zhou1
𥺣	chou1
𥺴	nian1
𥺵	ji1
𥺷	qu1
𥻄	kai1
𥻇	xian4
𥻉	he2
𥻋	lin2
𥻍	zi1
𥻑	ou3
𥻒	cu4
𥻝	zhong4
𥻞	bu2
𥻤	chou1
𥻥	xi4
𥻦	sa4
𥻧	xian2
𥻨	se4
𥻩	mian4
𥻫	fan2
𥻬	zhi1
𥻮	cui4
𥻴	xia4
𥻾	nuo4
𥻿	li2
𥼀	zu2
𥼂	cui1
𥼃	ze2
𥼅	li2
𥼘	qi2
𥼚	zhuo1
𥼛	cui4
𥼜	pu1
𥼞	fan2
𥼟	tan2
𥼩	zi1
𥼪	zu3
𥼫	zhou1
𥼬	rong2
𥼭	lin2
𥼮	tan2
𥼶	shi4
𥼺	cui3
𥼻	zi1
𥼼	fu1
𥽁	xiao4
𥽈	feng1
𥽏	xian4
𥽐	jian4
𥽒	fen4
𥽗	li4
𥽘	mo4
𥽟	you1
𥽥	huo4
𥽧	qu1
𥽬	niang4
𥽰	mi2
𥽳	qi4
𥽶	he2
𥽸	lian4
𥽿	zuo4
𥾂	ling2
𥾅	zhu2
𥾇	niao3
𥾊	ji3
𥾋	reng2
𥾌	jie2
𥾍	gan3
𥾐	yi4
𥾓	zhou2
𥾕	wu4
𥾚	geng3
𥾛	cu4
𥾝	mie4
𥾡	xun2
𥾣	zhi1
𥾤	xiao2
𥾧	fu2
𥾨	hu2
𥾬	di1
𥾮	jue2
𥾯	diao4
𥾹	shou3
𥾼	wang3
𥿃	na4
𥿄	di1
𥿅	shi4
𥿆	ci2
𥿇	shu1
𥿉	wa4
𥿊	che4
𥿋	fan2
𥿍	gu1
𥿎	yuan1
𥿑	guan1
𥿚	qie4
𥿜	zhan3
𥿝	dai4
𥿞	she1
𥿦	zhou1
𥿧	xiang3
𥿨	ming2
𥿩	zi4
𥿪	huang1
𥿫	mi2
𥿭	xi4
𥿮	zhi4
𥿯	pai4
𥿰	duo3
𥿴	ci4
𥿵	mou2
𥿷	chao4
𥿹	yi4
𥿺	gou1
𦀇	jing1
𦀓	zeng1
𦀔	ping1
𦀕	ye4
𦀖	jie2
𦀘	pi1
𦀛	sha1
𦀜	zhuang4
𦀝	jiong3
𦀠	liu2
𦀡	yu3
𦀣	ju1
𦀨	nuo4
𦀸	mao4
𦁄	chen1
𦁆	zhuan4
𦁇	nian4
𦁈	kong4
𦁉	jie1
𦁊	hua4
𦁍	xin1
𦁎	zuo2
𦁏	yan4
𦁐	jue2
𦁕	hu1
𦁖	zhou4
𦁗	she4
𦁙	yan3
𦁛	xie4
𦁜	die2
𦁟	chen1
𦁲	jian3
𦁳	ji4
𦁶	chuo4
𦁷	hong2
𦂀	da2
𦂄	kai1
𦂅	xing1
𦂆	hui4
𦂇	jian3
𦂈	zhou4
𦂉	zha3
𦂊	fu4
𦂋	chi4
𦂌	beng3
𦂍	nuo4
𦂑	ji4
𦂒	qian2
𦂔	wan4
𦂕	ou2
𦂖	bi4
𦂗	shuo4
𦂠	jing1
𦂡	ye4
𦃄	fei3
𦃇	li2
𦃊	li4
𦃋	pi2
𦃒	sui4
𦃓	liu2
𦃔	he2
𦃕	hun3
𦃖	tan3
𦃗	shuo4
𦃘	zhi4
𦃙	bo2
𦃝	xi4
𦃡	po2
𦃢	qun3
𦃤	mu4
𦃽	yong1
𦄂	dai4
𦄊	qi3
𦄋	diao3
𦄌	nie4
𦄍	shuang3
𦄏	shao1
𦄐	kun3
𦄑	sui4
𦄓	dou1
𦄔	die2
𦄜	gong1
𦄯	zhuan3
𦄰	guo2
𦄼	xu1
𦄽	qu2
𦅀	xun2
𦅃	jiao1
𦅄	zhe2
𦅆	dian4
𦅇	sang1
𦅈	beng1
𦅊	suo3
𦅋	qian3
𦅏	xu1
𦅑	xun2
𦅔	mo4
𦅵	sui4
𦅶	la4
𦅷	zhu3
𦅸	zhou4
𦅺	li4
𦅼	dan1
𦅽	ju2
𦅿	yun4
𦆀	chan3
𦆁	luo2
𦆄	se4
𦆆	lian2
𦆈	zuan3
𦆋	lai4
𦆌	shuang3
𦆍	qie4
𦆘	dou1
𦆞	wu4
𦆟	meng2
𦆡	ji4
𦆤	chi1
𦆦	ni3
𦆸	yao2
𦆻	la4
𦆾	lv4
𦇀	sui4
𦇁	fu1
𦇄	lei3
𦇅	wei3
𦇎	cong1
𦇔	li4
𦇖	pin2
𦇘	jun1
𦇙	ju3
𦇛	la4
𦇧	ji4
𦇪	mie4
𦇬	yao4
𦇭	bian1
𦇱	cong2
𦇲	si1
𦇵	si1
𦇸	he2
𦈃	nang4
𦈅	die2
𦈈	che4
𦈉	yun4
𦈋	xiu3
𦈌	shu1
𦈎	chan3
𦈏	min2
𦈐	lian2
𦈑	yin1
𦈒	xing1
𦈓	wei1
𦈔	gu3
𦈕	tou2
𦈖	ta1
𦈗	fei3
𦈘	da1
𦈙	nie4
𦈚	cu4
𦈛	zuo3
𦈜	jie2
𦈝	xuan4
𦈞	bo2
𦈟	jin1
𦈠	yin3
𦈣	yu2
𦈤	xiong4
𦈦	qi4
𦈧	bei1
𦈨	xing2
𦈩	gong3
𦈬	zui3
𦈰	jie1
𦈲	kai1
𦈵	xing2
𦈶	bei1
𦈷	shu1
𦈸	yu4
𦈺	zhou3
𦈻	zhan3
𦉂	zhong1
𦉆	cha2
𦉈	chui2
𦉉	liu4
𦉎	sui1
𦉐	zhu3
𦉙	bian4
𦉝	xin4
𦉟	ya4
𦉢	ling2
𦉧	ya4
𦉬	ting1
𦉹	di2
𦊁	pi2
𦊂	hu4
𦊃	cen2
𦊊	tian1
𦊋	mou3
𦊌	juan3
𦊎	mou3
𦊐	ju4
𦊑	liu3
𦊓	ling3
𦊗	liu3
𦊘	hu4
𦊦	fu2
𦊧	hu2
𦊪	e4
𦊫	gong1
𦊬	gu1
𦊱	gua4
𦊹	lve4
𦊻	fan2
𦊼	lv4
𦊽	meng2
𦊾	fu2
𦊿	liu2
𦋅	xie2
𦋆	gu1
𦋈	xian4
𦋉	bo2
𦋋	ji4
𦋓	quan1
𦋔	lu4
𦋞	shuo4
𦋡	mou3
𦋢	yu4
𦋣	han4
𦋩	yue4
𦋪	dan4
𦋯	yu2
𦋰	jian1
𦋳	gang1
𦋿	cao2
𦌀	shen4
𦌁	liu3
𦌆	jiao1
𦌉	su4
𦌊	su4
𦌋	zhong4
𦌒	liao4
𦌔	xuan3
𦌕	lu4
𦌗	ji4
𦌚	yan2
𦌟	lu4
𦌡	min3
𦌢	ti2
𦌦	huan4
𦌩	yi4
𦌪	tan3
𦌬	wu3
𦌰	ji1
𦌷	du2
𦌸	kun1
𦌺	jun1
𦌿	shi1
𦍀	nan4
𦍁	po4
𦍄	shu1
𦍅	quan4
𦍌	ren4
𦍏	fen2
𦍒	ta4
𦍓	tun2
𦍕	yang2
𦍠	li4
𦍦	duo1
𦍧	ci1
𦍩	gu3
𦍪	fen2
𦍭	rou2
𦍱	gao1
𦍲	xiang2
𦍴	xiang2
𦍵	hou3
𦍷	tao1
𦍸	shan4
𦍹	yang2
𦍺	zi4
𦍼	yuan2
𦎄	su2
𦎇	chuan4
𦎈	xiang2
𦎊	ban1
𦎌	man3
𦎎	fu3
𦎏	la3
𦎐	li3
𦎒	jie2
𦎓	you1
𦎘	yu4
𦎚	chi4
𦎜	chuan4
𦎝	yi4
𦎞	shan1
𦎢	ji2
𦎣	yan1
𦎦	wu4
𦎧	chun2
𦎨	mang2
𦎭	fu2
𦎮	jia1
𦎯	gou4
𦎰	gu2
𦎱	jia2
𦎵	xian2
𦎷	jin4
𦎸	zi4
𦎹	lou2
𦎼	gou4
𦏀	ren2
𦏂	shan1
𦏅	jue2
𦏆	tong2
𦏇	you3
𦏔	jian1
𦏕	du2
𦏗	hu2
𦏛	sao1
𦏜	yu4
𦏢	mai4
𦏤	zhi1
𦏥	yan1
𦏦	gao1
𦏨	huai4
𦏮	quan2
𦏱	yang3
𦏳	zui3
𦏷	xiao1
𦏸	yi4
𦏹	yan3
𦏺	hong2
𦏻	yu2
𦏿	chi4
𦐁	chi2
𦐄	hang2
𦐅	se4
𦐆	pa1
𦐇	ta4
𦐈	fen1
𦐉	chi1
𦐌	hong2
𦐍	xue4
𦐖	zhi3
𦐛	qu2
𦐠	xi1
𦐡	fu2
𦐣	shu1
𦐤	hai4
𦐦	po4
𦐨	ci3
𦐰	chai4
𦐳	hong1
𦐸	pao3
𦐹	shen1
𦐺	xiao1
𦐽	xuan1
𦐾	ci3
𦐿	ting2
𦑀	po4
𦑇	ta4
𦑈	cha1
𦑋	zu2
𦑌	huo4
𦑍	xu4
𦑎	yan4
𦑏	chai4
𦑑	tuo2
𦑘	xian2
𦑙	xuan1
𦑚	hou2
𦑛	huan3
𦑜	ge2
𦑝	chong3
𦑞	bi4
𦑟	hong1
𦑠	hong1
𦑡	chi2
𦑣	cha2
𦑯	zha3
𦑱	zhai2
𦑲	ta4
𦑵	po4
𦑶	ta4
𦑸	you2
𦑹	fu2
𦑺	ci1
𦑻	da2
𦑼	ta3
𦑾	liu2
𦒁	ci1
𦒃	hong1
𦒅	han4
𦒆	la1
𦒈	shi1
𦒎	hui4
𦒏	he2
𦒐	pie1
𦒑	yu4
𦒜	xian1
𦒝	han3
𦒟	po4
𦒦	la4
𦒧	huo4
𦒰	tai4
𦒴	lao3
𦒶	shu4
𦒺	dao4
𦒻	dian3
𦓈	xiong4
𦓋	wang4
𦓍	che3
𦓎	nai4
𦓐	jue2
𦓓	er2
𦓔	er2
𦓕	nv2
𦓖	nv4
𦓝	zhuan3
𦓢	nuo4
𦓤	lie4
𦓥	lei3
𦓧	ba1
𦓬	cheng1
𦓯	gui1
𦓰	quan2
𦓱	ge4
𦓳	gong3
𦓴	shao4
𦓹	lai2
𦓺	zheng1
𦓻	yi4
𦓼	gun3
𦓽	wei1
𦓾	lun3
𦔂	shi2
𦔃	ying1
𦔄	sheng3
𦔅	tu2
𦔆	bi4
𦔈	ze2
𦔉	zhong4
𦔋	rong3
𦔌	qi2
𦔍	fu4
𦔎	ce4
𦔓	li2
𦔔	man2
𦔖	lian2
𦔗	biao1
𦔛	chuang2
𦔜	yi4
𦔠	pai4
𦔥	yi4
𦔦	kuai4
𦔩	biao1
𦔫	chi4
𦔬	qu2
𦔭	mo4
𦔮	zhe2
𦔯	sha4
𦔰	sha4
𦔷	yao1
𦔸	gong1
𦔹	nai4
𦔼	xie4
𦔿	tian4
𦕆	ye2
𦕉	sha1
𦕏	sao4
𦕒	dian1
𦕓	xu4
𦕙	qu2
𦕠	hong1
𦕡	sheng4
𦕢	ting4
𦕰	duo
𦕵	liao2
𦕷	hong4
𦕸	li3
𦕺	xiang3
𦕽	shen4
𦖀	fu1
𦖈	yan3
𦖉	wang3
𦖊	qi1
𦖋	duo3
𦖍	hua4
𦖎	qian1
𦖐	xie4
𦖝	ci4
𦖞	sheng1
𦖢	er4
𦖤	xing1
𦖦	tui4
𦖧	yan4
𦖩	lie4
𦖬	mi2
𦖸	zong4
𦖺	zi1
𦖼	hu2
𦖽	ying2
𦖾	lian2
𦖿	da1
𦗀	tian2
𦗁	tian4
𦗋	rong2
𦗍	ai4
𦗐	ai4
𦗑	zhe2
𦗒	guo1
𦗓	lu4
𦗔	zhao1
𦗕	mi2
𦗖	liao2
𦗗	zhe2
𦗛	qu3
𦗜	cong1
𦗟	ting1
𦗡	tan2
𦗢	zhan3
𦗣	hu2
𦗥	pie1
𦗧	da1
𦗨	rong2
𦗮	nao3
𦗳	nang2
𦗴	dang1
𦗵	jiao3
𦗻	ju4
𦗼	er3
𦘊	li4
𦘌	guo1
𦘍	wai4
𦘒	nie4
𦘔	jin1
𦘩	pi3
𦘪	chi4
𦘲	pi3
𦘳	yi4
𦘴	du1
𦘵	wa3
𦘶	xun1
𦘸	qi4
𦘹	shan4
𦘼	xu1
𦘿	he1
𦙀	pan4
𦙂	pei1
𦙄	xiong1
𦙆	chi3
𦙇	tan1
𦙈	zui4
𦙉	zuan3
𦙊	qi4
𦙋	du1
𦙙	shui3
𦙜	na3
𦙝	xi1
𦙧	chao3
𦙨	yi4
𦙫	zheng1
𦙮	ju2
𦙯	dai4
𦙱	san1
𦙴	zhu4
𦙵	wan4
𦙸	san1
𦙹	ban4
𦙺	jia4
𦙻	mai4
𦚈	tuo4
𦚊	qi4
𦚏	zhuang1
𦚐	tuo2
𦚓	ping2
𦚝	peng1
𦚞	kuang1
𦚟	yi2
𦚡	xie4
𦚢	yue1
𦚣	hen2
𦚥	hou2
𦚦	zheng1
𦚧	chun3
𦚨	shi4
𦚩	wa3
𦚫	xie2
𦚸	geng4
𦛅	e4
𦛏	ku2
𦛐	na4
𦛓	ju1
𦛔	xuan4
𦛕	qu1
𦛖	che4
𦛗	lv3
𦛘	he2
𦛙	sheng4
𦛚	nan4
𦛜	he2
𦛝	cha2
𦛞	yan1
𦛟	geng3
𦛠	nie4
𦛢	guo2
𦛣	yan2
𦛤	guan3
𦛧	zhi4
𦛨	lao2
𦛯	du3
𦛰	qi4
𦛱	qu1
𦛲	jue2
𦜁	feng1
𦜃	xu4
𦜄	tui4
𦜆	han2
𦜇	ku1
𦜊	shen1
𦜋	zhi4
𦜍	pang4
𦜎	zheng1
𦜏	li4
𦜐	wan3
𦜒	fan3
𦜓	xin4
𦜖	ya4
𦜛	ju1
𦜜	shen4
𦜭	mang3
𦜯	tun3
𦜰	zhuo2
𦜱	xi1
𦜲	yin4
𦜳	jing1
𦜴	tun2
𦜷	geng4
𦜸	ji4
𦝏	zhuan3
𦝒	tie1
𦝔	zhi1
𦝖	ji2
𦝚	ying2
𦝛	wei4
𦝝	huan4
𦝞	ting2
𦝟	chan2
𦝠	luo2
𦝢	kui2
𦝣	qia4
𦝤	ban4
𦝥	cha1
𦝦	tuo3
𦝧	nan3
𦝨	jie1
𦝪	yan1
𦝬	tu2
𦝮	wen3
𦝰	cong1
𦝳	xu4
𦝴	yin4
𦝷	beng4
𦞁	zai1
𦞂	da1
𦞆	nie4
𦞇	ju3
𦞈	hou2
𦞌	geng4
𦞕	hou2
𦞖	kan1
𦞗	gong1
𦞙	hui3
𦞚	xie4
𦞝	xi4
𦞞	han2
𦞟	mi2
𦞡	weng3
𦞢	hun4
𦞣	sao1
𦞤	xin4
𦞥	zhe2
𦞦	huo4
𦞨	gong1
𦞫	sai4
𦞬	jin1
𦞭	wa1
𦞱	dui3
𦞲	chi1
𦞽	xi1
𦟂	mi2
𦟃	zang1
𦟄	sang3
𦟓	tun2
𦟔	zhi4
𦟕	wen3
𦟘	yin2
𦟙	tun3
𦟛	chong1
𦟜	ze2
𦟞	xiao1
𦟟	mo2
𦟠	cu4
𦟣	bian3
𦟤	xiu1
𦟧	yi2
𦟮	huang3
𦟰	zha1
𦟱	suo1
𦟲	hun2
𦟳	ju4
𦠁	cu4
𦠄	ji1
𦠅	xun2
𦠆	sun3
𦠇	ceng2
𦠉	yi4
𦠎	biao1
𦠒	jue2
𦠓	li4
𦠖	pao4
𦠛	za1
𦠜	ye4
𦠞	bi4
𦠟	zhe4
𦠠	zhe4
𦠢	jiu4
𦠣	zhe2
𦠦	shu4
𦠪	xi1
𦠷	xu3
𦠸	nai3
𦠹	xian2
𦠺	gun3
𦠻	wei4
𦠾	ji2
𦠿	sa4
𦡂	dong3
𦡃	nuo2
𦡄	du4
𦡅	zheng1
𦡆	ku1
𦡉	ming2
𦡕	bao2
𦡖	hui4
𦡙	zong1
𦡨	san4
𦡪	teng1
𦡫	yi2
𦡭	yu4
𦡱	yao4
𦡲	ning3
𦡴	chou2
𦡵	hun4
𦡷	dui4
𦡹	qi4
𦡺	ying3
𦡻	bing4
𦡼	ning2
𦡽	huang2
𦢆	ying3
𦢊	bao2
𦢎	guang4
𦢏	lei3
𦢐	zun3
𦢙	chan3
𦢣	jian3
𦢧	meng2
𦢩	xiao4
𦢯	xin4
𦢱	li2
𦢺	qiao3
𦢿	wei3
𦣀	na4
𦣂	pang1
𦣄	lei2
𦣇	luo2
𦣋	luan2
𦣍	geng1
𦣏	luan2
𦣒	qu2
𦣖	luo2
𦣘	nang2
𦣛	luo2
𦣜	yue4
𦣢	shui4
𦣥	mi4
𦣦	wang2
𦣧	ce4
𦣨	jian1
𦣩	wang3
𦣯	jia1
𦣴	huan2
𦣸	lian4
𦣹	zi4
𦣺	bai2
𦣻	shou3
𦣾	wan3
𦤂	shu1
𦤇	gui1
𦤈	xi1
𦤊	ru2
𦤋	yao4
𦤎	gao1
𦤕	yue4
𦤘	yong1
𦤙	wa4
𦤚	bo2
𦤟	xin4
𦤢	pi4
𦤣	bo2
𦤦	hai4
𦤧	zhai4
𦤨	wo4
𦤪	ye4
𦤫	bi4
𦤬	hai4
𦤸	chi4
𦤻	zhi4
𦤽	ni2
𦥁	wu2
𦥂	ai3
𦥈	ai3
𦥉	yu3
𦥊	chi4
𦥍	jing4
𦥎	zhi4
𦥏	zhi4
𦥐	zhi4
𦥑	ju2
𦥖	han2
𦥚	ping1
𦥝	yao3
𦥣	you2
𦥤	ping1
𦥦	mo4
𦥬	zuo4
𦥭	po4
𦥯	xue2
𦥰	kuang2
𦥱	yi4
𦥲	po4
𦥻	zhui4
𦦃	ni2
𦦄	qiu3
𦦅	cou4
𦦌	yao3
𦦑	fen2
𦦕	xia2
𦦗	jiang1
𦦘	cha1
𦦛	xiao4
𦦜	cha1
𦦢	cheng2
𦦣	cui4
𦦧	qiong2
𦦩	yu4
𦦫	yu2
𦦯	wen4
𦦱	cha1
𦦲	yu3
𦦹	zuo2
𦦺	dao3
𦦽	juan4
𦦾	dao3
𦦿	ying1
𦧁	feng3
𦧅	weng4
𦧈	jin4
𦧉	qi4
𦧋	qin4
𦧍	kuo4
𦧏	tan1
𦧐	xian1
𦧒	tian1
𦧔	kuo4
𦧖	tian4
𦧘	hu2
𦧙	zhu1
𦧚	zhan1
𦧛	ta4
𦧝	tian1
𦧞	ta4
𦧟	ta4
𦧠	hua2
𦧡	yan3
𦧢	tie4
𦧤	tie4
𦧥	ta4
𦧬	huai4
𦧮	jia2
𦧯	qi4
𦧱	ta4
𦧴	tan1
𦧵	hua4
𦧸	zhuan4
𦧹	hua1
𦧼	lan2
𦨆	zun1
𦨇	yi4
𦨈	fu2
𦨉	wu4
𦨋	fu2
𦨍	ding1
𦨎	ta4
𦨖	chao4
𦨙	ri4
𦨚	quan3
𦨜	ge1
𦨡	fu2
𦨢	di4
𦨣	diao1
𦨤	yong3
𦨦	jia4
𦨩	long2
𦨬	yong3
𦨭	pi2
𦨯	huo2
𦨰	qiong2
𦨲	fan2
𦨳	wu2
𦨴	tong2
𦨵	hang2
𦨸	tan1
𦨾	heng1
𦩄	tiao1
𦩈	zhou1
𦩋	bai4
𦩌	xie4
𦩍	dao1
𦩏	jin1
𦩕	hu1
𦩖	bei1
𦩘	ding4
𦩜	nuo2
𦩝	wei4
𦩞	yu2
𦩠	xing1
𦩡	fu2
𦩢	xian4
𦩣	qi4
𦩤	tu1
𦩧	ji2
𦩩	ying4
𦩫	deng4
𦩬	wei1
𦩭	xi1
𦩯	pai2
𦩱	sheng2
𦩲	you3
𦩴	ai2
𦩵	jian4
𦩷	gou1
𦩸	ruo4
𦩼	gong4
𦩿	sha4
𦪀	tang2
𦪇	lu4
𦪈	ao2
𦪊	qi4
𦪋	xiu1
𦪍	dai1
𦪑	fa2
𦪒	wei4
𦪔	dun4
𦪕	liao2
𦪖	fan1
𦪗	huang2
𦪘	jue2
𦪙	ta4
𦪚	zun4
𦪛	rao2
𦪜	can1
𦪝	teng2
𦪠	hua4
𦪡	xu1
𦪣	zhan1
𦪧	gan3
𦪪	peng2
𦪫	can1
𦪬	xie1
𦪭	da2
𦪱	ji4
𦪶	li3
𦪹	pan2
𦪽	long2
𦪾	li4
𦪿	xi2
𦫀	teng2
𦫃	ling2
𦫈	li3
𦫉	ran2
𦫊	ling2
𦫎	gun3
𦫔	po1
𦫕	mo4
𦫖	pai1
𦫙	ba4
𦫡	qi2
𦫤	yan2
𦫪	wa4
𦫫	ang3
𦫭	ming4
𦫮	min3
𦫯	xun4
𦫰	meng2
𦫳	guai3
𦫶	jiao1
𦫻	gai3
𦬁	cai2
𦬂	wu4
𦬃	zhe2
𦬄	ren3
𦬅	kou1
𦬔	zhao3
𦬕	zhong1
𦬖	qiu2
𦬗	guo1
𦬘	gong1
𦬙	pu1
𦬚	hu4
𦬛	mian3
𦬞	tian1
𦬣	wang3
𦬸	zhu2
𦬹	da2
𦬺	xiong4
𦬻	na2
𦬾	juan1
𦭁	nian3
𦭈	hu4
𦭉	sha1
𦭟	ta1
𦭡	si1
𦭥	yi4
𦭭	qiong2
𦭮	zhi4
𦭯	lv3
𦭰	ru2
𦭲	qi2
𦭳	yu3
𦭴	zhou1
𦭵	yang2
𦭶	xian3
𦭷	mou2
𦭸	chou2
𦭹	hui1
𦭺	jiu1
𦭻	jiu4
𦭼	piao3
𦮁	jiao4
𦮃	guai1
𦮅	mo4
𦮐	xi1
𦮑	pu2
𦮯	ji4
𦮶	wen3
𦮷	bei4
𦮸	yi3
𦮹	fu2
𦮺	si1
𦮻	juan1
𦮼	ji4
𦮾	ni4
𦯀	ben4
𦯅	xu4
𦯈	qin3
𦯉	bo2
𦯌	wang2
𦯍	zhe4
𦯏	wo4
𦯐	shao2
𦯑	zao4
𦯒	yang3
𦯕	song4
𦯖	nie4
𦯛	bi4
𦯣	cu2
𦯤	qiang1
𦯪	xiao4
𦯫	zhi1
𦯬	she2
𦯯	zhi4
𦯰	peng1
𦰏	diao4
𦰖	wo4
𦰘	zhi3
𦰙	bi4
𦰛	fen2
𦰥	bang1
𦰪	qiu2
𦰫	ni3
𦰬	bo2
𦰭	dun4
𦰯	shi3
𦰰	xu1
𦰱	chang2
𦰲	xu1
𦰳	ye2
𦰴	mi2
𦰸	xin1
𦰹	zhuo2
𦰺	fu4
𦰽	pi3
𦰾	xue4
𦱀	yu4
𦱁	xian2
𦱂	yu4
𦱃	yu2
𦱅	ju1
𦱆	ta1
𦱇	kong1
𦱊	zheng1
𦱋	meng2
𦱌	gang1
𦱒	mu4
𦱓	xi3
𦱔	bi4
𦱖	fu4
𦱜	xiao4
𦱠	jiu1
𦱣	gou3
𦱰	chi2
𦱱	jiu1
𦱲	jiu1
𦱵	sha1
𦱷	fei1
𦲫	fu2
𦲯	wan4
𦲰	xu1
𦲱	bo1
𦳁	hao4
𦳃	xie2
𦳄	pian2
𦳅	yu3
𦳇	tian2
𦳈	pi2
𦳊	shi3
𦳋	kuai3
𦳌	ji1
𦳏	zha1
𦳐	nai4
𦳑	mou3
𦳓	fu2
𦳔	du4
𦳗	sheng3
𦳘	cha2
𦳚	chi2
𦳛	gui3
𦳜	min2
𦳝	tang1
𦳞	bai4
𦳟	qiang1
𦳡	zhuo2
𦳢	wei4
𦳣	xun2
𦳥	miao3
𦳦	zai1
𦳧	you2
𦳩	you4
𦳫	shan1
𦳬	he2
𦳭	lv3
𦳮	zhi2
𦳲	jing4
𦳳	zhen1
𦳶	meng2
𦳷	you2
𦳹	wo4
𦳺	ba2
𦳽	juan4
𦳾	ru2
𦳿	cou4
𦴀	zhi1
𦴇	qiong2
𦴉	hu2
𦴊	yang1
𦴌	jun4
𦴍	she2
𦴎	kou4
𦴑	qian2
𦴔	meng2
𦴚	tiao2
𦵐	nie4
𦵟	chi2
𦵡	xiong1
𦵣	hun4
𦵦	di2
𦵧	lang2
𦵩	zao1
𦵪	ce4
𦵫	suo3
𦵬	zu4
𦵭	sui1
𦵯	xia2
𦵱	xie4
𦵴	jie2
𦵵	you2
𦵷	gou4
𦵸	geng3
𦵼	jun4
𦵽	huang3
𦵾	ji2
𦵿	pou1
𦶀	wu1
𦶂	yi4
𦶅	nai3
𦶇	rong3
𦶈	nan2
𦶊	ping2
𦶋	shan4
𦶌	diao1
𦶍	ji2
𦶎	hua1
𦶏	dui4
𦶐	kong3
𦶑	ta4
𦶓	hong4
𦶕	shu1
𦶙	heng2
𦶚	fen3
𦶲	kou4
𦷙	nian2
𦷝	chu2
𦷦	qiang4
𦷲	xi4
𦷳	hu2
𦷴	song4
𦷵	wo4
𦷷	hai4
𦷸	ru2
𦷹	meng2
𦷻	san3
𦷽	wu2
𦷿	you2
𦸁	tan1
𦸂	shen1
𦸆	qi3
𦸈	guo2
𦸉	qia4
𦸊	xian1
𦸏	sui1
𦸐	lu4
𦸓	qi1
𦸔	diao1
𦸗	qi2
𦸘	jia2
𦸙	you2
𦸚	xi2
𦸛	chao2
𦸡	mi4
𦸢	lou4
𦸣	bi3
𦸪	pei2
𦸮	zhen1
𦸯	shen1
𦸰	chan3
𦸱	fu4
𦸶	qu1
𦸷	si1
𦸺	zui1
𦹫	zhao4
𦹽	pi2
𦺀	cou4
𦺆	gao1
𦺇	du2
𦺉	fu1
𦺊	guan1
𦺋	sao3
𦺌	sou3
𦺍	jian3
𦺎	pou2
𦺐	can2
𦺑	beng4
𦺒	mou4
𦺓	zhao1
𦺔	xiao2
𦺖	ju2
𦺗	shu1
𦺘	jian3
𦺙	li2
𦺛	chuan4
𦺜	lao4
𦺞	he4
𦺟	hu2
𦺠	gu1
𦺡	zhang3
𦺢	jie2
𦺣	xiang4
𦺥	du1
𦺦	han2
𦺧	jia2
𦺨	xiang4
𦺩	ji2
𦺪	shu3
𦺫	lang4
𦺬	ji1
𦺭	shan1
𦺰	tao1
𦺱	zi1
𦺲	shuan4
𦺴	ji2
𦺵	chu4
𦺶	ji4
𦺷	shen1
𦺸	lin4
𦺹	liao2
𦺻	san3
𦺽	an3
𦺾	ruan3
𦻀	ti2
𦻁	dan4
𦻃	huan2
𦻅	sa4
𦻕	yin3
𦼆	rui2
𦼇	wu1
𦼈	ju4
𦼉	huan2
𦼊	leng2
𦼋	lu4
𦼎	tan1
𦼏	zeng1
𦼓	qian2
𦼗	xi1
𦼡	ci3
𦼢	she2
𦼧	sa4
𦼪	mao4
𦼫	qu2
𦼭	bo2
𦼮	gan3
𦼰	qie4
𦼱	juan4
𦼲	dang1
𦼳	chang2
𦼴	yang2
𦼵	he2
𦼷	ji1
𦼹	bing3
𦼻	mei2
𦼿	dun1
𦽀	ao3
𦽁	jing1
𦽂	lu4
𦽃	mian4
𦽄	dian4
𦽅	he4
𦽇	jian1
𦽊	hua2
𦽋	gou1
𦽎	lu4
𦽏	fu2
𦽐	hui3
𦽒	zei2
𦽔	jin4
𦽕	si1
𦽖	qun1
𦽜	dan4
𦽞	wan4
𦽟	bian3
𦽤	jia2
𦽫	dan3
𦽬	jiu1
𦽭	xian2
𦽮	bo2
𦾏	xia2
𦾑	biao1
𦾕	po4
𦾘	sao3
𦾙	bei4
𦾚	sha4
𦾛	wei3
𦾝	cang1
𦾞	lu4
𦾩	dan4
𦾫	gu3
𦾬	za1
𦾭	bang3
𦾮	gan4
𦾱	chao1
𦾲	ji4
𦾳	lie1
𦾵	qiong2
𦾶	jian4
𦾷	lu4
𦾸	duan1
𦾹	suan1
𦾺	yao2
𦾻	yin3
𦾽	ta4
𦾾	yao2
𦾿	jing1
𦿀	chu2
𦿁	fu2
𦿂	yuan2
𦿃	shao3
𦿅	bing4
𦿆	dang4
𦿇	shi4
𦿊	lu2
𦿋	qie4
𦿌	luo2
𦿍	po4
𦿏	meng2
𦿐	jie2
𦿓	ji1
𦿖	lu4
𧀄	chang4
𧀅	mie4
𧀆	meng2
𧀇	jian3
𧀊	cai3
𧀌	su4
𧀔	he4
𧀕	sa4
𧀗	zi1
𧀘	keng1
𧀙	geng3
𧀚	si1
𧀠	ti2
𧀡	zhan4
𧀢	xie4
𧀣	shui2
𧀤	chi3
𧀥	you1
𧀦	lu3
𧀧	meng4
𧀨	lie4
𧀩	si4
𧀬	xi1
𧀭	fan2
𧀮	fu1
𧀯	shen3
𧀰	ti2
𧀱	chai4
𧀲	yue4
𧀴	fu1
𧀵	jian4
𧀶	di4
𧀹	zhe4
𧀺	xie2
𧀻	dan1
𧀿	zhi2
𧁃	xu4
𧁈	nie4
𧁉	fan4
𧁊	meng2
𧁋	min3
𧁾	lou2
𧁿	du2
𧂁	zhan4
𧂂	jian4
𧂃	han4
𧂄	dan4
𧂅	sen1
𧂆	jian4
𧂇	tan2
𧂈	jiao3
𧂉	po2
𧂋	ping2
𧂍	zhuan4
𧂏	liao2
𧂐	zi4
𧂒	zhuo2
𧂔	hu4
𧂙	xi4
𧂛	meng2
𧂜	ju4
𧂝	mie4
𧂞	xian2
𧂠	kui4
𧂡	meng2
𧂢	jian1
𧂦	nou2
𧂨	di4
𧂩	sao1
𧃏	chu4
𧃐	zhi2
𧃑	qian2
𧃒	lv3
𧃔	zhuo2
𧃘	zuo4
𧃙	han2
𧃚	sui3
𧃛	gou4
𧃝	chou3
𧃞	ji4
𧃟	yi4
𧃠	yu2
𧃨	nou2
𧃩	ni3
𧃪	ruo4
𧃮	lin2
𧃱	ning2
𧄍	qiao2
𧄎	yao2
𧄏	fu4
𧄐	shuang1
𧄑	kui4
𧄒	qu2
𧄓	dong3
𧄔	shu3
𧄚	li2
𧄛	ju2
𧄜	rui3
𧄠	zha2
𧄤	xiao1
𧄸	men2
𧄹	shi2
𧄺	dian1
𧄻	li4
𧄼	deng4
𧄽	zan4
𧄿	luo2
𧅀	can2
𧅃	ao1
𧅆	jian3
𧅈	diao4
𧅋	ying2
𧅖	yi4
𧅗	dang3
𧅘	nou2
𧅚	yue4
𧅮	li3
𧅯	li2
𧅰	hu4
𧅲	you4
𧅺	nang4
𧆂	chen4
𧆉	feng1
𧆊	bie1
𧆏	man3
𧆐	gan4
𧆑	huo4
𧆓	cu1
𧆕	you3
𧆘	you4
𧆜	xu1
𧆡	xu4
𧆢	hu3
𧆣	lu2
𧆥	xia2
𧆦	yi4
𧆮	hu3
𧆯	hu4
𧆰	zi3
𧆷	gong1
𧆸	tui1
𧆹	wu1
𧆺	ling2
𧆻	gu1
𧆼	zhong1
𧇄	lu2
𧇈	zu4
𧇌	tong2
𧇍	xia1
𧇎	he2
𧇓	yue4
𧇙	nan2
𧇚	bo2
𧇛	hu1
𧇜	qi4
𧇝	shu2
𧇞	qiang1
𧇟	zhou1
𧇠	yao4
𧇡	gu1
𧇥	ban1
𧇦	kan3
𧇮	he2
𧇯	ji4
𧇰	hu2
𧇱	yan2
𧇶	chun1
𧇷	ding3
𧇸	qiu1
𧇹	hou2
𧇼	hao4
𧇿	zu4
𧈁	xian2
𧈄	xia4
𧈅	xi4
𧈈	se4
𧈌	ge2
𧈍	xi4
𧈑	ge2
𧈔	lv3
𧈖	ge2
𧈗	ke4
𧈙	shou4
𧈚	zhu4
𧈜	teng2
𧈝	ya4
𧈞	ni4
𧈦	luo4
𧈧	sui1
𧈪	chan3
𧈭	wu4
𧈯	yu1
𧈹	zao3
𧈻	yi4
𧈼	xi1
𧈽	hong2
𧈾	quan2
𧈿	wang3
𧉀	chi3
𧉁	xi4
𧉂	tian3
𧉃	yun3
𧉅	yi1
𧉆	ji2
𧉇	hui1
𧉈	fou2
𧉊	fu3
𧉍	ji2
𧉎	xuan2
𧉐	shuang1
𧉑	tai4
𧉓	du4
𧉗	yuan2
𧉛	di4
𧉞	zhu3
𧉟	tai1
𧉡	rong3
𧉢	xue2
𧉣	yu4
𧉤	fan4
𧉥	bei3
𧉧	qu3
𧉩	bu4
𧉪	jia1
𧉫	zha2
𧉭	nu3
𧉮	she2
𧉲	li4
𧊄	gui3
𧊅	guai3
𧊇	dai4
𧊏	gai1
𧊒	ci4
𧊔	yan3
𧊕	song1
𧊖	shi4
𧊘	ku4
𧊙	zhi3
𧊚	tong2
𧊛	qu2
𧊜	e4
𧊞	xing2
𧊟	ru2
𧊠	yu2
𧊣	yi4
𧊤	yi4
𧊥	xu4
𧊦	fou3
𧊧	ge2
𧊬	he2
𧊭	yin1
𧊯	hong4
𧊱	duo3
𧊽	xing2
𧊾	fan2
𧋉	qi1
𧋊	sha1
𧋌	du4
𧋍	di4
𧋎	li2
𧋏	yi4
𧋐	xi2
𧋑	geng3
𧋒	tong2
𧋓	kao4
𧋔	hong4
𧋕	kun4
𧋖	nie4
𧋗	chi2
𧋘	ti2
𧋚	tong2
𧋠	li2
𧋡	na4
𧋱	zhan1
𧋲	bei3
𧌁	tiao2
𧌃	za1
𧌄	e4
𧌅	shou4
𧌆	kong1
𧌇	peng2
𧌈	fu4
𧌉	lu4
𧌊	xie4
𧌋	xie4
𧌌	xiu1
𧌍	lu4
𧌎	tian3
𧌏	ta4
𧌐	ci4
𧌑	qu1
𧌓	fu4
𧌔	zhi1
𧌖	xie4
𧌗	zou3
𧌘	fei4
𧌙	min2
𧌚	xing1
𧌝	tong2
𧌞	qi2
𧌠	piao1
𧌢	sui4
𧌣	er3
𧌧	hu3
𧌻	song1
𧌽	bie1
𧌾	ding1
𧌿	ban3
𧍀	shi1
𧍁	xie4
𧍂	xiao2
𧍃	fei3
𧍒	chuan3
𧍓	shuai4
𧍔	yao1
𧍕	jue2
𧍖	sheng3
𧍘	you1
𧍙	fan4
𧍜	kui2
𧍝	di4
𧍟	mao2
𧍠	jie2
𧍢	yan2
𧍥	wei1
𧍨	sang1
𧍩	jie2
𧍪	yu2
𧍫	wei4
𧍬	e4
𧍭	quan2
𧍮	jiong3
𧍯	feng2
𧍰	long2
𧍱	die2
𧍲	pian2
𧍴	lian4
𧍵	hu2
𧍶	lv4
𧍿	dian4
𧎃	cui4
𧎄	mou2
𧎕	wang2
𧎖	juan1
𧎗	ke1
𧎘	yan2
𧎙	jiao3
𧎡	gong1
𧎣	rong2
𧎤	sun1
𧎥	shan4
𧎨	chi2
𧎪	qi2
𧎫	suo3
𧎭	ye4
𧎮	zao3
𧎯	que1
𧎰	zhan3
𧎱	ba1
𧎲	zu2
𧎳	suo3
𧎴	zhe2
𧎵	xi4
𧎷	chu3
𧎸	jiao3
𧎹	zui4
𧎺	ge1
𧎻	wu4
𧎾	lve4
𧎿	ji2
𧏂	xie2
𧏃	xie2
𧏆	dou3
𧏋	qiu1
𧏑	ping2
𧏓	liu2
𧏖	pin2
𧏗	ci1
𧏥	jie2
𧏧	hui4
𧏫	sha4
𧏸	zhi2
𧏹	ai4
𧏺	xu4
𧏻	bi4
𧏽	ye1
𧏾	ni4
𧏿	zhu2
𧐁	su4
𧐃	xie2
𧐄	yu4
𧐅	qu1
𧐈	zu2
𧐉	zhi1
𧐊	zhang1
𧐋	lve4
𧐌	wei3
𧐍	chong1
𧐎	mi4
𧐐	ji1
𧐒	su4
𧐓	ye3
𧐔	xi2
𧐕	tuan2
𧐖	lian2
𧐗	xuan2
𧐙	wu4
𧐟	mao2
𧐬	hong2
𧐯	lve4
𧐰	du2
𧐱	cong2
𧐲	chan2
𧐳	lu4
𧐴	su4
𧑀	lve4
𧑆	zhong1
𧑇	li2
𧑈	fei4
𧑊	jing3
𧑋	kui4
𧑌	yi4
𧑍	hua2
𧑎	cui4
𧑏	zhu2
𧑐	yu4
𧑑	beng3
𧑒	tun1
𧑓	shu3
𧑔	dai4
𧑕	wu1
𧑖	ci4
𧑗	ning4
𧑘	dang4
𧑙	zu2
𧑚	han2
𧑜	pi2
𧑝	chuan4
𧑠	du4
𧑡	pa2
𧑤	zhu1
𧑦	xie2
𧑧	zhe2
𧑨	qie4
𧑩	xuan1
𧑫	sao4
𧒀	bi4
𧒂	fu4
𧒈	li4
𧒎	e2
𧒐	ye1
𧒑	shu3
𧒓	se4
𧒕	qi1
𧒖	guo4
𧒗	se4
𧒙	fu4
𧒚	mao2
𧒜	lei2
𧒝	zhan1
𧒨	chai4
𧒭	wei4
𧒽	lei2
𧒿	zei2
𧓀	ying1
𧓁	ai4
𧓂	xie1
𧓄	bi4
𧓋	chan2
𧓎	pi2
𧓏	cong2
𧓐	lie4
𧓑	qi2
𧓓	ji4
𧓔	jing1
𧓕	dong1
𧓖	fei2
𧓗	yi2
𧓘	tuan2
𧓨	meng3
𧓩	can2
𧓪	ya2
𧓲	yang3
𧓴	ting2
𧓸	zhi2
𧓺	xie4
𧓻	lv4
𧓽	li4
𧓿	mao2
𧔂	xia2
𧔅	sou4
𧔖	su1
𧔗	xue4
𧔝	li4
𧔞	yuan2
𧔡	zhan3
𧔣	ta4
𧔤	xuan2
𧔥	wei4
𧔦	ye4
𧔧	pang2
𧔨	mao2
𧔩	ti2
𧔪	pin2
𧔬	du4
𧔭	qiu2
𧔮	yi3
𧔳	tuo2
𧔴	chai4
𧔷	jin4
𧔼	e2
𧕃	chan2
𧕄	ying1
𧕅	ling2
𧕇	xian3
𧕉	qi1
𧕋	yue4
𧕌	lve4
𧕍	ying2
𧕎	qu2
𧕒	fei3
𧕓	zi1
𧕙	qing1
𧕝	ning2
𧕞	wei4
𧕟	shuang1
𧕡	fu4
𧕤	mo4
𧕥	mo4
𧕦	tuo2
𧕧	chai4
𧕨	zang4
𧕮	li2
𧕯	li2
𧕱	xia2
𧕲	juan3
𧕴	nan2
𧕵	mi4
𧕸	huang2
𧕺	shuang1
𧕼	xu3
𧕿	fei3
𧖁	xie4
𧖆	ta4
𧖇	yong3
𧖉	zhan3
𧖑	qiang2
𧖒	nang2
𧖔	lin4
𧖘	luan2
𧖙	xian3
𧖚	fu2
𧖜	ling2
𧖠	sao1
𧖢	hui4
𧖨	ting2
𧖪	qing2
𧖬	huang1
𧖮	an4
𧖵	man3
𧖷	ni4
𧖻	guo2
𧖼	ou3
𧖿	xiang4
𧗁	jin1
𧗆	zheng1
𧗈	nu2
𧗋	san4
𧗌	hu4
𧗎	zu2
𧗏	hui3
𧗒	ji1
𧗖	ye4
𧗦	xing2
𧗩	la4
𧗪	yu4
𧗫	jue2
𧗱	shu4
𧗲	zheng1
𧗴	yong3
𧗶	ge1
𧗸	jian4
𧗹	xin4
𧗼	hui1
𧗿	shuai4
𧘂	chong1
𧘃	hang2
𧘈	liao3
𧘍	jiang1
𧘏	gong1
𧘑	zhuo2
𧘗	qi3
𧘜	qian1
𧘞	dou3
𧘟	po1
𧘢	hu4
𧘥	niu3
𧘧	qi4
𧘨	diao1
𧘩	diao1
𧘫	li4
𧘮	xiong1
𧘽	na2
𧘿	zheng1
𧙀	la4
𧙁	zhi4
𧙃	e3
𧙄	bo1
𧙅	po1
𧙆	xu1
𧙇	yong4
𧙈	ci2
𧙉	li4
𧙌	pao2
𧙏	xiu4
𧙛	pu4
𧙝	che2
𧙞	qi4
𧙡	yi4
𧙣	ti2
𧙤	duo3
𧙥	long2
𧙧	jian4
𧙭	zhan4
𧙮	yuan4
𧙶	yu2
𧙸	geng1
𧙺	hou4
𧙾	qi3
𧚀	mu4
𧚁	huan4
𧚂	long4
𧚃	xi4
𧚄	e2
𧚅	lang3
𧚆	fei4
𧚇	wan3
𧚉	cun1
𧚋	peng2
𧚏	cuo4
𧚐	weng1
𧚡	gao3
𧚥	cui4
𧚨	qi4
𧚩	li2
𧚪	qie4
𧚫	qian4
𧚬	kong1
𧚭	beng3
𧚯	shou4
𧚷	wei1
𧛄	shan1
𧛏	zi1
𧛒	ti4
𧛓	qian1
𧛔	du2
𧛗	tu2
𧛚	wei1
𧛞	hu2
𧛟	xing1
𧛡	shan1
𧛢	zhi3
𧛧	chi3
𧛸	zhou4
𧛹	weng1
𧛺	chi2
𧛻	suo3
𧛼	xie4
𧛾	ke4
𧜁	shai4
𧜂	shi1
𧜃	shou4
𧜅	jie4
𧜉	gao3
𧜊	lv3
𧜔	xie4
𧜚	zhi3
𧜞	man2
𧜠	shuai4
𧜡	ke4
𧜣	diao3
𧜤	yi1
𧜦	su4
𧜧	chuang1
𧜭	shu3
𧜱	cui4
𧜲	tuo4
𧜵	xie4
𧜽	xuan2
𧝂	he4
𧝃	jue2
𧝆	ti4
𧝇	fei4
𧝉	zhi3
𧝊	shi4
𧝋	tui2
𧝎	chong1
𧝐	ti4
𧝑	zhan4
𧝒	heng2
𧝔	qu2
𧝕	wei2
𧝗	dun1
𧝘	bao4
𧝜	liao2
𧝝	lai3
𧝤	si1
𧝪	biao3
𧝫	xie4
𧝬	bie2
𧝮	cong3
𧝲	ju4
𧝳	he2
𧝷	kui4
𧝸	yong1
𧞀	shu4
𧞍	nie4
𧞏	yu2
𧞐	zhuo2
𧞑	meng2
𧞒	hu2
𧞔	jie4
𧞕	lie4
𧞝	jie1
𧞞	xiong2
𧞣	yan3
𧞩	jie2
𧞪	la4
𧞫	shu4
𧞬	jie2
𧞭	lei2
𧞰	zu2
𧞲	shi4
𧞸	wei2
𧞹	du1
𧞺	su4
𧟃	xie2
𧟄	rang2
𧟌	luo4
𧟑	qian1
𧟘	nang4
𧟙	ling2
𧟜	ji4
𧟠	ming4
𧟣	gu3
𧟨	xuan2
𧟬	xu1
𧟱	bo2
𧟼	wei1
𧠂	ku1
𧠆	wan3
𧠈	cha4
𧠊	mao4
𧠋	ke4
𧠎	ci4
𧠒	xian4
𧠓	mo4
𧠚	hun1
𧠛	chan4
𧠜	shi1
𧠝	zhen3
𧠞	e4
𧠟	mi2
𧠡	shi1
𧠢	qu1
𧠣	shu1
𧠥	ci1
𧠦	yan3
𧠩	hu1
𧠪	qi1
𧠫	zhi4
𧠬	huang1
𧠴	zhi3
𧠶	you3
𧠼	gao4
𧠽	yao3
𧠾	pou1
𧡇	yi2
𧡈	cheng4
𧡉	ji4
𧡋	ai3
𧡍	dong4
𧡏	sui4
𧡑	jiu4
𧡘	qi4
𧡙	lian2
𧡚	xuan3
𧡜	liao3
𧡡	yun4
𧡢	xuan3
𧡣	cou2
𧡤	pian1
𧡦	kui2
𧡨	ti2
𧡩	huan3
𧡪	dan1
𧡫	gui4
𧡬	chen1
𧡮	shang3
𧡯	ji4
𧡴	lian4
𧡵	kan1
𧡶	sheng4
𧡸	dou1
𧡹	you2
𧡺	qi2
𧡼	xiao3
𧢂	yi4
𧢃	lou2
𧢆	chuang1
𧢋	lao4
𧢌	gao1
𧢐	zeng1
𧢒	wei2
𧢖	jian1
𧢛	ying1
𧢜	fan2
𧢝	li4
𧢞	qian1
𧢢	yao4
𧢦	kui1
𧢧	wei2
𧢩	que4
𧢬	xiao3
𧢭	que4
𧢰	hu1
𧢵	duo1
𧢶	chu4
𧢹	shen1
𧢼	zhuo2
𧢽	e2
𧢾	ji4
𧣁	tan2
𧣃	pa1
𧣋	jie4
𧣌	qiao4
𧣑	qian2
𧣒	ju4
𧣕	qiu2
𧣖	tuo2
𧣚	nuo4
𧣛	si4
𧣟	yi2
𧣡	gu3
𧣢	hun4
𧣣	pa2
𧣤	zi1
𧣦	jiao1
𧣩	xi3
𧣪	shao3
𧣬	yi2
𧣭	zhi4
𧣵	lun4
𧣷	zhou1
𧣸	jue2
𧣹	tan2
𧣺	nuo4
𧣻	ju4
𧣼	hu2
𧣾	zhi4
𧤃	bi1
𧤍	chi4
𧤎	xuan1
𧤏	ji2
𧤐	gua3
𧤑	ju2
𧤒	wo4
𧤓	tuo2
𧤕	qiu2
𧤖	wei1
𧤗	duan1
𧤙	shou4
𧤛	zhen3
𧤜	ne4
𧤟	xi4
𧤠	zhe2
𧤡	zhi4
𧤣	na2
𧤤	xi1
𧤨	jian1
𧤮	yao2
𧤯	guo2
𧤲	di3
𧤴	huo4
𧤵	jing1
𧤼	jue2
𧤽	yue4
𧥄	ji2
𧥅	xi1
𧥆	su4
𧥈	jian1
𧥊	kun1
𧥋	wo4
𧥌	kuang4
𧥍	biao1
𧥎	jue2
𧥑	bi4
𧥓	chan2
𧥕	zi1
𧥖	li2
𧥚	fo2
𧥛	qian3
𧥜	yan3
𧥞	tan4
𧥟	mo4
𧥣	kou4
𧥤	xi1
𧥮	hu4
𧥯	hu4
𧥱	fu2
𧥴	yang4
𧥵	guo4
𧥷	ren2
𧥸	yin4
𧥹	feng1
𧥺	jun4
𧥼	yun2
𧥿	xun4
𧦁	xi4
𧦎	xia1
𧦑	hang2
𧦚	hu4
𧦝	hu1
𧦞	pu4
𧦟	fan1
𧦤	jia1
𧦧	yi2
𧦭	tuo1
𧦮	na2
𧦸	yin2
𧦹	yin4
𧧃	ji4
𧧄	wang4
𧧅	shi4
𧧆	dui1
𧧇	duo4
𧧉	tuo2
𧧊	wa1
𧧋	li4
𧧏	re4
𧧒	ci4
𧧓	xu4
𧧔	zhou1
𧧕	zi4
𧧜	wang3
𧧝	ya3
𧧟	ji4
𧧠	chao3
𧧩	ji2
𧧵	shan3
𧧶	tu2
𧧸	bie2
𧧹	xi4
𧧺	pi1
𧧻	zha4
𧧾	hui4
𧨀	suo1
𧨂	he4
𧨄	yue1
𧨆	wu1
𧨈	ling2
𧨊	zha4
𧨋	hua2
𧨗	chan2
𧨟	e4
𧨡	chen2
𧨧	sui4
𧨩	tian3
𧨰	zhi4
𧨱	ti4
𧨲	ao1
𧨳	zhuo2
𧨴	zi4
𧨵	ke1
𧨷	se4
𧨸	tian2
𧨹	lu4
𧨾	shan2
𧨿	zha3
𧩃	chong1
𧩅	yan4
𧩒	mu3
𧩓	hu1
𧩚	chi1
𧩝	su4
𧩣	nao3
𧩦	ji2
𧩧	duo2
𧩨	hou4
𧩪	cong4
𧩫	zha1
𧩬	yin2
𧩮	xiao3
𧩰	bian4
𧩱	beng4
𧩲	la4
𧩴	chi1
𧩶	qia4
𧩸	an1
𧩹	shi1
𧩼	chi4
𧪅	nu4
𧪇	ji4
𧪓	ou3
𧪕	xia1
𧪘	chai4
𧪚	ai2
𧪝	sheng4
𧪞	he2
𧪠	ji2
𧪡	chi1
𧪢	xi4
𧪣	zheng1
𧪦	ta1
𧪨	ma4
𧪫	pi1
𧪮	xu1
𧪯	qian3
𧪹	xia4
𧫊	yu4
𧫑	jie2
𧫒	xia4
𧫓	lu3
𧫕	qie4
𧫗	cha4
𧫛	yang4
𧫜	ji4
𧫝	sha3
𧫞	lou4
𧫠	ji1
𧫡	zhi4
𧫢	wang4
𧫤	bi4
𧫥	an1
𧫦	yi1
𧫧	an1
𧫬	li2
𧫹	xian1
𧫾	jiu4
𧫿	tan3
𧬁	hao4
𧬂	he4
𧬅	zha1
𧬆	zhan3
𧬇	yi4
𧬈	xi4
𧬊	xi4
𧬋	fa4
𧬌	yan2
𧬏	mu3
𧬕	gu1
𧬞	yun2
𧬤	zhong4
𧬦	chan3
𧬧	chuang2
𧬨	hui4
𧬩	za2
𧬪	gun4
𧬫	jian3
𧬬	ya2
𧬰	xiang4
𧬱	he4
𧭃	dan4
𧭇	mian2
𧭈	ning2
𧭊	meng2
𧭌	lie4
𧭍	zhou4
𧭎	pu1
𧭏	tai1
𧭓	ying2
𧭔	teng2
𧭕	guo2
𧭚	qiang2
𧭜	lv4
𧭝	sa4
𧭞	lie4
𧭟	chi2
𧭠	xie3
𧭣	guo2
𧭤	bao4
𧭥	luo4
𧭦	juan4
𧭪	e4
𧭳	he2
𧭵	mei4
𧭸	xie4
𧭹	pin2
𧭻	han1
𧭼	chen4
𧭽	shan4
𧭾	hui4
𧮆	ying1
𧮈	jian3
𧮍	an1
𧮑	ta4
𧮒	yi1
𧮓	tui2
𧮗	liu2
𧮙	zuo2
𧮛	li2
𧮝	pin2
𧮞	xue4
𧮠	nen4
𧮡	dou4
𧮤	lan3
𧮪	zhan1
𧮫	jue2
𧮬	zhen1
𧮭	ji2
𧮮	qian1
𧮰	han1
𧮱	fen2
𧮳	han1
𧮴	hong2
𧮵	he2
𧮶	hou2
𧮺	zhan4
𧮻	chou2
𧮼	tai4
𧮽	qian4
𧮿	she4
𧯀	ying1
𧯃	qin1
𧯆	huo4
𧯈	xi4
𧯉	he4
𧯊	xi4
𧯋	xia1
𧯌	hao1
𧯍	lao4
𧯏	li4
𧯒	cheng1
𧯖	jun4
𧯗	xi1
𧯘	han3
𧯞	dou4
𧯠	dou1
𧯡	wan1
𧯤	dou1
𧯥	zai4
𧯦	juan4
𧯨	lou3
𧯩	chu4
𧯫	zheng1
𧯯	qi2
𧯰	kan4
𧯱	huo4
𧯲	lai2
𧯺	gai1
𧯼	shou4
𧯾	dong1
𧰃	lou2
𧰄	tuan1
𧰇	yu2
𧰈	wu4
𧰊	tian2
𧰎	lao2
𧰒	guo2
𧰘	tan2
𧰙	qi2
𧰠	lie4
𧰡	li4
𧰣	xun1
𧰨	geng4
𧰩	ting1
𧰪	han4
𧰫	chu4
𧰭	tun2
𧰯	xiong2
𧰰	you2
𧰱	mo4
𧰲	chi3
𧰴	hu3
𧰵	du1
𧰷	mu3
𧰹	na4
𧰻	ling2
𧰿	ai4
𧱀	xian1
𧱄	kan3
𧱅	si4
𧱆	san1
𧱊	yi4
𧱏	yi4
𧱐	xiao4
𧱒	zhi1
𧱓	dou4
𧱘	mai4
𧱜	lun2
𧱝	jue2
𧱡	qiang1
𧱢	ling2
𧱩	pian2
𧱪	cou4
𧱫	duo4
𧱬	yu3
𧱰	zhuo1
𧱲	xi4
𧱳	huai4
𧱴	ming2
𧱵	tang2
𧱹	pu1
𧱻	mi4
𧱼	man2
𧱾	guai1
𧲀	qian1
𧲂	lin2
𧲃	min3
𧲄	wei3
𧲅	ceng2
𧲇	hu4
𧲈	sui2
𧲋	ju4
𧲌	sha4
𧲍	meng2
𧲗	wei2
𧲘	xi1
𧲙	ling4
𧲜	bi4
𧲝	wei4
𧲡	li4
𧲢	zhe2
𧲤	yong2
𧲥	hu2
𧲦	wan2
𧲧	ba1
𧲨	jian1
𧲭	zuo3
𧲮	zhan3
𧲯	bo1
𧲰	qiu1
𧲱	yang1
𧲴	dong1
𧲵	qu2
𧲺	pi2
𧲻	zhai3
𧲾	shan1
𧲿	gou4
𧳀	biao4
𧳁	yi2
𧳂	fu2
𧳄	xin4
𧳅	shi4
𧳆	tong1
𧳉	ding1
𧳌	tu1
𧳍	xiao1
𧳎	wu2
𧳏	pei2
𧳐	hui1
𧳕	lai2
𧳙	si4
𧳚	cui3
𧳛	sha4
𧳜	zhou3
𧳝	zhao4
𧳞	wei2
𧳟	lai2
𧳠	bi4
𧳣	dong3
𧳦	nao3
𧳧	xie1
𧳨	rao3
𧳩	tuan4
𧳪	wei4
𧳫	you2
𧳬	mei2
𧳭	yuan2
𧳮	zhong4
𧳶	sou1
𧳸	gu2
𧳹	shao4
𧳻	zhao3
𧳼	pi2
𧳿	tong1
𧴁	chi1
𧴂	peng2
𧴃	chan2
𧴄	yong1
𧴅	shuang3
𧴇	wu3
𧴉	pi2
𧴊	huan4
𧴌	fu2
𧴎	biao4
𧴓	nao2
𧴕	biao4
𧴖	wei4
𧴗	yong1
𧴙	nao3
𧴚	guai4
𧴠	li4
𧴢	xin4
𧴣	yan2
𧴤	po4
𧴥	pei2
𧴪	suo3
𧴬	ren4
𧴭	shan3
𧴲	suo3
𧴸	dan1
𧴺	men4
𧵃	shou3
𧵈	gou4
𧵊	han1
𧵋	shi4
𧵌	yang3
𧵎	gu3
𧵛	ke1
𧵞	ju1
𧵠	pai4
𧵡	ce4
𧵢	bao1
𧵣	xiong1
𧵤	cai2
𧵧	lin3
𧵨	ai4
𧵬	mi4
𧵭	lai3
𧵱	xiao1
𧵳	she2
𧵻	huo2
𧵼	ni4
𧶄	zheng4
𧶆	lin4
𧶇	zha2
𧶊	yun2
𧶍	xu4
𧶔	cheng2
𧶕	wo3
𧶖	xi1
𧶙	bei4
𧶜	shang1
𧶠	yu4
𧶡	mi4
𧶲	duan3
𧶵	cha4
𧶶	fan4
𧶷	ze2
𧶸	cheng4
𧶺	ting2
𧷅	yi2
𧷋	yao1
𧷎	ku1
𧷐	fen2
𧷑	xie2
𧷒	cheng4
𧷛	kui4
𧷟	bin1
𧷡	lou2
𧷥	yi4
𧷦	mi4
𧷧	xie4
𧷱	gui1
𧷳	luo2
𧷶	shan4
𧷾	ju2
𧷿	du1
𧸂	xian1
𧸅	zhi3
𧸈	bin4
𧸕	zhi3
𧸖	zhuan4
𧸗	xue2
𧸘	lian4
𧸙	sui4
𧸦	lan4
𧸧	ju4
𧸨	mian2
𧸩	xun4
𧸪	zhan4
𧸫	gun4
𧸲	zhi4
𧸽	wei4
𧸾	quan3
𧸿	chai4
𧹈	reng2
𧹊	yue4
𧹌	zi1
𧹐	luo4
𧹑	gui4
𧹒	mai3
𧹓	cheng2
𧹔	zhang4
𧹕	ju1
𧹖	tian3
𧹗	wan4
𧹛	zhi1
𧹞	nan3
𧹣	han1
𧹨	xi1
𧹩	lin2
𧹬	yan1
𧹭	xu4
𧹲	hu4
𧹳	gan4
𧹴	xu4
𧹶	xi4
𧹺	cui4
𧹽	xi4
𧹾	hu2
𧺅	yan1
𧺎	yi4
𧺏	chi2
𧺐	jue2
𧺒	zu2
𧺜	jiao4
𧺝	yi4
𧺟	tan3
𧺠	chi4
𧺡	ba2
𧺢	tou4
𧺣	zong1
𧺤	qiu2
𧺧	chi4
𧺨	xi3
𧺰	ni4
𧺲	cu1
𧺴	wu3
𧺶	chu4
𧺷	su1
𧺸	yong2
𧺹	ju3
𧺺	ba2
𧺼	ci3
𧺽	di4
𧺾	pan3
𧺿	chi4
𧻁	qiu3
𧻃	yan2
𧻍	zhai3
𧻒	xian4
𧻓	beng4
𧻔	kuang1
𧻕	qi4
𧻖	zhou1
𧻗	ju2
𧻘	qie4
𧻙	mo4
𧻚	yuan2
𧻜	gui4
𧻝	zui1
𧻧	qie4
𧻰	hu2
𧻱	qiu2
𧻲	hai2
𧻳	fu4
𧻴	lang4
𧻵	sha4
𧻶	xi1
𧻷	bu1
𧻸	shi4
𧻹	yong3
𧻺	guang1
𧻼	nie4
𧻿	hou3
𧼊	mi4
𧼎	e4
𧼏	xian2
𧼐	yun3
𧼑	xu4
𧼒	qin3
𧼓	dong1
𧼔	leng2
𧼕	qi4
𧼖	lan2
𧼗	fu2
𧼘	qi3
𧼙	chong3
𧼜	cu4
𧼟	mo4
𧼠	bei1
𧼤	dao4
𧼨	jie2
𧼩	chong4
𧼪	chi4
𧼫	yu4
𧼬	cui1
𧼭	su4
𧼮	ti4
𧼯	shu4
𧼰	zha2
𧼱	fu2
𧼳	che4
𧼴	fo2
𧼵	hou2
𧼶	zha2
𧽄	jie2
𧽅	zha2
𧽆	zhan1
𧽉	yan3
𧽊	hai2
𧽋	wu3
𧽌	hua2
𧽍	dian1
𧽎	yao2
𧽏	sou1
𧽐	qian1
𧽑	ji2
𧽒	xiong4
𧽓	qi4
𧽔	jun1
𧽖	hai2
𧽞	yan3
𧽟	jie2
𧽠	cui1
𧽢	tuan2
𧽣	zhang1
𧽤	piao1
𧽥	lu4
𧽦	zhi1
𧽧	chu4
𧽨	mi4
𧽩	qiang1
𧽫	lian4
𧽲	li4
𧽵	zong1
𧽶	e2
𧽷	su4
𧽸	jue2
𧽻	ju2
𧽼	tan2
𧽽	liao2
𧽾	san1
𧽿	dong4
𧾁	za2
𧾂	zhi2
𧾆	xuan4
𧾇	ling2
𧾊	deng1
𧾍	zhan1
𧾎	xuan1
𧾏	qin3
𧾐	jiao4
𧾑	pi4
𧾔	han3
𧾚	yu2
𧾛	guo2
𧾝	xun2
𧾠	xun2
𧾡	chan2
𧾢	jie2
𧾣	ju2
𧾤	yan3
𧾥	du2
𧾧	hong4
𧾨	xian4
𧾩	xun2
𧾮	ling2
𧾯	jie2
𧾰	yi4
𧾱	qu2
𧾲	gan1
𧾳	feng1
𧾵	jue2
𧾶	qu1
𧾻	jiu4
𧾽	ji4
𧾾	ji3
𧿅	xi2
𧿆	pang1
𧿈	kuang4
𧿉	ku4
𧿋	ku4
𧿌	zha4
𧿏	ba4
𧿒	chen3
𧿓	hu4
𧿔	nu4
𧿕	e2
𧿖	xiong1
𧿗	dun3
𧿘	sheng1
𧿙	wan2
𧿚	fen1
𧿛	zong1
𧿝	xi1
𧿞	zi1
𧿠	hu4
𧿥	bie2
𧿧	tuo4
𧿨	ban3
𧿩	ge2
𧿫	ke1
𧿲	zhui4
𧿳	fu2
𧿴	mo4
𧿵	jia2
𧿶	tuo2
𧿷	yu4
𧿺	jue2
𧿻	ju2
𧿼	gua1
𧿽	po3
𨀀	ni3
𨀁	long2
𨀄	wa3
𨀅	yan3
𨀔	chou3
𨀕	kuang1
𨀖	hai4
𨀘	xiang2
𨀙	xi1
𨀛	cun2
𨀜	tong1
𨀝	ruo4
𨀟	duo2
𨀠	che4
𨀤	lei4
𨀥	zi1
𨀧	zheng3
𨀨	zuo3
𨀫	kang1
𨀬	zai4
𨀮	yuan1
𨀯	qiong2
𨀳	fa2
𨀴	xun2
𨀶	ji4
𨀸	cha1
𨁀	shu1
𨁁	xuan4
𨁂	xie2
𨁃	ti1
𨁄	han4
𨁅	xian1
𨁆	shan1
𨁇	tun4
𨁈	hang2
𨁉	kun3
𨁊	cen2
𨁋	dou1
𨁌	nuo2
𨁍	yan4
𨁎	cheng2
𨁏	pu1
𨁐	qi4
𨁑	yue4
𨁒	fu1
𨁗	ting3
𨁟	wo3
𨁠	sheng1
𨁡	tuo3
𨁴	tan3
𨁶	ya3
𨁷	zhi4
𨁸	lu4
𨁹	yan3
𨁺	ju1
𨁽	de2
𨁿	chu4
𨂀	zu3
𨂁	e4
𨂂	zhi2
𨂃	peng2
𨂅	bie1
𨂇	di3
𨂐	lai2
𨂒	ye4
𨂜	hao2
𨂝	pan2
𨂞	tan4
𨂟	kang1
𨂠	xu1
𨂡	zou4
𨂢	ji2
𨂣	wu4
𨂦	chuan4
𨂩	po4
𨂪	yan3
𨂫	tuo4
𨂭	du2
𨂯	pian2
𨂰	chi4
𨂱	hun4
𨂲	ping1
𨂴	cong1
𨂵	zha3
𨂺	wan1
𨂿	wai3
𨃃	e4
𨃄	wei4
𨃅	bai1
𨃇	jiang1
𨃓	cha2
𨃕	chu4
𨃖	kua4
𨃗	teng2
𨃘	zou1
𨃙	li4
𨃚	ta4
𨃛	sa4
𨃞	pan2
𨃟	pan2
𨃣	sao4
𨃤	qiao1
𨃭	zu2
𨃯	zhi4
𨃰	yan3
𨃲	jie2
𨃳	neng2
𨄄	luan2
𨄅	qu1
𨄇	deng4
𨄈	liang2
𨄉	chan3
𨄊	qie4
𨄋	lou4
𨄌	die2
𨄍	cui1
𨄐	ji3
𨄓	chao2
𨄔	shuan4
𨄕	zu2
𨄗	kang1
𨄚	qiang1
𨄛	li2
𨄮	shuai1
𨄯	yu4
𨄰	zhang1
𨄱	lei3
𨅅	po2
𨅊	zhe2
𨅋	xiao4
𨅍	tan3
𨅎	cui4
𨅏	lan2
𨅑	xu1
𨅒	shu4
𨅓	zha3
𨅔	can2
𨅗	bi3
𨅘	peng4
𨅛	zhu2
𨅝	cheng2
𨅣	qiao2
𨅤	ji1
𨅪	zhai1
𨅬	lan2
𨆁	tian3
𨆂	sa4
𨆃	jin1
𨆄	zhu4
𨆅	duo4
𨆇	cha4
𨆈	juan4
𨆉	tang2
𨆊	beng4
𨆌	fan2
𨆍	lie4
𨆎	zei2
𨆏	sui4
𨆙	se4
𨆧	zhi4
𨆨	tui2
𨆪	qing1
𨆬	chuo4
𨆰	ta4
𨆱	bing4
𨆲	wen3
𨆵	po3
𨆽	mo2
𨆾	ca1
𨇁	kuang4
𨇃	cuo2
𨇄	rao3
𨇅	bao4
𨇆	lai4
𨇍	nian3
𨇎	li2
𨇕	jiao3
𨇖	lu2
𨇗	li4
𨇘	long2
𨇙	gui4
𨇝	chan3
𨇤	xian1
𨇦	chan4
𨇨	xie4
𨇩	zhan4
𨇯	shuang1
𨇻	mi3
𨇼	luan2
𨇽	luo4
𨈀	dian1
𨈈	die2
𨈊	wan1
𨈋	yue4
𨈌	luan2
𨈎	luan2
𨈓	leng2
𨈕	wai3
𨈖	din4
𨈗	nen4
𨈘	shao3
𨈙	xie4
𨈚	pi2
𨈥	mao2
𨈧	yin3
𨈩	bo2
𨈫	zhu4
𨈮	chong1
𨈶	mu3
𨈷	tuo2
𨈹	tong3
𨈺	ye2
𨉁	huang4
𨉃	ren4
𨉅	ye4
𨉋	tuo1
𨉖	zuan1
𨉗	yu4
𨉚	a1
𨉜	zhou1
𨉝	wan1
𨉡	duo3
𨉢	zhong4
𨉣	ha1
𨉤	huang2
𨉥	mian4
𨉩	chun1
𨉪	qie4
𨉫	gong1
𨉬	ting2
𨉭	mei2
𨉱	tang4
𨉴	rong2
𨉷	rong2
𨉸	qi2
𨉹	guo2
𨉽	xiang4
𨉾	tian2
𨊅	xiao1
𨊈	zhan1
𨊉	cui4
𨊔	lan2
𨊘	shen1
𨊚	lei3
𨊛	li4
𨊝	chan1
𨊞	nie4
𨊟	luan2
𨊡	ting1
𨊢	hui4
𨊧	gong1
𨊰	qi4
𨊱	yu2
𨊳	xin1
𨊸	yue4
𨊹	ba1
𨊺	dai4
𨊻	ji1
𨊼	xuan4
𨊿	jue2
𨋀	niu3
𨋈	du4
𨋉	ji2
𨋐	pa1
𨋑	gong3
𨋒	ben4
𨋔	keng1
𨋕	yang4
𨋖	liu3
𨋗	ni2
𨋘	zha4
𨋙	yin4
𨋚	nian3
𨋛	pao4
𨋝	gong1
𨋞	bu4
𨋟	he2
𨋠	rong3
𨋡	gui4
𨋥	bi4
𨋦	xi1
𨋧	ju2
𨋨	hun2
𨋩	bi4
𨋫	tiao1
𨋬	zheng3
𨋮	hong1
𨋯	yi4
𨋰	ci4
𨋲	bing4
𨋷	gong1
𨋺	fa2
𨋽	yang2
𨋾	xu3
𨌁	hong1
𨌄	zang4
𨌅	chai2
𨌆	hong2
𨌈	tian2
𨌌	zhi1
𨌍	xing1
𨌎	xu2
𨌑	zhen4
𨌔	wan3
𨌘	jun4
𨌝	wo4
𨌠	lu4
𨌢	zheng1
𨌣	rong3
𨌤	cheng2
𨌥	fu2
𨌧	e4
𨌨	tao1
𨌩	tang2
𨌫	juan1
𨌬	chao4
𨌭	ta4
𨌮	di3
𨌰	zong1
𨌳	keng1
𨌴	tui1
𨌶	keng1
𨍅	rong3
𨍆	yun1
𨍇	he2
𨍈	zong3
𨍉	cong1
𨍊	qiu1
𨍎	mu4
𨍏	duo2
𨍐	xu3
𨍑	keng1
𨍒	xian4
𨍛	du2
𨍜	kan3
𨍞	ying1
𨍢	zi1
𨍧	huang2
𨍩	peng2
𨍫	li4
𨍭	bo2
𨍮	ge2
𨍯	ju2
𨍰	ke1
𨍲	hu2
𨍳	yao2
𨍴	tang2
𨍶	qiong2
𨍷	rong3
𨍸	liu3
𨍹	hui4
𨍺	ji1
𨎉	zhi4
𨎋	tang2
𨎌	zhi3
𨎍	kang1
𨎔	yang4
𨎖	tang3
𨎗	hong1
𨎛	liang2
𨎝	cao2
𨎡	nai3
𨎢	zong3
𨎤	deng4
𨎦	jiao1
𨎧	peng2
𨎩	guang1
𨎪	er2
𨎫	jian4
𨎬	jiao4
𨎭	nuo2
𨎮	zao3
𨎳	peng2
𨎴	dang1
𨎶	qu2
𨎷	lian2
𨎸	mu4
𨎹	lan3
𨎾	fen2
𨏂	hun2
𨏆	kuang1
𨏈	yin3
𨏉	shuan4
𨏊	jian4
𨏒	luo4
𨏔	lu4
𨏚	ge2
𨏛	rang3
𨏞	pin2
𨏠	long2
𨏤	zhen3
𨏥	xian4
𨏨	lin4
𨏩	lian2
𨏪	shan1
𨏫	bo2
𨏬	li4
𨏳	xie2
𨏴	ge2
𨏵	min3
𨏶	lian2
𨏹	jue2
𨏺	zhou1
𨏿	ke1
𨐁	die2
𨐃	zhe2
𨐅	shu1
𨐆	ji1
𨐇	long2
𨐉	zao3
𨐊	xian4
𨐋	qian1
𨐍	shen1
𨐐	yin3
𨐑	jie4
𨐔	shen1
𨐕	shen1
𨐖	sa3
𨐛	xi4
𨐡	ku4
𨐣	qu2
𨐥	ge2
𨐦	ban4
𨐨	bi4
𨐩	qian1
𨐰	bin1
𨐱	ban4
𨐳	zuo4
𨐴	pi4
𨐶	huo4
𨐾	ban4
𨑊	nong2
𨑌	chen2
𨑎	peng1
𨑑	fu3
𨑒	tu2
𨑜	pi3
𨑝	po4
𨑠	chi3
𨑣	xue4
𨑤	qi4
𨑥	wu4
𨑨	zhi4
𨑩	di4
𨑪	cong1
𨑫	you2
𨑹	cong1
𨑼	di4
𨑽	zhuo2
𨑿	zou3
𨒀	cong2
𨒃	pan4
𨒄	yan3
𨒅	qi4
𨒆	rong3
𨒇	jia2
𨒉	zhi4
𨒊	qiu2
𨒋	yue4
𨒍	shi4
𨒑	hao2
𨒙	tuo1
𨒜	bie2
𨒞	kan4
𨒢	chuo4
𨒤	ci3
𨒦	yin3
𨒧	shi4
𨒨	hai4
𨒩	ruan3
𨒫	yang2
𨒬	chi1
𨒮	ci1
𨒱	gong1
𨒲	mi2
𨒴	ji3
𨒼	gen4
𨒽	zao4
𨓁	beng3
𨓇	xin3
𨓈	kuo4
𨓊	die2
𨓍	ting2
𨓚	shui4
𨓞	dai4
𨓦	li3
𨓨	yong3
𨓩	jiao1
𨓬	ta2
𨓭	qu3
𨓮	yin2
𨓯	yuan1
𨓰	jie2
𨓲	qian1
𨓳	yao1
𨓴	ya4
𨓷	qing1
𨓿	pei2
𨔗	jia1
𨔙	tou4
𨔛	ti1
𨔡	dun4
𨔢	chan3
𨔣	jia1
𨔤	chi4
𨔥	jian1
𨔦	shu4
𨔯	ta4
𨕕	zhi1
𨕗	yuan2
𨕚	hu1
𨕜	lie4
𨕠	ze2
𨕢	chu4
𨕦	qiu4
𨕧	beng1
𨕹	huan2
𨕺	kua1
𨕻	sheng1
𨕽	jie2
𨕿	wang3
𨖃	hu1
𨖊	ze2
𨖋	zan3
𨖌	yang4
𨖎	chi3
𨖏	jiu4
𨖚	liao2
𨖛	yu1
𨖠	bian3
𨖢	kuang2
𨖬	chou4
𨖭	ya2
𨖮	zhuo2
𨖰	qie4
𨖱	xian4
𨖳	yuan1
𨖴	wu3
𨖵	jiao3
𨖶	xiang4
𨖷	sha4
𨖹	zhi4
𨖼	chong4
𨖾	bian1
𨖿	wei1
𨗓	dao4
𨗝	yu4
𨗞	tui2
𨗡	chao4
𨗥	hui4
𨗦	qian3
𨗨	wei3
𨗰	you2
𨗼	di4
𨗾	da4
𨘁	you2
𨘂	jiu4
𨘃	tui2
𨘄	zan3
𨘇	hui4
𨘉	sha4
𨘌	huo4
𨘔	yao2
𨘙	xian4
𨘞	xian4
𨘬	di4
𨘮	jiu4
𨘲	hui4
𨘴	kao4
𨘵	you2
𨘸	li4
𨘼	chuan2
𨘾	chi2
𨙀	huo4
𨙂	you2
𨙄	yue4
𨙎	ta4
𨙏	zan4
𨙓	nie4
𨙔	zhu4
𨙡	xian3
𨙩	shi2
𨙫	kou3
𨙬	qi3
𨙭	tu3
𨙮	fan2
𨙯	cun1
𨙲	tun2
𨙳	cha1
𨙴	cai2
𨙵	xiang4
𨙶	pei4
𨙷	jing3
𨙹	shao3
𨙺	niu3
𨙻	na4
𨙽	qin2
𨚍	bi4
𨚓	bi4
𨚔	bao1
𨚖	zi1
𨚗	na4
𨚘	wei4
𨚙	hao2
𨚡	jin3
𨚣	zheng4
𨚧	qie2
𨚮	hao4
𨚯	tong2
𨚰	zao3
𨚱	sheng4
𨚲	cun2
𨚳	huang1
𨚴	ru2
𨚵	zai4
𨚶	nian2
𨚾	xian1
𨛈	quan2
𨛉	ji4
𨛊	yin2
𨛋	li3
𨛌	mang2
𨛍	shao4
𨛎	han4
𨛏	cuo4
𨛐	jun4
𨛑	ji4
𨛒	bu4
𨛓	long4
𨛔	fou3
𨛕	you2
𨛖	kuai4
𨛜	xiang4
𨛡	yun2
𨛣	qin2
𨛤	hui2
𨛥	pu2
𨛫	li2
𨛬	pei2
𨛭	shu1
𨛮	ju1
𨛯	yi2
𨛰	zheng1
𨛱	chong2
𨛳	xi2
𨛵	hu3
𨛶	rou2
𨜌	huan4
𨜍	qiao4
𨜎	zhi1
𨜏	ying2
𨜐	xi3
𨜑	qiao1
𨜒	ji4
𨜓	zheng1
𨜔	huang2
𨜖	yu2
𨜗	zou1
𨜘	mei2
𨜜	sheng3
𨜩	quan2
𨜰	jiang1
𨜱	he2
𨜳	tong2
𨜴	he2
𨜵	wen1
𨜶	yi4
𨜷	pang2
𨜺	weng1
𨜻	qian2
𨜼	li4
𨜽	yi2
𨜾	chuang4
𨜿	xu4
𨝀	wei3
𨝆	ge1
𨝈	yu3
𨝋	zhai4
𨝌	gan1
𨝍	qian1
𨝎	kang1
𨝏	li2
𨝐	shen1
𨝑	guan4
𨝓	piao2
𨝕	gai4
𨝖	li2
𨝘	hu3
𨝛	tu2
𨝜	shun4
𨝞	hu4
𨝟	li2
𨝢	lou4
𨝦	dang4
𨝨	zuo4
𨝩	shan1
𨝫	she4
𨝭	feng2
𨝮	ju4
𨝯	tong2
𨝰	jiao3
𨝱	qiao2
𨝲	gao1
𨝳	zi1
𨝴	huang2
𨝵	shan1
𨝸	tan2
𨞌	tuo1
𨞎	ling4
𨞐	cheng2
𨞑	weng4
𨞒	zuo2
𨞓	yu4
𨞕	zhu2
𨞗	qun2
𨞘	xi3
𨞙	qu2
𨞛	ge2
𨞢	qi1
𨞣	xu1
𨞨	gai4
𨞩	que4
𨞪	shou4
𨞫	meng2
𨞲	shen1
𨞶	qiao1
𨞷	can2
𨞺	li4
𨞼	wan4
𨞽	lei2
𨞾	xing1
𨞿	lang2
𨟂	shi4
𨟃	zheng1
𨟄	fan2
𨟊	zhi4
𨟏	yin2
𨟑	li4
𨟖	mo2
𨟗	wei3
𨟙	ying1
𨟚	rang2
𨟥	luo3
𨟲	dai4
𨟴	yin4
𨟵	bi3
𨟶	ge1
𨟸	wen4
𨟹	yan3
𨟺	mian3
𨟼	gang3
𨟽	qiu2
𨟾	zhi1
𨠋	gu1
𨠌	tong2
𨠎	ling2
𨠏	ti2
𨠐	ci2
𨠑	yi2
𨠒	fan4
𨠓	po1
𨠔	bi4
𨠖	bao4
𨠟	peng1
𨠡	suan1
𨠤	song1
𨠥	wei2
𨠦	xiao2
𨠨	ji4
𨠬	hao4
𨠭	yan3
𨠶	yi2
𨠷	zao1
𨠸	ying3
𨠹	nan3
𨠿	za1
𨡁	tian3
𨡂	xi1
𨡃	jiao4
𨡄	yan2
𨡌	nei2
𨡍	tan3
𨡎	yan4
𨡏	tian3
𨡐	zhi4
𨡑	chou1
𨡒	tao2
𨡗	zha4
𨡙	dan1
𨡞	mian3
𨡡	wu3
𨡢	yin3
𨡣	yan4
𨡤	lao3
𨡩	po1
𨡫	hun4
𨡬	hai3
𨡭	mu2
𨡮	cong1
𨡱	ku4
𨡲	chou1
𨡴	you3
𨡸	zhuo2
𨡺	kui4
𨡻	sou1
𨢂	yin4
𨢅	zui4
𨢆	sang1
𨢇	liu4
𨢈	han4
𨢉	wei4
𨢊	meng2
𨢋	hu2
𨢌	li4
𨢎	mi4
𨢐	bang1
𨢑	jian3
𨢜	que4
𨢠	meng2
𨢢	mu2
𨢣	hong3
𨢤	hu4
𨢥	mi2
𨢦	shai4
𨢩	shang1
𨢪	chao4
𨢬	zhuo2
𨢮	zhi1
𨢯	nian4
𨢵	ji4
𨢸	ke1
𨢹	zheng1
𨢿	dan1
𨣀	liao3
𨣁	zhan3
𨣂	gong3
𨣃	lao2
𨣄	hua1
𨣅	chuai4
𨣇	jian3
𨣈	kui4
𨣍	she1
𨣔	chen3
𨣕	tan3
𨣗	hu2
𨣘	meng2
𨣙	pao4
𨣚	zhan3
𨣛	chang2
𨣝	gan3
𨣠	yi4
𨣢	sui4
𨣦	xu4
𨣧	ji4
𨣨	lan4
𨣬	yi2
𨣯	mi4
𨣱	mie4
𨣵	cuan2
𨣸	lan3
𨣻	yan1
𨣾	mi2
𨤂	yong3
𨤃	cang2
𨤄	jian3
𨤇	sou1
𨤎	yan2
𨤑	juan4
𨤕	e4
𨤘	fen4
𨤚	fen4
𨤡	guang4
𨤢	mai2
𨤤	lie3
𨤩	chong1
𨤫	li2
𨤱	zhi2
𨤴	xie4
𨤷	chou2
𨤹	ji2
𨤽	pi1
𨥂	jie2
𨥇	zhou3
𨥍	xiong1
𨥑	kuang4
𨥙	jing3
𨥛	hu4
𨥞	qian2
𨥣	cen2
𨥦	qi2
𨥧	wan3
𨥨	mao2
𨥪	dou3
𨥴	kou3
𨥶	dai4
𨥸	nao2
𨥺	hong2
𨦂	lai3
𨦃	duo3
𨦄	qian1
𨦆	yin2
𨦖	lou4
𨦗	hui1
𨦛	fu4
𨦜	mao2
𨦞	zhou1
𨦡	yong2
𨦭	lao2
𨦮	ji2
𨦯	yi4
𨦰	liu2
𨦱	cong1
𨦳	nan3
𨧀	du4
𨧐	tun1
𨧑	xiang4
𨧕	bian4
𨧖	chuang2
𨧗	wu4
𨧙	ju1
𨧥	xie1
𨧦	pi1
𨧧	zhuo2
𨧨	rui4
𨧪	sao4
𨧫	zi4
𨧭	zheng4
𨧮	mi2
𨧰	zu2
𨧱	qu1
𨧳	chi4
𨧵	zhi4
𨨏	bo1
𨨗	quan4
𨨘	qian1
𨨙	ya1
𨨚	chao4
𨨛	he2
𨨜	ru3
𨨠	ju1
𨨡	wu4
𨨬	chi4
𨨭	kuang4
𨨯	cou4
𨨰	ruan4
𨨱	kuo4
𨨲	chi2
𨨳	zu2
𨨴	jiao1
𨨶	yu2
𨨷	tu2
𨨸	meng2
𨨹	da1
𨨺	shuo4
𨩥	feng1
𨩦	gou3
𨩧	dong1
𨩨	cha3
𨩩	mao4
𨩪	chan3
𨩫	bian1
𨩬	yu4
𨩯	wan2
𨩰	zu2
𨩲	zi1
𨩴	chuan1
𨩵	wan3
𨩶	wa1
𨩸	quan1
𨩻	wan3
𨩽	xia4
𨪄	ying4
𨪅	jian4
𨪈	wei3
𨪉	ti2
𨪊	sao1
𨪌	qi2
𨪍	sha1
𨪎	yu4
𨪏	ji2
𨪐	dou4
𨪑	chan3
𨪒	tuan2
𨪕	liu2
𨪗	zhui4
𨪳	ruan4
𨪶	yan4
𨪷	gu3
𨪹	li4
𨪺	cha1
𨪾	di4
𨪿	liu2
𨫀	zhan3
𨫁	po1
𨫒	lou4
𨫔	zhi4
𨬁	lian2
𨬅	luo3
𨬍	duo4
𨬐	jue2
𨬑	li4
𨬒	lan2
𨬔	ruan4
𨬕	gu1
𨬖	chan2
𨬗	xu1
𨬚	zhi3
𨭁	xue4
𨭂	bo1
𨭃	cheng1
𨭅	zhu4
𨭆	hei1
𨭎	xi3
𨭓	die2
𨭖	zhan3
𨭗	guo2
𨭚	biao1
𨭛	la4
𨭺	jin1
𨮂	gai3
𨮒	meng4
𨮔	yu4
𨮪	xi3
𨮬	piao1
𨮭	si1
𨮴	deng4
𨮸	chuo1
𨮹	di2
𨮺	ji1
𨮻	chan2
𨮿	zhuo2
𨯓	cai4
𨯞	jiang4
𨯲	tou2
𨯽	li2
𨰂	qian4
𨰆	chuo1
𨰏	ta4
𨰑	diao4
𨰓	jian3
𨰛	zhi3
𨰜	jue2
𨰞	mo2
𨰠	luo2
𨰦	bao3
𨰭	zuan3
𨰵	zhe1
𨰸	yu2
𨰻	bao3
𨰾	ma3
𨰿	xi4
𨱀	hu4
𨱁	yi4
𨱂	e2
𨱃	gu1
𨱄	tu2
𨱅	zhen1
𨱈	su4
𨱉	liang4
𨱊	qu1
𨱋	ling2
𨱌	guan4
𨱍	lang2
𨱎	tou1
𨱐	lou4
𨱒	shou4
𨱓	jiao1
𨱕	gai3
𨱖	wei2
𨱙	kun1
𨱚	duan4
𨱛	song1
𨱜	qi2
𨱝	yang3
𨱡	shi4
𨱣	gai3
𨱦	dao4
𨱧	yao3
𨱫	qian2
𨱭	shao1
𨱮	chang2
𨱯	miu3
𨱱	mo2
𨱵	nao3
𨱸	cong1
𨱺	nie4
𨱻	zhao1
𨱼	cen2
𨱿	song1
𨲀	nie4
𨲁	ci4
𨲄	jun4
𨲆	shao1
𨲈	zhu2
𨲉	duo3
𨲊	an4
𨲋	bi1
𨲎	ti4
𨲐	pi3
𨲑	xia2
𨲒	qiu2
𨲓	sheng3
𨲗	tang1
𨲛	man2
𨲜	pian1
𨲞	ti4
𨲟	rong2
𨲧	cong1
𨲪	ji1
𨲫	feng2
𨲬	wu4
𨲭	jiao4
𨲮	lao2
𨲯	zeng1
𨲰	peng2
𨲱	can3
𨲳	nong2
𨲵	chan3
𨲾	man2
𨲿	gui4
𨳀	niao4
𨳁	chong1
𨳂	chan4
𨳆	nang4
𨳉	xia1
𨳊	jiu1
𨳋	ji3
𨳌	zhen4
𨳑	ting3
𨳔	men2
𨳕	yue4
𨳗	zhong1
𨳘	tun2
𨳙	rui4
𨳚	xie4
𨳛	xi1
𨳝	ting3
𨳞	niu3
𨳠	wang3
𨳡	jian1
𨳣	fen1
𨳲	bian4
𨳷	yi2
𨳺	die2
𨳻	ji1
𨳼	gan3
𨳿	jian1
𨴀	jiong1
𨴆	kai1
𨴊	que4
𨴌	nan2
𨴍	mou2
𨴎	xu4
𨴏	song3
𨴐	shen4
𨴑	kuang1
𨴒	que4
𨴓	wei2
𨴗	die2
𨴘	nan2
𨴚	ruo4
𨴛	gong1
𨴜	dou4
𨴞	nian3
𨴡	chao1
𨴢	he2
𨴣	yan4
𨴩	tu2
𨴪	bu3
𨴬	hu2
𨴭	yong3
𨴯	shi3
𨴰	chu4
𨴹	xiao1
𨴺	men2
𨴻	li3
𨴼	ti2
𨴾	jian1
𨵂	zhi3
𨵃	gua1
𨵄	guan3
𨵆	qi4
𨵈	fei1
𨵉	yu3
𨵊	zhe2
𨵋	wei3
𨵌	e3
𨵍	chan1
𨵎	xi1
𨵐	gu3
𨵗	que4
𨵘	hui4
𨵚	xie2
𨵛	ying1
𨵝	ta4
𨵞	wai1
𨵟	fu2
𨵠	jie4
𨵡	pi4
𨵥	sheng3
𨵦	yu2
𨵧	kua1
𨵩	pi4
𨵪	xie2
𨵫	nve4
𨵬	xian4
𨵭	jian4
𨵮	xu4
𨵰	bi4
𨵴	nan2
𨵶	liang2
𨵸	pian2
𨵼	jing4
𨶀	ta3
𨶁	yan4
𨶂	ai4
𨶅	xiao1
𨶆	qiang1
𨶇	wu3
𨶈	tang2
𨶊	jun4
𨶐	kuo4
𨶗	lang4
𨶙	neng3
𨶜	dou4
𨶝	shu2
𨶟	jiao3
𨶠	nie4
𨶢	yu2
𨶨	ce4
𨶪	jiao3
𨶬	hua4
𨶭	wen2
𨶮	ye1
𨶯	e2
𨶰	guang1
𨶱	hua1
𨶲	jiao1
𨶺	lei4
𨶼	shang1
𨶽	yong4
𨶿	deng1
𨷀	guan1
𨷁	niu2
𨷃	sui4
𨷄	xiang4
𨷆	sa4
𨷇	chang1
𨷎	run4
𨷐	yun1
𨷒	fen1
𨷓	jian4
𨷔	xu4
𨷘	xi4
𨷙	shu2
𨷥	xie2
𨷦	li4
𨷩	tou2
𨷬	mi3
𨷭	chan2
𨷮	huo1
𨷱	zhuan3
𨷲	yue4
𨷻	lan2
𨷽	yan2
𨷾	dang4
𨷿	xiang4
𨸀	yue4
𨸁	ting3
𨸂	beng1
𨸃	san4
𨸄	xian4
𨸅	die2
𨸆	pi4
𨸇	pian2
𨸉	ta3
𨸋	jiao1
𨸌	ye1
𨸎	yue4
𨸐	reng2
𨸑	qiao3
𨸒	qi2
𨸓	diao1
𨸔	qi2
𨸗	han4
𨸘	yuan2
𨸙	you2
𨸚	ji2
𨸛	gai4
𨸜	hai1
𨸝	shi4
𨸟	qu1
𨸩	wen4
𨸬	zhen4
𨸭	po1
𨸮	yan2
𨸯	gu1
𨸰	ju2
𨸱	tian4
𨸷	e4
𨸺	ya1
𨸻	lin4
𨸼	bi4
𨹀	zi3
𨹁	hong2
𨹃	duo3
𨹅	dui4
𨹆	xuan4
𨹈	shan3
𨹊	shan3
𨹋	yao2
𨹌	ran3
𨹔	tuo2
𨹗	bing1
𨹘	xu4
𨹙	tun1
𨹚	cheng2
𨹜	dou4
𨹝	yi4
𨹡	che4
𨹵	juan3
𨹶	ji1
𨹸	zhao4
𨹹	beng1
𨹻	tian3
𨺀	peng1
𨺅	fu4
𨺖	tuo3
𨺘	xian2
𨺚	long2
𨺝	zhuo2
𨺟	zheng1
𨺠	shun3
𨺡	zong1
𨺢	feng1
𨺣	duan4
𨺤	pi4
𨺥	yan3
𨺦	sou3
𨺧	qiu2
𨺨	e4
𨺩	qian2
𨺫	qian3
𨺭	ca1
𨺮	xun4
𨺵	zhui4
𨺸	mao3
𨺹	jiao3
𨺿	zhan3
𨻀	pi2
𨻁	xi1
𨻂	yan4
𨻃	fei4
𨻄	nie4
𨻆	zhi4
𨻈	suo3
𨻊	yi4
𨻌	lei3
𨻍	xu4
𨻏	yi4
𨻒	wei1
𨻕	ji1
𨻖	chen1
𨻗	die2
𨻣	yuan2
𨻥	xi2
𨻧	liu2
𨻨	suo3
𨻱	beng1
𨻲	xia4
𨻳	yan4
𨻵	cui1
𨻷	kang1
𨻺	qing1
𨻻	lou2
𨻼	bi1
𨼈	zhan4
𨼉	cuan4
𨼊	wu2
𨼋	xu1
𨼌	chen1
𨼍	hao2
𨼎	jue2
𨼐	chen4
𨼑	cha2
𨼒	chan3
𨼓	zhi2
𨼔	xun2
𨼣	ge2
𨼤	chen2
𨼥	ye4
𨼪	chu3
𨼫	qu2
𨼬	xie4
𨼮	zhan4
𨼯	ken3
𨼱	jue2
𨼽	qu2
𨼿	meng2
𨽀	ye4
𨽁	zou1
𨽂	pu2
𨽄	shi4
𨽉	shu3
𨽊	chan2
𨽍	du2
𨽏	guo1
𨽐	lu4
𨽑	yan1
𨽖	niao3
𨽗	bin1
𨽟	tui2
𨽦	ni4
𨽧	huan1
𨽨	qian2
𨽯	xia4
𨽲	ling2
𨽷	lian2
𨽹	yi4
𨽻	li4
𨽼	si4
𨽿	dai4
𨾂	wei4
𨾅	ci4
𨾉	jiu3
𨾊	hong2
𨾌	yu2
𨾎	kui2
𨾒	hang2
𨾓	ge1
𨾔	fang4
𨾗	kui2
𨾚	gui1
𨾛	chi3
𨾞	jiu3
𨾡	sui1
𨾤	die2
𨾬	sui3
𨾰	qin2
𨾴	gui1
𨾻	zhui1
𨾾	tiao4
𨿁	yue4
𨿇	zui3
𨿏	wu2
𨿐	cui3
𨿛	zhi4
𨿠	shui4
𨿢	dong1
𨿭	wei2
𨿿	chong3
𩀋	run2
𩀖	ji2
𩀜	diao1
𩀞	cang1
𩀠	kou4
𩀣	wei2
𩀧	can2
𩀪	ma2
𩀫	ou4
𩀲	san3
𩀶	wei2
𩀼	san3
𩀿	jin1
𩁌	wei2
𩁞	cai4
𩁟	li2
𩁯	yue4
𩁴	yun1
𩁷	cheng1
𩁺	shan1
𩂂	hu1
𩂃	shai4
𩂄	tun2
𩂆	fou3
𩂈	qin4
𩂉	xu1
𩂍	chuan1
𩂎	fu4
𩂒	yi4
𩂓	dong1
𩂔	fu2
𩂕	fu2
𩂖	ze2
𩂗	pu4
𩂙	ling2
𩂝	shai4
𩂞	pao4
𩂢	yin2
𩂣	luo4
𩂤	hua4
𩂥	yin4
𩂦	beng4
𩂧	yu1
𩂨	she4
𩂪	xie4
𩂫	chu3
𩂴	she4
𩂵	dian4
𩂹	yi4
𩂻	che4
𩂼	geng3
𩂽	long2
𩂾	ping2
𩂿	yun3
𩃀	yan4
𩃁	mo4
𩃃	sui1
𩃋	jing4
𩃍	song4
𩃎	pang2
𩃐	ya2
𩃑	se4
𩃒	duo3
𩃕	chuang2
𩃖	xie4
𩃘	tuan2
𩃙	gong1
𩃚	xuan4
𩃜	la1
𩃞	ling2
𩃠	dai4
𩃡	zha2
𩃬	yin1
𩃭	song1
𩃯	yu3
𩃰	tuo2
𩃱	tuo2
𩃴	ba4
𩃵	ran3
𩃶	bo2
𩃷	dai4
𩃹	zha2
𩃺	hou2
𩃾	hui3
𩄅	lu2
𩄊	ling4
𩄋	ru2
𩄕	dan4
𩄖	meng2
𩄗	xia4
𩄘	weng3
𩄙	han2
𩄚	zi1
𩄛	zhen4
𩄜	se4
𩄝	cuo2
𩄞	li4
𩄠	dian1
𩄡	lian2
𩄢	gou4
𩄦	peng2
𩄪	ying1
𩄬	hou4
𩄮	dui4
𩄯	wu4
𩄷	piao4
𩄸	he4
𩄺	long2
𩄻	mo4
𩄼	fei3
𩄽	lv3
𩄾	ze2
𩄿	bo2
𩅀	dian4
𩅁	mang3
𩅃	zhuang4
𩅄	lu4
𩅅	pang1
𩅆	dui4
𩅇	bu4
𩅌	chen1
𩅍	man4
𩅖	xi1
𩅝	an3
𩅞	zhong1
𩅠	nan4
𩅡	tuo4
𩅢	he2
𩅥	dui4
𩅦	wan1
𩅧	zhong1
𩅨	cen2
𩅩	li4
𩅪	shuang1
𩅮	cen2
𩅰	si1
𩅲	dui4
𩅴	hun1
𩅼	jian1
𩅽	nong2
𩅾	dan4
𩅿	fu4
𩆀	huo4
𩆁	hui4
𩆂	ci2
𩆄	yong3
𩆅	sa4
𩆆	ting2
𩆎	liu4
𩆑	suan1
𩆒	ling2
𩆓	man2
𩆔	dian4
𩆘	pao1
𩆚	ling2
𩆝	li4
𩆟	nou2
𩆣	lie4
𩆤	shan3
𩆦	fei4
𩆫	shan3
𩆮	ling2
𩆯	zhan4
𩆱	bin1
𩆲	li2
𩆵	si1
𩆶	rang2
𩆷	jian1
𩆸	zhuo2
𩆻	ling2
𩆼	ling2
𩆽	meng4
𩆿	shuang1
𩇄	ling2
𩇇	hun4
𩇎	ling2
𩇏	jian1
𩇐	qu2
𩇔	nong2
𩇕	jing4
𩇖	chen1
𩇜	zhen1
𩇝	qing4
𩇟	qing4
𩇠	e4
𩇣	se4
𩇩	bei4
𩇫	fei1
𩇮	fei4
𩇯	fei2
𩇴	fang1
𩇵	ku3
𩇺	za2
𩇻	hui4
𩇽	fei2
𩈁	dui4
𩈆	pa1
𩈇	niu3
𩈈	pang4
𩈉	dan4
𩈊	dan1
𩈋	ai4
𩈍	tian3
𩈎	chao3
𩈏	ao3
𩈐	mei4
𩈑	nan3
𩈔	bo4
𩈕	yu4
𩈖	xian1
𩈗	mai4
𩈚	ping1
𩈜	dui1
𩈞	dao4
𩈡	xing4
𩈢	ni4
𩈣	han1
𩈤	chu4
𩈥	shua3
𩈦	man3
𩈬	wan4
𩈭	yi4
𩈮	diao4
𩈯	yan1
𩈱	wo4
𩈲	suan4
𩈴	an3
𩈵	lan2
𩈶	nan3
𩈸	qiu3
𩈹	mian4
𩈺	nuo3
𩈻	can2
𩈼	can3
𩉀	lan4
𩉁	tian3
𩉂	ye4
𩉄	nian3
𩉆	shua3
𩉋	ci2
𩉍	jian3
𩉐	gan4
𩉔	jian4
𩉕	guo2
𩉗	zhan1
𩉙	luo3
𩉜	ji1
𩉝	gui4
𩉡	jia2
𩉢	ji3
𩉥	xuan4
𩉧	feng1
𩉫	bi4
𩉬	qi2
𩉯	yuan2
𩉰	ang4
𩉱	di1
𩉴	e4
𩉵	fen2
𩉸	ju4
𩉹	ni3
𩉺	tuo2
𩉼	shen1
𩉽	fu2
𩉾	xia2
𩉿	qu2
𩊀	po4
𩊁	wan3
𩊂	ling2
𩊃	ma4
𩊄	zhou4
𩊅	bao4
𩊇	yu4
𩊌	beng3
𩊍	mai4
𩊏	jia1
𩊑	yang3
𩊓	kua3
𩊔	jiao4
𩊖	bing3
𩊚	luo4
𩊛	gui3
𩊜	duo4
𩊝	zhi4
𩊡	zhen4
𩊢	e4
𩊣	zhu1
𩊤	ba2
𩊨	zhen4
𩊩	feng1
𩊪	dou4
𩊫	nian3
𩊬	bu4
𩊭	dui4
𩊮	sha1
𩊯	se4
𩊰	bi4
𩊴	zhi4
𩊵	zhe2
𩊶	bu4
𩊺	jue2
𩊻	xun4
𩊿	xi4
𩋁	zhuo2
𩋂	bai4
𩋃	yao2
𩋄	chou3
𩋅	ta4
𩋆	qian1
𩋈	nao4
𩋉	yu4
𩋊	e4
𩋋	jian1
𩋌	yi4
𩋍	xiao1
𩋏	nie4
𩋒	bing1
𩋗	guo3
𩋘	xie2
𩋙	diao4
𩋜	ju1
𩋝	suo3
𩋞	die2
𩋟	fu2
𩋠	mian3
𩋡	shi4
𩋢	xuan4
𩋣	ti2
𩋤	yu4
𩋧	xie2
𩋨	fu2
𩋩	zhi4
𩋪	ni3
𩋫	xuan4
𩋬	yang2
𩋮	feng3
𩋯	zong4
𩋰	zhou4
𩋱	xuan1
𩋵	zhu1
𩋷	la
𩋹	ying4
𩋺	gao4
𩋻	kuo4
𩋽	e2
𩋾	wei2
𩋿	mei2
𩌃	huai2
𩌄	chou3
𩌆	suo3
𩌇	ta4
𩌈	suo3
𩌉	ta4
𩌊	xue4
𩌌	gong3
𩌍	jia3
𩌏	bo2
𩌐	ta4
𩌑	yuan3
𩌘	ta4
𩌝	chui2
𩌠	xiong1
𩌡	he2
𩌢	suo1
𩌧	mo4
𩌨	chong2
𩌩	sui1
𩌪	ze2
𩌫	lu4
𩌬	zhang1
𩌭	luo4
𩌮	xu4
𩌯	jian1
𩌰	shan1
𩌲	xu4
𩌾	jiang3
𩍂	bao4
𩍃	mai2
𩍅	tong2
𩍆	xi4
𩍉	rong2
𩍋	sheng2
𩍌	zhou4
𩍎	jian1
𩍏	fu4
𩍐	deng4
𩍓	yong1
𩍔	ju1
𩍖	yi4
𩍗	bang1
𩍙	se4
𩍚	sui4
𩍜	duo2
𩍝	xie4
𩍡	huan2
𩍥	ru3
𩍦	ni3
𩍧	zhou4
𩍨	gui4
𩍪	luo4
𩍲	zhi1
𩍳	xu4
𩍵	zhi1
𩍷	jue2
𩍸	ju1
𩍻	yuan2
𩍼	lu2
𩍿	bo2
𩎂	rong2
𩎃	xie4
𩎉	xi3
𩎊	luo2
𩎎	ge2
𩎑	zuan1
𩎒	han4
𩎔	jiao1
𩎕	sa3
𩎖	qin2
𩎗	qun1
𩎘	pao2
𩎙	yue4
𩎚	che4
𩎛	fu2
𩎜	pei1
𩎟	mei4
𩎢	tao1
𩎤	ken1
𩎥	xi4
𩎫	duo4
𩎭	yi4
𩎰	sui4
𩎲	xia2
𩎳	juan1
𩎵	wei2
𩎷	yi4
𩎹	yu4
𩎻	bai4
𩎼	tuo2
𩎽	ta4
𩎾	pao2
𩏂	bing3
𩏅	yun4
𩏆	yun4
𩏇	duan4
𩏈	ruan3
𩏉	wei2
𩏏	wei2
𩏐	gui4
𩏒	da2
𩏓	xia2
𩏖	hun4
𩏗	juan3
𩏘	sui1
𩏚	sui4
𩏝	lou2
𩏞	bai4
𩏟	yu4
𩏠	zheng4
𩏡	gui4
𩏣	kui1
𩏤	gao1
𩏥	dan1
𩏩	xian3
𩏪	zhai2
𩏫	se4
𩏭	ke1
𩏮	bu3
𩏯	bo2
𩏲	sui4
𩏴	yu4
𩏵	bu3
𩏶	jiu1
𩏷	jiu1
𩏹	juan4
𩏺	jue2
𩏼	na4
𩏽	zhai2
𩏾	tao1
𩏿	wei3
𩐀	xia2
𩐁	xie4
𩐅	sa4
𩐆	ji1
𩐉	xie4
𩐌	dui4
𩐍	zi3
𩐘	yuan3
𩐙	qin4
𩐚	fu2
𩐛	peng2
𩐜	pao2
𩐞	yin4
𩐠	hong1
𩐡	zu2
𩐣	gong1
𩐤	dong4
𩐥	he1
𩐦	wo4
𩐨	pang1
𩐫	su4
𩐬	kan3
𩐭	nie4
𩐮	hao2
𩐯	feng4
𩐰	e4
𩐱	ye4
𩐴	ting2
𩐵	dong4
𩐶	zhe2
𩐷	sang1
𩐻	mo4
𩐼	su4
𩐾	le4
𩑀	pu3
𩑁	e2
𩑂	zhuo2
𩑃	ye4
𩑇	xiang1
𩑈	guang4
𩑉	ren3
𩑊	ling2
𩑍	ao4
𩑐	chai1
𩑒	duo2
𩑓	qiong2
𩑔	ku1
𩑕	xu1
𩑖	huan2
𩑗	yao1
𩑘	zhen4
𩑙	ting3
𩑚	beng3
𩑝	ang2
𩑟	kan1
𩑡	ku1
𩑢	pei2
𩑣	you4
𩑤	ao3
𩑥	men2
𩑦	mo4
𩑬	fu3
𩑭	qing1
𩑮	la4
𩑯	dou3
𩑰	tan3
𩑳	qian3
𩑴	yao4
𩑵	wei4
𩑶	hu2
𩑷	mo4
𩑸	he1
𩑹	xuan4
𩑻	bi4
𩑼	po1
𩑾	di1
𩒀	zhen3
𩒂	shi1
𩒃	kan3
𩒄	ce4
𩒇	xu1
𩒈	zhen3
𩒊	zhu3
𩒏	hui4
𩒐	chi3
𩒓	hong3
𩒔	nou2
𩒕	nie4
𩒖	yan4
𩒘	chong3
𩒙	fu3
𩒚	guang1
𩒛	qi1
𩒝	gen3
𩒞	ting3
𩒢	tan3
𩒣	qian3
𩒦	jiu4
𩒧	xu1
𩒨	qi3
𩒪	zhen4
𩒮	qiu2
𩒰	e3
𩒳	hui4
𩒴	hong4
𩒵	qing3
𩒷	che1
𩒺	fu4
𩒼	hong1
𩒽	xi1
𩒾	wu2
𩒿	mang2
𩓂	ti1
𩓅	hong1
𩓐	bo2
𩓒	qin3
𩓓	gen3
𩓖	fu2
𩓗	kui3
𩓝	bie2
𩓞	jing4
𩓟	kan3
𩓠	gui1
𩓢	gao3
𩓣	xu1
𩓤	an4
𩓥	yue4
𩓦	wu4
𩓧	yi2
𩓨	jing1
𩓪	lu4
𩓫	quan2
𩓬	tui2
𩓮	ji4
𩓺	jiong3
𩓻	jue2
𩓼	pie1
𩓽	kun1
𩔀	wai4
𩔁	hui4
𩔂	dun4
𩔃	yuan3
𩔄	jie2
𩔆	gui4
𩔇	gao3
𩔈	po4
𩔉	men2
𩔊	zhuan4
𩔋	hang4
𩔔	yong2
𩔕	qiu2
𩔗	lei4
𩔘	ang2
𩔙	pi3
𩔚	weng1
𩔝	qin4
𩔟	qin3
𩔠	mie4
𩔡	dou1
𩔢	mi2
𩔣	zhan1
𩔥	qing3
𩔦	yi2
𩔮	ban1
𩔱	juan1
𩔳	ze2
𩔴	xu4
𩔵	lan2
𩔶	ma2
𩔷	ma2
𩔸	ou1
𩔹	bei1
𩔻	pou2
𩔼	xu4
𩕀	ao4
𩕆	hong3
𩕉	hong3
𩕊	zhan3
𩕌	sen3
𩕍	gao3
𩕏	po2
𩕐	liao4
𩕕	wai4
𩕖	xuan1
𩕜	kui2
𩕟	e4
𩕠	han4
𩕡	se4
𩕤	dan4
𩕪	xuan1
𩕬	e4
𩕭	gai4
𩕯	dao1
𩕱	meng3
𩕲	yi1
𩕳	ning3
𩕵	pin2
𩕹	cang1
𩕾	yuan4
𩖀	e4
𩖁	nie4
𩖄	yin3
𩖇	qiao1
𩖉	hong1
𩖊	ling2
𩖌	chan1
𩖍	ying3
𩖒	guan1
𩖔	niao3
𩖕	xu1
𩖖	tan2
𩖗	jin4
𩖛	peng2
𩖝	liao2
𩖠	bei4
𩖣	xin2
𩖤	tun2
𩖥	chao1
𩖦	gan1
𩖨	hu1
𩖩	wang3
𩖬	fu2
𩖭	pei4
𩖯	nao2
𩖰	xun2
𩖱	xue4
𩖴	liu3
𩖵	ling2
𩖶	xue4
𩖷	qu1
𩖸	hao2
𩖹	yi2
𩖺	han4
𩖼	fu2
𩖽	ba2
𩖾	yi2
𩗀	bo2
𩗄	hong1
𩗅	li4
𩗉	sa4
𩗊	xi1
𩗎	shi4
𩗏	piao1
𩗐	hua4
𩗑	yi2
𩗒	bo2
𩗓	bo2
𩗔	nei3
𩗕	qiu2
𩗘	wei3
𩗙	che4
𩗚	you2
𩗜	wei4
𩗝	hui3
𩗞	sa4
𩗡	chou2
𩗢	hong4
𩗣	sou1
𩗤	han4
𩗥	pao2
𩗧	fang2
𩗩	liu2
𩗪	zhou4
𩗫	pi2
𩗭	li4
𩗰	chui2
𩗱	xi1
𩗲	zheng1
𩗴	beng4
𩗵	zheng1
𩗶	sui4
𩗷	yan3
𩗼	qing1
𩗽	wu4
𩗾	liang3
𩘀	zhao4
𩘁	liang2
𩘅	jie1
𩘇	hong1
𩘈	you1
𩘊	la4
𩘋	hou4
𩘍	yuan4
𩘎	hong2
𩘏	ye4
𩘑	ying3
𩘒	xuan3
𩘓	you2
𩘘	quan2
𩘜	tang2
𩘝	suo3
𩘟	li4
𩘠	sou1
𩘡	li4
𩘤	yu4
𩘧	yi4
𩘭	xiu1
𩘮	ao2
𩘯	tuan2
𩘰	su4
𩘱	shuai4
𩘳	yu4
𩘵	feng1
𩘹	su4
𩘺	tui2
𩘻	yu4
𩘼	zheng1
𩘽	zheng1
𩘿	tao2
𩙄	liu2
𩙆	cheng2
𩙇	sui2
𩙈	sao1
𩙏	gu3
𩙐	feng1
𩙑	lie4
𩙒	piao1
𩙖	li4
𩙘	long2
𩙙	chu1
𩙚	xiao1
𩙛	hong1
𩙜	xie4
𩙝	she4
𩙠	long2
𩙡	hou1
𩙢	xuan2
𩙣	feng1
𩙥	ba2
𩙦	bo2
𩙧	tao2
𩙨	su4
𩙩	zhao4
𩙪	biao1
𩙫	sou1
𩙬	tui2
𩙭	suo3
𩙮	xiao1
𩙯	heng2
𩙰	sao1
𩙲	fei1
𩙷	niu4
𩙸	mang3
𩙽	huan2
𩙾	zhi1
𩚂	yi4
𩚄	yu4
𩚇	yi2
𩚈	yue1
𩚉	chi2
𩚕	yin3
𩚖	niu4
𩚗	rong3
𩚛	na4
𩚣	tian2
𩚥	ba1
𩚪	er3
𩚫	zheng1
𩚬	e4
𩚭	pou2
𩚮	ji1
𩚯	ni2
𩚱	jiong3
𩚲	jia2
𩚵	gan1
𩚹	ling2
𩚻	zui4
𩚾	bei4
𩛅	shu1
𩛆	yi3
𩛇	pai1
𩛋	nao3
𩛌	shi4
𩛎	man3
𩛏	shi4
𩛑	ti2
𩛘	gong1
𩛝	lei4
𩛞	bao3
𩛟	yuan1
𩛠	zuo1
𩛡	lang2
𩛢	xiu1
𩛥	zai4
𩛦	cheng4
𩛧	jian1
𩛨	mao4
𩛩	jia2
𩛪	yu4
𩛭	yu4
𩛮	yi2
𩛲	mang1
𩛳	zai4
𩛵	zhui4
𩛶	ti2
𩛹	xi4
𩛺	ju2
𩛻	zan4
𩛼	lu4
𩛽	tao2
𩜀	zhui4
𩜁	ling2
𩜃	ju4
𩜆	ji1
𩜇	juan3
𩜊	zi1
𩜌	yue1
𩜍	dong1
𩜒	nang3
𩜖	chong2
𩜟	ang4
𩜣	geng1
𩜥	bo1
𩜦	ding4
𩜧	wei3
𩜬	quan2
𩜭	ke1
𩜰	pi4
𩜱	kan3
𩜲	fu2
𩜳	yong3
𩜵	tuan2
𩜶	tou3
𩜷	you4
𩜸	yao1
𩜺	ye1
𩜽	yan4
𩝈	xian2
𩝊	ti2
𩝌	sui4
𩝐	ci2
𩝔	xu3
𩝕	wu4
𩝖	can1
𩝗	yu4
𩝚	chan3
𩝛	xia2
𩝝	kao4
𩝞	cang1
𩝟	cha1
𩝠	qiu3
𩝣	da1
𩝥	su4
𩝨	hua1
𩝷	wu1
𩝸	yuan1
𩝽	jiang4
𩝾	xiang3
𩝿	zhai1
𩞀	san3
𩞁	mo2
𩞃	shang3
𩞄	cao2
𩞅	sui1
𩞆	chuang2
𩞇	mi2
𩞈	zhu2
𩞉	chong2
𩞊	ji4
𩞋	chong2
𩞙	lian2
𩞞	hai4
𩞤	dun1
𩞥	xiang3
𩞦	cheng1
𩞧	shang3
𩞨	li4
𩞩	huang2
𩞬	deng4
𩞯	liang2
𩞶	za1
𩞺	huo4
𩞻	lin2
𩞾	du2
𩞿	han4
𩟀	yong1
𩟁	yuan4
𩟂	guo4
𩟃	ling2
𩟅	lian3
𩟇	ao4
𩟈	dang1
𩟉	yi4
𩟊	nong2
𩟋	shan4
𩟍	xin4
𩟐	da2
𩟑	yu4
𩟒	can1
𩟓	wo4
𩟔	cha2
𩟕	bo2
𩟗	jian3
𩟞	meng2
𩟟	wei3
𩟠	mo2
𩟥	shui4
𩟦	jie2
𩟧	shuo4
𩟨	huo4
𩟫	chuo4
𩟭	long2
𩟮	huai4
𩟰	tuo1
𩟳	yu2
𩟶	chan4
𩟷	yong1
𩟸	huo4
𩟺	lan3
𩟿	na4
𩠀	ba1
𩠁	gan1
𩠂	yi3
𩠃	jia2
𩠅	da2
𩠆	ding4
𩠇	xun4
𩠈	ren3
𩠉	juan3
𩠊	tuan2
𩠋	xu3
𩠌	song4
𩠎	cao2
𩠏	cheng1
𩠑	ding3
𩠚	hai2
𩠟	wu3
𩠦	qi3
𩠨	ji1
𩠮	kui2
𩠯	wei2
𩠶	shou3
𩠷	fu2
𩠹	tuan2
𩠻	bie2
𩠽	tan2
𩠾	hang1
𩠿	pie1
𩡃	yu2
𩡄	tan2
𩡌	xiang1
𩡎	xiu1
𩡓	weng3
𩡔	hai4
𩡕	peng2
𩡖	yi3
𩡝	tan2
𩡟	bie2
𩡠	xiang1
𩡣	yi3
𩡦	piao2
𩡧	huan2
𩡨	mu3
𩡩	ba1
𩡫	fan4
𩡯	ding1
𩡷	fen1
𩡺	jie4
𩡾	suo2
𩢄	wan4
𩢅	ge1
𩢈	fen1
𩢊	tuo2
𩢌	wen2
𩢍	gua1
𩢎	duo1
𩢐	zhe2
𩢑	ci3
𩢒	yao3
𩢔	ban4
𩢕	bu4
𩢖	mo4
𩢘	po3
𩢛	ge2
𩢞	liu2
𩢡	ran3
𩢨	gan1
𩢪	hu2
𩢫	mou2
𩢮	xiu1
𩢯	huang1
𩢰	fu2
𩢱	hui2
𩢳	qu2
𩢴	jie2
𩢵	tuo1
𩢶	yu2
𩢷	mo4
𩢸	zhou1
𩢹	jiu4
𩢻	shu2
𩢼	kuang1
𩢽	qiong2
𩢾	lie4
𩢿	fu4
𩣊	xu4
𩣖	lin4
𩣘	nie4
𩣚	pi1
𩣜	fu4
𩣝	bu4
𩣞	yi4
𩣡	bo2
𩣣	e2
𩣩	zhe2
𩣫	li4
𩣮	tu4
𩣯	da2
𩣱	lu4
𩣲	yan1
𩣳	dong1
𩣴	qie4
𩣵	wan3
𩣶	ming3
𩣷	zui1
𩣸	fu4
𩣹	qu1
𩣺	ben1
𩣻	ao3
𩣼	qiang1
𩤁	qun1
𩤈	que4
𩤉	hua2
𩤊	xian4
𩤋	kun4
𩤏	cui4
𩤒	yi2
𩤖	chi1
𩤗	zong4
𩤘	nao3
𩤙	cheng2
𩤚	duan1
𩤛	yong2
𩤜	zhe3
𩤞	tan4
𩤟	yang2
𩤠	xie2
𩤡	xuan1
𩤣	duan4
𩤤	shua3
𩤥	xian2
𩤦	xian2
𩤩	e2
𩤲	la1
𩤸	wei4
𩤹	you1
𩤺	yu2
𩤽	ti1
𩤿	jin1
𩥁	tang2
𩥂	qi2
𩥄	dian1
𩥅	tao1
𩥆	lv4
𩥇	zhan4
𩥈	wen1
𩥉	ji4
𩥊	ao1
𩥋	ou4
𩥌	qia4
𩥐	shi1
𩥑	ta3
𩥔	mo4
𩥘	you2
𩥠	zha2
𩥣	yao2
𩥫	chong1
𩥬	li2
𩥭	yu2
𩥮	chan3
𩥯	yi1
𩥲	chi4
𩥴	li2
𩥽	tu2
𩥿	zu2
𩦂	xian2
𩦇	xi4
𩦉	bie2
𩦊	han2
𩦋	qi2
𩦌	sang1
𩦎	fei1
𩦐	shan4
𩦘	huan1
𩦠	bang4
𩦡	yu2
𩦢	yu2
𩦤	ji2
𩦱	kuai3
𩦲	zong1
𩦹	xian4
𩦺	meng2
𩧃	li4
𩧄	zhi4
𩧅	fan2
𩧆	lie4
𩧇	cai4
𩧈	du2
𩧉	guang1
𩧊	xiong4
𩧋	li2
𩧌	qi4
𩧏	jue2
𩧐	tuo1
𩧒	ju4
𩧓	xiao1
𩧘	qu2
𩧜	zhuan3
𩧡	jue2
𩧦	jie4
𩧨	zhou4
𩧩	xian4
𩧪	long2
𩧫	yang3
𩧬	ran3
𩧭	yi4
𩧮	lie4
𩧯	bo1
𩧰	hun2
𩧱	ji4
𩧲	dong4
𩧳	zhou1
𩧴	quan1
𩧵	jie2
𩧸	li4
𩧺	ju2
𩧻	wan3
𩧼	ben1
𩧿	bi1
𩨀	ge2
𩨁	chun3
𩨃	qian2
𩨄	sou1
𩨅	wei4
𩨆	cheng2
𩨇	lou2
𩨈	yu2
𩨉	la1
𩨊	qian2
𩨋	dian1
𩨌	ta3
𩨍	zhan4
𩨏	fan2
𩨐	lie4
𩨑	ting1
𩨒	ji1
𩨓	qian1
𩨔	hu2
𩨗	yu2
𩨘	qi4
𩨙	yu2
𩨚	wa1
𩨜	ba4
𩨝	qi2
𩨞	sa3
𩨟	qiao1
𩨠	ya4
𩨡	xian3
𩨨	ci1
𩨩	fan4
𩨫	kun3
𩨬	gun3
𩨭	que1
𩨮	e4
𩨯	qiong2
𩨲	ma4
𩨳	ku1
𩨴	yao3
𩨷	que1
𩨸	chu1
𩨹	jia3
𩨻	zhu3
𩨽	dui1
𩨾	wa2
𩩀	nao3
𩩄	yan2
𩩅	tong2
𩩈	kuai4
𩩋	xing2
𩩌	gun3
𩩍	ping1
𩩑	yu3
𩩒	he4
𩩔	zhuo2
𩩗	she1
𩩘	yu3
𩩛	ji4
𩩝	qiang1
𩩞	shui4
𩩟	chuo4
𩩠	zu2
𩩡	leng2
𩩢	ni2
𩩤	wa1
𩩥	zha2
𩩧	dan4
𩩮	du4
𩩯	bian4
𩩰	jie1
𩩱	qia4
𩩲	he2
𩩳	chong4
𩩴	yan2
𩩶	yan4
𩩺	song2
𩩻	teng2
𩩼	yao3
𩩾	kao1
𩪀	zhui1
𩪁	gui4
𩪂	ai2
𩪃	hai4
𩪈	suo3
𩪉	xu4
𩪊	biao1
𩪌	feng4
𩪍	qu1
𩪎	mang3
𩪐	guo2
𩪖	bi4
𩪗	jue2
𩪘	chuang2
𩪛	pu2
𩪟	yi4
𩪢	qian1
𩪣	yi4
𩪤	e4
𩪥	ling2
𩪧	bi4
𩪭	huo4
𩪮	mo3
𩪱	xun1
𩪴	yan4
𩪸	li4
𩪺	tan2
𩪾	luan2
𩫀	kai4
𩫁	mao4
𩫂	xiao1
𩫇	ai3
𩫊	ta3
𩫍	mei4
𩫏	guo1
𩫓	gao3
𩫔	nao2
𩫕	hao2
𩫠	que1
𩫥	cao2
𩫦	sao4
𩫫	pi2
𩫲	xie1
𩫳	xiao1
𩫴	ju2
𩫹	cheng2
𩫺	nao3
𩬀	nei4
𩬍	mu3
𩬏	shao1
𩬑	dian1
𩬔	ling2
𩬖	zhen3
𩬗	yao3
𩬙	fu4
𩬚	qian2
𩬛	qiong2
𩬜	ju2
𩬝	bing4
𩬞	mao2
𩬟	zha4
𩬠	tai1
𩬤	chong1
𩬫	zhai3
𩬭	shi1
𩬮	yong4
𩬰	qiong2
𩬱	dao4
𩬲	ti4
𩬳	zhui3
𩬵	yin4
𩬷	nao3
𩬸	bo1
𩬹	kuang1
𩬺	zhi3
𩬻	duo3
𩬼	cong1
𩬽	bao3
𩬾	ya1
𩭇	li2
𩭊	ju2
𩭋	wen2
𩭌	lie4
𩭏	wo3
𩭐	shi3
𩭑	niao3
𩭒	mang2
𩭓	jiu1
𩭘	xiu1
𩭝	wo3
𩭟	dao4
𩭡	xi1
𩭢	an4
𩭣	da2
𩭤	zong3
𩭥	han4
𩭦	chui2
𩭧	bi1
𩭩	dong4
𩭫	zhang3
𩭯	ya1
𩭲	di2
𩭳	huo1
𩭷	min2
𩭹	san1
𩭺	fu4
𩭼	bao3
𩭽	ke4
𩭾	mao2
𩭿	re4
𩮀	zong1
𩮁	qia4
𩮂	xia1
𩮃	sou1
𩮄	xiu1
𩮅	na4
𩮉	man2
𩮎	zha1
𩮏	chan2
𩮐	she4
𩮑	wo3
𩮖	ai2
𩮗	bang4
𩮘	hao1
𩮚	sao1
𩮛	suo3
𩮜	ti4
𩮝	ya4
𩮟	bing4
𩮠	rong2
𩮫	sha1
𩮬	weng3
𩮯	ao2
𩮱	zhuang1
𩮳	piao4
𩮴	sui1
𩮵	yi1
𩮶	sou1
𩮷	dou1
𩮸	sou1
𩮹	luo2
𩯃	fei4
𩯄	zun4
𩯆	nao4
𩯇	deng1
𩯈	zhi2
𩯉	cuo1
𩯊	liao2
𩯋	ji3
𩯌	bo1
𩯍	cong2
𩯎	cheng2
𩯏	bu3
𩯑	san1
𩯒	zan4
𩯘	jiao4
𩯛	yao4
𩯜	lu3
𩯞	can4
𩯨	ni3
𩯰	jie2
𩯱	pu2
𩯲	zhuang4
𩯳	zan4
𩯺	li4
𩯽	la4
𩰀	chong1
𩰃	zhan4
𩰍	bian4
𩰎	weng1
𩰓	hong4
𩰗	pin1
𩰙	se4
𩰞	ni3
𩰟	fen1
𩰠	xu3
𩰢	shi3
𩰤	ju4
𩰨	jue2
𩰪	yu4
𩰬	guo1
𩰭	guo1
𩰯	hu2
𩰰	jing4
𩰲	li4
𩰳	xie2
𩰴	er2
𩰵	yuan2
𩰶	hai2
𩰹	jing4
𩰻	ke4
𩰽	zong1
𩰾	fei4
𩱀	peng1
𩱁	geng1
𩱃	jian1
𩱄	ni2
𩱆	xian2
𩱇	li4
𩱈	chao3
𩱊	er2
𩱋	geng1
𩱌	yu4
𩱍	hu2
𩱎	fei4
𩱏	ao2
𩱓	er3
𩱘	ke4
𩱙	ku4
𩱚	bo2
𩱝	ye4
𩱞	jiao4
𩱦	chao3
𩱧	geng1
𩱨	ru4
𩱪	yue4
𩱬	lin2
𩱱	yu4
𩱲	yue4
𩱳	zhai1
𩱴	xiao1
𩱷	mie4
𩱻	gui3
𩱼	jiu1
𩱾	tuo4
𩲁	xi2
𩲂	wei3
𩲃	zhuo2
𩲄	wei4
𩲅	kui2
𩲈	mei4
𩲊	hao4
𩲋	hang1
𩲌	fang1
𩲍	niu2
𩲎	you4
𩲏	hua4
𩲒	lang4
𩲠	zhu2
𩲡	gui3
𩲢	bi4
𩲣	jia3
𩲤	tiao2
𩲦	lv4
𩲧	kong3
𩲨	zui3
𩲩	ling2
𩲪	qi2
𩲬	zhu2
𩲱	gu3
𩲲	zu4
𩲴	yang1
𩲵	su1
𩲷	kui2
𩲹	chang1
𩲻	yao2
𩲾	yu4
𩳅	shu1
𩳆	lai4
𩳇	yi4
𩳈	dou1
𩳌	wu2
𩳍	ying3
𩳎	fu2
𩳏	zhuan4
𩳐	fu3
𩳒	su4
𩳓	li3
𩳔	yao4
𩳕	tui4
𩳝	gui4
𩳡	lv4
𩳢	yan4
𩳣	qi2
𩳤	lang4
𩳥	zhu2
𩳧	gui3
𩳨	hu1
𩳯	jing1
𩳲	chi3
𩳵	ju2
𩳶	zha2
𩳸	miao2
𩴀	zhu1
𩴁	gan1
𩴂	xiong1
𩴃	ji2
𩴇	shai4
𩴈	mei4
𩴉	yun4
𩴌	gan1
𩴍	shou4
𩴐	lv4
𩴑	you4
𩴒	jiang4
𩴓	nuo2
𩴘	ju4
𩴙	you4
𩴜	yi4
𩴝	teng2
𩴞	wei2
𩴟	che3
𩴠	lin4
𩴡	gu4
𩴣	li4
𩴤	liao4
𩴧	jiao1
𩴨	yang2
𩴩	biao1
𩴪	qi2
𩴮	yi4
𩴱	bin1
𩴲	meng2
𩴳	cha4
𩴵	gan1
𩴹	qu2
𩴺	di2
𩴻	lei2
𩵀	ling2
𩵄	huan1
𩵅	qu2
𩵇	luo2
𩵉	kui2
𩵍	qiu2
𩵎	yu3
𩵏	hua4
𩵓	lei4
𩵕	ren4
𩵖	xiao3
𩵗	si4
𩵚	du4
𩵛	bie1
𩵠	niu2
𩵢	he4
𩵣	pei1
𩵥	fei4
𩵦	mu4
𩵩	fu1
𩵬	hu2
𩵭	wang2
𩵮	sha1
𩵰	jiao1
𩵱	wu3
𩵹	fu4
𩶁	bing3
𩶂	zhu4
𩶄	zhu2
𩶅	chi1
𩶇	shen3
𩶈	hu1
𩶉	bu1
𩶎	ran3
𩶖	mu4
𩶘	li4
𩶛	jia1
𩶞	ma4
𩶡	meng2
𩶢	mou2
𩶣	zhou1
𩶤	xian3
𩶥	hui3
𩶦	guai4
𩶧	jiu4
𩶩	mu4
𩶫	ru4
𩶭	wu2
𩶯	ru2
𩶱	zha4
𩷁	nuo3
𩷂	xie2
𩷄	jiang4
𩷋	li3
𩷌	shu1
𩷍	yi4
𩷎	di2
𩷏	qing2
𩷐	ju2
𩷓	zhi4
𩷕	lang2/liang2
𩷖	bu4
𩷗	kuang2
𩷘	yi4
𩷚	bo2
𩷧	chi4
𩷭	jiang4
𩷯	wo4
𩷰	xun4
𩷵	tun1
𩷶	mang2
𩷸	fang2
𩷹	zhuo2
𩷻	qia4
𩷽	ta3
𩷾	qi2
𩸀	peng4
𩸁	bie1
𩸂	fen4
𩸃	tu4
𩸄	hua4
𩸇	e4
𩸋	e4
𩸎	ding4
𩸐	ru2
𩸖	e4
𩸞	yan4
𩸟	si4
𩸥	ying2
𩸦	ni2
𩸧	ni2
𩸨	yi2
𩸹	mi2
𩸾	ye2
𩸿	po1
𩹀	cou4
𩹂	wei4
𩹄	hai4
𩹅	ying1
𩹇	ting2
𩹈	zhi4
𩹉	fei1
𩹊	you2
𩹍	kui2
𩹎	an4
𩹏	ba4
𩹑	han4
𩹞	nan2
𩹟	nai4
𩹢	jing1
𩹥	wei1
𩹱	chu4
𩹳	suo3
𩹴	tao1
𩹵	qi2
𩹶	tang2
𩹷	wei3
𩹸	gan3
𩹺	ge2
𩹼	han4
𩹾	na4
𩹿	ge2
𩺄	zheng1
𩺗	ta3
𩺛	si1
𩺝	ni4
𩺞	sang3
𩺫	xie2
𩺯	zu2
𩺰	yu2
𩺱	ni4
𩺲	qi1
𩺵	shen1
𩺼	bu1
𩻋	kun1
𩻌	li2
𩻎	gua1
𩻖	yan3
𩻗	bu4
𩻘	jian4
𩻚	wu2
𩻛	cen2
𩻜	lin2
𩻝	zhuan4
𩻟	hui1
𩻡	tong2
𩻢	zha3
𩻤	hei1
𩻧	guo3
𩻱	jing3
𩻵	die2
𩻷	ying2
𩻼	zhi4
𩼂	wei3
𩼄	ji4
𩼅	rong3
𩼈	ao4
𩼉	dang1
𩼊	luo2
𩼋	ye4
𩼌	wei1
𩼒	qiang2
𩼙	ge2
𩼚	ji4
𩼦	zou4
𩼨	yi2
𩼫	zha3
𩼭	lie4
𩼴	ye4
𩼼	zhan1
𩽀	chou2
𩽁	biao1
𩽆	xu4
𩽇	you1
𩽍	xie4
𩽎	wei2
𩽏	li4
𩽛	bo2
𩽜	jian3
𩽝	chan2
𩽞	kun1
𩽡	qing2
𩽧	shuang1
𩽨	xi1
𩽩	qu2
𩽰	luo2
𩽳	dang3
𩽴	nian2
𩽵	li3
𩽷	ba4
𩽹	e4
𩽺	fu1
𩽻	fu4
𩽼	hun3
𩽽	zha4
𩾁	qiu2
𩾂	chou2
𩾄	xun4
𩾅	tu4
𩾆	ni2
𩾇	hu3
𩾈	shu1
𩾊	xu1
𩾋	zhong4
𩾎	you1
𩾒	xiao1
𩾓	xiao1
𩾔	ci4
𩾕	chi4
𩾗	diao1
𩾘	yi4
𩾚	ding1
𩾝	han4
𩾞	wan2
𩾠	yi3
𩾡	bao4
𩾢	yi4
𩾧	xun4
𩾬	xiang2
𩾳	bi2
𩾶	jie2
𩾷	ge1
𩾸	ze4
𩾺	zhen4
𩾻	hu2
𩾼	xi1
𩾽	xin1
𩾾	xiao1
𩾿	fu4
𩿀	zhong4
𩿂	mao4
𩿃	xin1
𩿄	qiang1
𩿈	fen2
𩿉	ban1
𩿊	huan1
𩿑	jiao1
𩿓	bao4
𩿔	ya1
𩿕	yao2
𩿛	xi4
𩿝	ju4
𩿟	qu4
𩿠	yue4
𩿡	tai2
𩿢	tou3
𩿣	mo4
𩿤	zha2
𩿥	qu2
𩿧	fu1
𩿩	qu2
𩿪	chi4
𩿬	you2
𩿷	ti2
𩿺	wa1
𩿽	tuo2
𩿿	chu2
𪀁	ge1
𪀉	ge1
𪀊	qu2
𪀏	ju4
𪀒	die2
𪀓	yi2
𪀔	shi1
𪀕	yi4
𪀗	gui3
𪀘	jiang4
𪀚	song1
𪀛	qiong2
𪀝	e4
𪀞	huang1
𪀟	hui2
𪀠	xun2
𪀣	ju2
𪀥	zhai2
𪀦	chi4
𪀧	lao3
𪀩	qi2
𪀪	xiu1
𪀬	hui1
𪀭	tong2
𪀺	fu4
𪀽	xun2
𪀾	jie2
𪀿	mi3
𪁀	yu4
𪁈	zhuang4
𪁉	jiao1
𪁊	zhi4
𪁋	cheng2
𪁍	jie2
𪁎	xiao1
𪁏	chen2
𪁐	li2
𪁑	yue4
𪁓	zhi4
𪁔	lao2
𪁕	wo4
𪁖	qu2
𪁘	wang1
𪁚	yi1
𪁛	yi4
𪁜	lang2
𪁞	tou2
𪁟	an1
𪁠	jue2
𪁡	yan4
𪁥	ju4
𪁧	zhen4
𪁩	zhi4
𪁪	mang3
𪁮	xiu4
𪁱	chuang2
𪁲	chu1
𪁸	qiang1
𪁹	fei1
𪁺	chang2
𪁼	mian2
𪁽	su4
𪁾	ao3
𪂀	fu3
𪂄	wei4
𪂅	zhi1
𪂆	min2
𪂇	chang1
𪂈	yan2
𪂉	yu4
𪂋	fu4
𪂌	ta4
𪂍	ji3
𪂏	fei4
𪂒	hu2
𪂓	ju1
𪂕	yu3
𪂛	qi2
𪂜	mei2
𪂟	bie1
𪂠	guo3
𪂤	ming4
𪂦	wan3
𪂧	wan3
𪂴	jing1
𪂵	yu4
𪂶	xian2
𪂹	chun1
𪂺	ji2
𪂼	xiang1
𪂽	pen2
𪂾	fu4
𪃂	liu2
𪃄	sai1
𪃅	xue1
𪃆	zou4
𪃈	jie2
𪃋	zhan1
𪃍	yu2
𪃎	yu2
𪃏	mei2
𪃐	miao3
𪃑	mao4
𪃒	duo2
𪃓	fu4
𪃛	jian4
𪃦	miao2
𪃨	ao1
𪃭	ke4
𪃶	hou2
𪃺	gou4
𪃼	xi1
𪃾	rong2
𪃿	ge1
𪄀	pan2
𪄁	yuan2
𪄂	xia4
𪄅	sha1
𪄆	pi1
𪄈	qing2
𪄉	yong1
𪄊	qu2
𪄌	gong4
𪄎	ge2
𪄏	xian1
𪄑	su4
𪄕	ban1
𪄖	qi2
𪄗	hou4
𪄛	xi1
𪄝	wu1
𪄭	qi1
𪄮	hu4
𪄯	gui1
𪄱	di2
𪄲	shang1
𪄳	mai4
𪄴	min3
𪄵	ji4
𪄶	xi2
𪄷	xian1
𪄸	ji2
𪄹	chang2
𪄺	kou4
𪄻	chong1
𪅂	zhang1
𪅃	piao3
𪅄	su4
𪅅	lve4
𪅆	li2
𪅇	meng4
𪅈	chong1
𪅉	tian1
𪅋	ling2
𪅍	chi4
𪅖	chong1
𪅙	chi4
𪅝	niao3
𪅟	yong2
𪅮	mi4
𪅰	shu1
𪅲	xi4
𪅴	e4
𪅵	zi1
𪅸	jie2
𪅹	ji1
𪅺	hou1
𪅻	sheng4
𪅼	li4
𪅾	qi1
𪆀	zhou1
𪆁	si1
𪆂	qu2
𪆋	xie2
𪆗	si1
𪆛	xu1
𪆠	fu4
𪆯	nong2
𪆰	ya4
𪆱	liu2
𪆲	jia3
𪆳	gui1
𪆴	kui2
𪆵	chi4
𪆶	can4
𪆷	chu2
𪆹	guo1
𪆻	dan3
𪆿	jian4
𪇁	dang1
𪇂	hou4
𪇄	kou4
𪇆	chu4
𪇇	qian1
𪇈	ai4
𪇊	pi4
𪇑	xun4
𪇒	jing1
𪇓	meng4
𪇕	bin1
𪇖	lan2
𪇗	gu3
𪇘	chou2
𪇛	yong1
𪇜	gua2
𪇝	yu2
𪇞	zhou4
𪇭	cai4
𪇯	liu2
𪇰	bu3
𪇱	luo4
𪇲	jie2
𪇳	zhen1
𪇴	mie4
𪇵	guang3
𪇷	jia2
𪇹	la4
𪈀	shou4
𪈃	guo1
𪈆	meng4
𪈇	qian2
𪈈	lai4
𪈊	he2
𪈋	tuan2
𪈑	hui1
𪈘	hong1
𪈜	lv3
𪈟	jia2
𪈥	gui1
𪈨	yi1
𪈩	huan1
𪈰	luo2
𪈴	jue2
𪈸	guan4
𪈻	quan2
𪈼	niao3
𪈿	man2
𪉂	yun4
𪉃	wen2
𪉄	chi4
𪉅	chi4
𪉆	zhi1
𪉈	ci2
𪉉	zhuang4
𪉊	hua2
𪉋	jie2
𪉌	qu2
𪉍	tu1
𪉎	min2
𪉏	mei2
𪉐	yu2
𪉑	ao2
𪉒	ban1
𪉔	pi1
𪉕	zhen1
𪉖	lu3
𪉗	chi4
𪉘	tou2
𪉚	jie1
𪉜	zhan1
𪉢	jin1
𪉣	lu3
𪉦	jian4
𪉧	tan4
𪉨	chang1
𪉪	ci4
𪉭	wai1
𪉮	cou4
𪉯	kan4
𪉱	bian4
𪉸	wen1
𪉻	qian1
𪉿	gan4
𪊂	hui4
𪊄	gan3
𪊆	ji4
𪊇	gan4
𪊉	huai2
𪊍	si4
𪊐	fu1
𪊕	pi2
𪊗	ca1
𪊜	ben4
𪊢	shi3
𪊥	huan2
𪊧	gui1
𪊪	ou3
𪊳	pao2
𪊵	ying3
𪊶	ting3
𪊷	xiao4
𪊹	zhu4
𪊻	yu2
𪋁	jian4
𪋄	qu3
𪋅	wan3
𪋆	kun1
𪋇	zhui1
𪋉	yu4
𪋊	guo3
𪋋	ping2
𪋌	zui3
𪋍	zu2
𪋏	zhu1
𪋐	nuan4
𪋑	zhu1
𪋖	piao1
𪋗	mi2
𪋜	bi4
𪋝	su4
𪋡	pu2
𪋢	mi2
𪋫	ye4
𪋬	yu3
𪋮	yu4
𪋰	zhu3
𪋳	ling2
𪋺	nou4
𪋾	ling2
𪌀	liao3
𪌂	tuo1
𪌄	bi3
𪌅	na4
𪌆	qu2
𪌈	pi2
𪌉	dou3
𪌊	nie4
𪌋	tun2
𪌍	ji1
𪌏	ling2
𪌓	ku4
𪌔	su4
𪌘	tou3
𪌞	nai2
𪌟	ze2
𪌢	tong3
𪌣	ge2
𪌤	dui1
𪌧	jie2
𪌩	tian2
𪌪	tiao4
𪌫	chi2
𪌬	qu1
𪌮	sha1
𪌰	bo2
𪌱	li2
𪌳	luo4
𪌵	liao2
𪌶	shu4
𪌷	deng3
𪌹	chi1
𪌺	mie4
𪌼	tao2
𪌽	hun2
𪌿	nie2
𪍁	jun4
𪍂	hu4
𪍄	lu4
𪍅	ye4
𪍇	mo4
𪍈	chao4
𪍌	suo4
𪍎	ke1
𪍏	fu4
𪍑	chao3
𪍔	suo3
𪍗	qiu1
𪍛	su4
𪍝	yun4
𪍟	suo3
𪍠	ku1
𪍡	bo2
𪍣	lou3
𪍤	mo4
𪍦	lian3
𪍧	xuan4
𪍨	suo3
𪍩	man2
𪍪	bi4
𪍲	ti4
𪍴	lian2
𪍵	tan2
𪍶	shan4
𪍸	qu2
𪍹	du2
𪍺	huan2
𪍻	sao4
𪍿	kuang4
𪎃	nie4
𪎅	nie4
𪎆	luo2
𪎇	zuo2
𪎈	yi4
𪎉	xian4
𪎊	chao3
𪎋	tie4
𪎌	lai2
𪎒	shuo4
𪎔	mi3
𪎗	mi2
𪎛	wan3
𪎝	ben4
𪎞	qiang1
𪎠	mo3
𪎣	liu2
𪎤	wo4
𪎦	mei3
𪎨	tou2
𪎫	mu3
𪎭	mei2
𪎲	zuo4
𪎴	tun2
𪎵	kang4
𪎶	tun2
𪎺	che4
𪎻	zheng4
𪎽	chong1
𪎾	tian1
𪏀	zhi4
𪏁	chan2
𪏂	chan2
𪏅	qing1
𪏆	tun1
𪏇	hui3
𪏈	que4
𪏉	zhan1
𪏊	jian1
𪏋	chan2
𪏍	huang2
𪏏	hui1
𪏐	chi2
𪏒	huang2
𪏓	heng2
𪏔	yun3
𪏖	tuan1
𪏗	bian1
𪏙	huang2
𪏚	yun3
𪏟	mo4
𪏠	gong1
𪏢	gong1
𪏤	gui4
𪏦	chan2
𪏨	que4
𪏩	rui4
𪏪	kuang4
𪏫	piao4
𪏮	ru3
𪏲	niu3
𪏳	hu4
𪏴	jin3
𪏵	ni4
𪏶	bao4
𪏸	ni3
𪏺	bi4
𪏻	hu2
𪏼	li2
𪏿	zhu1
𪐀	na3
𪐂	quan3
𪐃	feng3
𪐄	bi3
𪐅	li2
𪐆	bie2
𪐇	nian2
𪐈	dong3
𪐋	lian2
𪐌	ni4
𪐍	lian2
𪐎	ma2
𪐏	zhe2
𪐓	jia1
𪐔	yi2
𪐖	long3
𪐘	yi4
𪐝	dai4
𪐞	du4
𪐣	yi3
𪐥	tai4
𪐦	hang1
𪐧	shu4
𪐬	wan2
𪐮	su4
𪐯	yao3
𪐰	er4
𪐲	zhen4
𪐺	dou4
𪐻	jian1
𪐿	pang1
𪑀	hui1
𪑂	cha4
𪑃	shan1
𪑄	lu2
𪑅	hui4
𪑆	yu4
𪑈	yan4
𪑉	wan3
𪑊	qiao4
𪑋	luo1
𪑌	yu4
𪑏	tu2
𪑐	wei4
𪑒	tun4
𪑕	hun3
𪑖	ben1
𪑗	qie4
𪑙	jin1
𪑚	lai2
𪑜	zhi3
𪑝	yu2
𪑟	ci4
𪑦	ye4
𪑧	die2
𪑨	cha4
𪑩	dian4
𪑪	man2
𪑬	deng4
𪑭	wei1
𪑮	nian3
𪑯	lei4
𪑰	bing1
𪑱	wu1
𪑳	zhen3
𪑶	rou2
𪑷	wai4
𪑸	mi4
𪑹	jie4
𪑻	hou2
𪑽	zhai4
𪑾	ru3
𪑿	zi1
𪒀	pan2
𪒂	mo4
𪒄	mi4
𪒆	qi1
𪒇	mo4
𪒊	zhi1
𪒋	ban1
𪒍	mie4
𪒏	lu4
𪒑	qi1
𪒒	chong1
𪒔	li2
𪒕	yi4
𪒘	deng4
𪒙	cuo1
𪒛	dui4
𪒜	ma4
𪒝	yan3
𪒟	zeng4
𪒠	yan3
𪒡	dui4
𪒢	pu1
𪒥	yue4
𪒩	huo4
𪒪	mai4
𪒫	jian3
𪒬	nong2
𪒭	qin2
𪒯	qin2
𪒲	ye4
𪒴	tai2
𪒹	jian1
𪒼	cha2
𪒾	dan4
𪒿	teng2
𪓀	li4
𪓃	niang3
𪓄	chan2
𪓅	zang1
𪓊	yu4
𪓌	zui4
𪓍	bian1
𪓐	chu3
𪓘	ran2
𪓚	ran2
𪓛	yang1
𪓜	bo3
𪓡	cu4
𪓬	mi2
𪓮	ke3
𪓰	cu4
𪓷	xi2
𪓹	ma2
𪓻	shi1
𪓼	dian1
𪓿	shi1
𪔂	ding3
𪔃	jiong1
𪔅	yuan2
𪔆	gan1
𪔊	hui4
𪔋	ji1
𪔍	peng2
𪔏	deng1
𪔑	beng4
𪔔	pang1
𪔕	ta4
𪔗	yuan1
𪔘	gao1
𪔙	yuan1
𪔟	jia1
𪔣	kong1
𪔦	dong4
𪔩	xian2
𪔪	qi4
𪔬	sang1
𪔰	yin4
𪔳	long2
𪔶	teng1
𪔷	long2
𪔺	ren4
𪔽	yin4
𪔾	ping2
𪔿	pu1
𪕀	yuan2
𪕁	rong3
𪕃	fang1
𪕇	hang1
𪕈	mi2
𪕉	hu2
𪕊	zi1
𪕌	ling2
𪕍	jiong1
𪕎	rong3
𪕒	ping2
𪕓	guang1
𪕔	er3
𪕝	cu4
𪕞	jun4
𪕦	xiu3
𪕨	er2
𪕩	ti4
𪕫	yang2
𪕭	ai4
𪕮	hu2
𪕯	xi2
𪕱	hu2
𪕳	si1
𪕴	li3
𪕶	yi4
𪕷	gu3
𪕹	tang2
𪖀	que4
𪖁	zong1
𪖂	li2
𪖄	jiao4
𪖇	fan2
𪖈	pu2
𪖉	si1
𪖋	jie2
𪖌	lu2
𪖍	li4
𪖎	chan2
𪖐	yao4
𪖕	hui1
𪖙	hou1
𪖚	dian1
𪖛	qiu4
𪖜	jue2
𪖞	pi4
𪖢	kui1
𪖥	xi3
𪖦	ti1
𪖩	xu4
𪖯	bian3
𪖲	he1
𪖳	lian2
𪖶	su4
𪖷	liao4
𪖼	jin1
𪗁	li4
𪗂	chan2
𪗅	qi2
𪗆	qi2
𪗉	zi1
𪗋	zi1
𪗍	qi2
𪗏	qi2
𪗐	zi1
𪗒	zhai1
𪗓	zhai1
𪗔	pa4
𪗖	ju1
𪗙	yan3
𪗜	hang2
𪗝	na4
𪗤	yan3
𪗦	zhan4
𪗧	shi3
𪗨	zhi2
𪗭	zha1
𪗴	rong3
𪗵	zha1
𪗷	yi4
𪗸	ming2
𪗹	ya2
𪗻	zhi4
𪗽	kuo4
𪗾	xia2
𪘀	pian2
𪘁	ta4
𪘃	yi3
𪘆	xiu1
𪘇	zhai1
𪘉	duo3
𪘊	e4
𪘎	yin2
𪘐	e4
𪘑	suan1
𪘒	an1
𪘓	cuo2
𪘕	tuo2
𪘗	tuo2
𪘘	xia2
𪘛	chuo4
𪘝	suan1
𪘥	ji4
𪘦	qian3
𪘧	zu2
𪘨	zhai1
𪘩	yun3
𪘪	zhan4
𪘬	yi2
𪘲	ya2
𪘳	yue1
𪘹	he2
𪘺	qia4
𪘾	cha1
𪙃	ou2
𪙈	hu2
𪙊	yan4
𪙌	qie4
𪙍	bo2
𪙎	qiang1
𪙏	jie4
𪙛	ni4
𪙞	chan3
𪙟	qin3
𪙡	zao1
𪙤	yin3
𪙥	xie4
𪙧	qi2
𪙨	jian4
𪙫	xu1
𪙭	zeng4
𪙯	e4
𪙳	zu1
𪙴	yi3
𪙹	zhi2
𪙺	li4
𪙽	li4
𪙾	yin2
𪚁	lian2
𪚃	chan2
𪚅	jue2
𪚇	za2
𪚎	zhai1
𪚏	pian2
𪚑	long2
𪚓	long2
𪚘	long2
𪚝	long2
𪚠	long2
𪚢	mang3
𪚥	zhe2
𪚬	gan4
𪚭	gou1
𪚮	ran2
𪚯	cu4
𪚰	jiao1
𪚷	bo3
𪚹	zhu4
𪚺	qiu1
𪚻	yang1
𪛀	xiao4
𪛂	hui2
𪛃	qu1
𪛈	ling2
𪛊	yin2
𪛎	pi4
𪛒	lian2
𪜎	qiao4
𪞝	duo2
𪟎	jian1
𪠀	ku1
𪠏	yan3
𪠟	zhen3
𪠡	sa1
𪠳	che1
𪠵	lun2
𪠸	hu4
𪠽	dang1
𪡀	qiao2
𪡃	mai3
𪡈	bai2
𪡋	yan3
𪡏	zhan1
𪡛	he2
𪡞	kui4
𪡺	lai4
𪢌	lan2
𪢒	shu4
𪢕	chuo4
𪢠	lan2
𪢮	luan2
𪣆	dong1
𪣒	huan2
𪣝	zao4
𪤚	lin2
𪥠	reng2
𪥫	shuang1
𪥰	ning2
𪥿	du2
𪧀	ying1
𪧘	ju4
𪨇	tui2
𪨊	song2
𪨗	jue1
𪨧	lun2
𪨩	ya4
𪨷	yan2
𪨹	tuo2
𪩇	lou3
𪩎	ying3
𪩛	nie4
𪩸	fen2
𪪑	qiao4
𪪝	yong1
𪪞	qiang2
𪪴	ze2
𪫌	long4
𪫡	li4
𪫷	chou2
𪫸	que4
𪫺	xian1
𪬚	pin1
𪭝	wei3
𪭢	chuang1
𪭧	er2
𪭯	guai4
𪭵	liang3
𪭾	xian4
𪮃	can2
𪮋	xiao1
𪮖	jue1
𪮶	la4
𪯋	shan3
𪰶	fei4
𪱥	fen4
𪱷	bei4
𪲎	ji1
𪲔	li4
𪲛	ji4
𪲮	fei4
𪳍	she4
𪴙	cuan2
𪴯	e1
𪵑	xiao1
𪵣	xi4
𪵱	li4
𪶄	shi2
𪶒	luo2
𪷍	qing4
𪷽	zan4
𪸕	xi4
𪸩	hui1
𪹀	yi4
𪹳	zhu2
𪹹	ta4
𪺣	dao4
𪺭	qiao2
𪺷	cang1
𪺹	nu3
𪺻	nong2
𪺽	yin4
𪻐	cong1
𪻨	du2
𪻲	kun1
𪻺	gui1
𪼋	bi3
𪽇	ke1
𪽪	zhang4
𪽭	jian4
𪽮	lu2
𪽴	she4
𪽷	yi4
𪾔	xu3
𪾦	lu2
𪾸	pin2
𪿊	ya4
𪿫	pao4
𫀌	shi1
𫀓	min3
𫀨	jian3
𫀬	chu2
𫀮	dang3
𫁂	ba4
𫁟	zhuan3
𫁡	li4
𫁲	wu2
𫁳	wei3
𫁷	shuang1
𫂃	min3
𫂆	gui4
𫂈	fei4
𫂖	ai4
𫂙	su4
𫂿	sa4
𫃗	jiu1
𫃜	kou4
𫄙	jiu1
𫄚	hu4
𫄛	jin1
𫄜	mao4
𫄝	diao4
𫄞	bi4
𫄟	shi1
𫄠	huan2
𫄡	dong4
𫄢	fu2
𫄣	nong3
𫄤	da
𫄥	li2/xi3
𫄦	jie2
𫄩	fan2
𫄪	sang1
𫄫	li4
𫄬	xie4
𫄭	fu4
𫄮	ting1
𫄰	bang1
𫄱	se4
𫄲	mu4
𫄳	xi3
𫄴	lv4
𫄵	beng1
𫄶	qiang3
𫄹	zui1
𫅅	ji3
𫅗	fen2
𫅭	pin1
𫅼	lian2
𫆏	ni3
𫇦	ying4
𫇪	gang1
𫇴	chu2
𫇽	nong2
𫈉	jian1
𫈎	qing2
𫈟	chen2
𫈰	qia4
𫈵	jue2
𫉁	ai4
𫉄	shu3
𫊪	chang2
𫊮	lu2
𫊱	jian3
𫊸	jiao3
𫊻	xun2
𫋇	xiao1
𫋌	te4
𫋐	gong3
𫋲	ou1
𫋷	ze2
𫋹	rao2
𫋻	gui4
𫌇	zhe3
𫌋	shu4
𫌨	luo2
𫌪	mi4
𫌫	lian4
𫌭	wei2
𫌯	jiao4
𫍐	pin2
𫍙	yi4
𫍚	yao1
𫍛	fen1
𫍜	qu3
𫍞	hu1
𫍟	yi2
𫍠	yuan3
𫍡	tuo2
𫍢	nao2
𫍤	jiao3
𫍥	tiao3
𫍦	nong2
𫍧	chi1
𫍨	zhen4
𫍩	hua4
𫍪	ji4
𫍫	yan4
𫍬	wang3
𫍮	qu1
𫍰	xi3
𫍱	zhuan1
𫍳	zhong4
𫍴	lou2
𫍵	ao2
𫍶	zhi3
𫍷	kui4
𫍸	shan4
𫍹	jie1
𫍺	sha3
𫍻	xi1
𫍼	zhong4
𫍾	ning2
𫍿	jian3
𫎆	zong1
𫎌	ju4
𫎦	long4
𫎧	gou4
𫎨	lian4
𫎩	chen1
𫎪	chen4
𫎫	dan4
𫎬	gan4
𫎭	cheng1
𫎱	li4
𫎳	bi4
𫎺	can1
𫏃	chang2
𫏆	bo1
𫏋	jue1/qiao1
𫏌	lai2
𫏐	zan4
𫏑	luo4
𫏕	qing1
𫏨	xian1
𫐅	shan1
𫐆	kuai4
𫐇	na4
𫐈	ba2
𫐉	ling2
𫐊	fan4
𫐋	zhi4
𫐌	ping2
𫐍	tian2
𫐎	yi3
𫐏	zhou1
𫐑	guan3
𫐒	hong1
𫐔	ke1
𫐕	wei4
𫐖	jiao1
𫐗	bu2
𫐘	kan3
𫐙	lei2
𫐷	lou2
𫑘	zhuan1
𫑷	yan4
𫒶	han2
𫓥	ba1
𫓦	zi3
𫓨	guo1
𫓩	cong1
𫓪	qian1
𫓬	za1
𫓭	yang1
𫓮	liu2
𫓰	xu4
𫓱	qiao2
𫓲	jun1
𫓴	mao2
𫓵	shen4
𫓸	wan4
𫓺	lu3
𫓻	nie4
𫓼	he2
𫓽	cong2
𫓾	yu4
𫔀	lian4
𫔁	fen2
𫔂	di1
𫔄	rou2
𫔅	suo3
𫔆	ba4
𫔇	bi1
𫔈	shuo4
𫔊	xiu4
𫔋	kuan3
𫔌	san3
𫔏	chan2
𫔑	zhan3
𫔔	xi1
𫔖	nong2
𫔭	kai1
𫔯	dou4
𫔰	bian4
𫔱	lan2
𫔲	xiao1
𫔴	lin4
𫔵	zhi4
𫕥	yun3
𫖃	hui4
𫖅	long2
𫖇	xue1
𫖑	qin2
𫖒	bi4
𫖓	bing3
𫖔	bai4
𫖕	gou1
𫖖	zheng4
𫖪	ku1
𫖫	zhen3
𫖬	zhen3
𫖰	duo3
𫖱	gen3
𫖲	hun4
𫖴	ze2
𫖵	yue4
𫖶	qian1
𫖸	yuan4
𫖹	cu4
𫖺	fan2
𫗇	yu4
𫗈	bo2
𫗉	beng4
𫗊	an4
𫗋	se4
𫗚	jian3
𫗞	zhan1
𫗟	yuan2
𫗠	zhang1
𫗢	zuo4
𫗣	bi4
𫗤	shi4
𫗥	yun4
𫗦	bu4
𫗨	lang2
𫗩	luo2
𫗪	wei4
𫗫	hu2
𫗬	nuan3
𫗭	wei4
𫗮	huang2
𫗯	hou2
𫗰	dui1
𫗱	lian2
𫗳	qiang3
𫗵	xiang3
𫘛	han4
𫘞	tuo2
𫘟	po3
𫘠	zhi4
𫘡	jiong1
𫘣	han4
𫘤	ai2
𫘥	kun1
𫘩	huang2
𫘫	yan4
𫘭	shuang1
𫘮	zhe2
𫘯	ceng2
𫘰	zhan1
𫘱	xi2
𫘽	kuo4
𫚈	xu4
𫚉	hong2
𫚊	yang2
𫚋	zhuan1
𫚌	sha1
𫚍	fen2
𫚎	bing3
𫚏	qiao2
𫚐	yang1
𫚑	bi4
𫚒	fu2
𫚓	lie4
𫚔	hui2
𫚗	ge2
𫚙	pu1
𫚚	zhe2
𫚛	tuo1
𫚜	gui1
𫚝	hua4
𫚞	li2
𫚡	zhou3
𫚢	yan3
𫚣	bian1
𫚤	zi1
𫚥	xia1
𫚦	yong2
𫚧	qiu2
𫚨	bu4
𫚪	yu4
𫚫	sao1
𫛚	jian1
𫛛	zhi1
𫛜	fou3
𫛝	huan1
𫛞	jue2
𫛟	long2
𫛠	zha2
𫛡	fu2
𫛢	ning2
𫛣	yu4
𫛤	jia1
𫛥	jia2
𫛦	wu1
𫛨	pi2
𫛩	yan4
𫛪	ru2
𫛫	yuan2
𫛬	tu2
𫛮	bie1
𫛯	fang3
𫛰	qi2
𫛱	zhuo2
𫛲	diao1
𫛳	fu2
𫛴	ti2
𫛵	qu1
𫛶	chi4
𫛷	hu2
𫛸	ti2
𫛺	hou2
𫛻	duo2
𫛼	kui2
𫛽	li4
𫛾	chu2
𫜀	chen2
𫜁	bi4
𫜂	zhang1
𫜃	yin2
𫜄	zun1
𫜅	huan2
𫜊	wen1
𫜑	feng1
𫜒	tuo1
𫜔	pi2
𫜕	ku1
𫜙	ying4
𫜟	cu4
𫜨	ba1/ba4
𫜩	nie4
𫜪	yao3
𫜬	ze2
𫜭	chu3
𫜮	yan3
𫜯	jie4
𫜰	ya4
𫜲	long2
𫜳	ran2
𫜷	shou4
𫜸	hua4
𫝈	hun2
𫝋	shu4
𫝜	za3
𫝦	bei4
𫝧	shu4
𫝨	hui1
𫝩	chou2
𫝪	gong4
𫝫	lai2
𫝬	kui4
𫝭	ying1
𫝮	lan3
𫝵	dao3
𫞅	xun2
𫞗	min3
𫞚	zi1
𫞛	zhu1
𫞝	jue2
𫞠	ling2
𫞡	rong2
𫞢	zhi4
𫞣	chan3
𫞥	bei4
𫞦	ji4
𫞧	lao2
𫞨	lan2
𫞷	kuai4
𫟃	ren4
𫟄	hong2
𫟆	chong2
𫟑	ling2
𫟕	ji1
𫟞	zhi3
𫟟	pan4
𫟠	chan3
𫟡	cong2
𫟢	tan2
𫟤	tuo2
𫟥	keng1
𫟫	li4
𫟬	zhi4
𫟲	qiu2
𫟳	si4
𫟴	fen1
𫟵	yun3
𫟶	shan4
𫟷	li4
𫟸	shi4
𫟺	kai1
𫟻	zhou1
𫟽	zu2
𫟾	zu2
𫟿	cha1
𫠀	cu4
𫠁	he2
𫠂	ling2
𫠅	ge2
𫠇	xin2
𫠈	bi1
𫠋	lu4
𫠌	bang4
𫠏	mu4
𫠐	han1
𫠑	sou1
𫠒	zhang1
𫠥	lou4
𫠦	suo3
𫡑	yin1
𫡬	wo1
𫡶	dan4
𫢒	long3
𫢔	gui4
𫢘	dui4
𫢙	dong4
𫢪	lian4
𫢬	lao2
𫢭	wei3
𫢹	chong4
𫢺	can1
𫣉	lan2
𫣊	ai4
𫣛	qian1
𫣫	su2
𫤸	mao4
𫤽	gan3
𫥍	yan2
𫥳	li4
𫥵	li4
𫥺	ye4
𫥼	ya1
𫦁	suo3
𫦅	xiao4
𫦉	lou2
𫦌	jue2
𫦩	liang3
𫦳	jue2
𫧯	xie4
𫧿	du2
𫨆	xia2
𫩕	hong1
𫩚	gang1
𫩛	cong2
𫩤	ye4
𫩥	huo4
𫩩	chu1
𫩫	ye4
𫩯	hai2
𫩺	jin4
𫪀	guo1
𫪁	lai4
𫪂	yan2
𫪃	li4
𫪄	jian1
𫪘	ou1
𫪚	zan4
𫪧	jiao1
𫪪	zhi4
𫪺	ti4
𫪽	jin4
𫫦	dan4
𫫵	lv4
𫫾	pin2
𫬐	sai3
𫬙	gun4
𫬟	die2
𫭞	zhuan1
𫭨	fa2
𫭪	qiao1
𫭮	ce4
𫭯	xun2
𫭲	yan2
𫮅	chen3
𫮜	yin2
𫮬	jiang4
𫯒	nong2
𫯥	huo4
𫯶	yun1
𫰂	duo3
𫰍	wei2
𫰡	hua4
𫰢	hui4
𫰨	mai2
𫰰	xian1
𫰹	gui1
𫱕	lan4
𫱿	qia1
𫲗	zan4
𫲸	feng1
𫳃	ya1
𫵒	tui2
𫵘	bi1
𫵵	yang2
𫵸	keng1
𫶊	lan3
𫶕	ying2
𫶲	keng1
𫷅	kun1
𫷈	xu1
𫷉	xian3
𫷌	lan2
𫷬	lai2
𫷮	yin4
𫷹	lou2
𫷾	ying3
𫹮	yu3
𫹴	wei3
𫹼	dong1
𫹽	shang1
𫺁	qie4
𫺂	qie4
𫺆	hua2
𫺊	qi2
𫺌	gong1
𫺓	men4
𫺘	lao4
𫺪	yang3
𫺷	nan2
𫻁	xi4
𫼛	diao4
𫼝	chou1
𫼣	pie1
𫼤	ze4
𫼥	hai1
𫼧	hua2
𫼫	bi4
𫼮	nang3
𫼱	gang1
𫼵	lu3
𫼶	suo3
𫽀	na4
𫽁	lian3
𫽇	huo4
𫽊	jiao3
𫽋	luo2
𫽐	jian1
𫽙	kang2
𫽣	jiang1
𫽥	qian1
𫽧	fei4
𫽮	dang3
𫽲	niao3
𫽳	bi4
𫾁	yan3
𫾃	su4
𫾲	li3
𫿗	shu3
𬀥	huo4
𬀮	dui4
𬀱	kai3
𬀷	shang1
𬁠	xiang3
𬁵	ou1
𬁺	ya4
𬁽	sun3
𬂀	run4
𬂂	luo2
𬂅	dan1
𬂉	sheng4
𬂠	mo2
𬂮	sha1
𬂰	nong2
𬃀	gui1
𬃘	er4
𬃦	jian1
𬃫	xian3
𬃮	fei4
𬃲	lin2
𬃳	yan2
𬄩	yin3
𬅢	xia4
𬅥	gua1
𬅫	pen1
𬆛	nao3
𬆦	ji1
𬆮	kou4
𬆾	mao4
𬇃	jian4
𬇄	bin1
𬇇	die2
𬇘	tuan2
𬇰	men4
𬈁	tan1
𬈕	fei4
𬈜	ying2
𬈧	se4
𬈱	po1
𬈾	hua2
𬉂	fen4
𬉇	sha4
𬉋	wei3
𬉠	lan2
𬉧	han2
𬊂	chao3
𬊉	da2
𬊍	chou2
𬊎	gong4
𬊖	mei3
𬊗	jian1
𬊦	shan3
𬊵	tang3
𬊶	lan4
𬊺	wei1
𬊾	ran2
𬋃	lian4
𬋍	lai4
𬌝	chu2
𬌮	yao4
𬌷	shan1
𬍙	zhan3
𬎆	ying2
𬎑	lan4
𬎧	cong2
𬏜	ma4
𬏟	ji4
𬏦	fei4
𬏫	wen2
𬏮	guo1
𬏷	fen4
𬐚	hai3
𬐠	yang2
𬑆	gun4
𬑇	chang4
𬑍	chou3
𬑏	ying3
𬑒	kou1
𬑓	ye4
𬑔	zhong4
𬑕	hun4
𬑗	xian2/jian4
𬑙	mai4
𬑡	chou3
𬑧	mian2
𬒆	ye4
𬒇	lan4
𬒍	yun3
𬒎	keng1
𬒕	su4
𬒘	xin4
𬓠	ji3
𬓫	qiu1
𬓱	ben4
𬓸	shai4
𬓼	tui2
𬔯	ou1
𬕄	shi1
𬕊	jian4
𬕛	ku1
𬕦	ou1
𬕬	ling3
𬖃	zuan3
𬖑	xian4
𬖖	chou1
𬖘	shi4
𬖠	lou3
𬖮	xian4
𬘔	mie4
𬘕	qiu2
𬘖	jian3
𬘙	yue4
𬘚	wa4
𬘛	qu1
𬘜	zhan4
𬘝	zhen3
𬘞	diao3
𬘟	xian4
𬘠	gai3
𬘢	kuang4
𬘤	lv3
𬘥	quan2
𬘦	pai4
𬘧	ji4
𬘨	zhi1
𬘪	lian3
𬘮	mi4
𬘰	ruan3
𬘱	yao1
𬘲	zha3
𬘳	xu1
𬘵	geng1
𬘶	qiu1
𬘷	cuo1
𬘸	ni4
𬘺	tao4
𬘻	xia2
𬘼	sui4
𬘽	zhi4
𬘾	shuang4
𬙁	yan3
𬙃	qian3
𬙅	zhu3
𬙆	fan1/fan2
𬙇	ran2
𬙈	lin2
𬙉	dan4
𬙎	lu2
𬙝	bi4
𬙭	wei3
𬚄	su4
𬛸	nie1
𬛹	dang4
𬛼	yu2
𬜔	da2
𬜥	lan2
𬜧	fa4
𬜨	hui4
𬜸	huai2
𬜾	xian2
𬜿	guo2
𬝁	yu2
𬝃	lao2
𬝊	si1
𬝋	jie2
𬝠	zei2
𬝯	pin2
𬝴	ran2
𬞋	jian4
𬞕	lan2
𬞘	tui1
𬞣	sen1
𬞫	lan4
𬟪	xi4
𬟺	cong2
𬠃	bi4
𬠅	dang1
𬠈	gong4
𬠐	si3
𬠠	zei2
𬠷	tuo2
𬡇	niao3
𬡍	diao1
𬡎	zhou4
𬡒	jia2
𬡓	die1
𬡔	shi1
𬡕	sha1
𬡠	luo4
𬡷	zan4
𬡻	chan3
𬢇	ha1
𬢈	dong4
𬢉	ci1
𬢊	si4
𬢋	tiao4
𬢌	zhi4
𬢎	du3
𬢏	dan1
𬢐	qi4
𬢑	ying3
𬢒	ming2
𬢔	deng1
𬢪	zhou1
𬢯	ying1
𬢳	can1
𬣀	wei4
𬣚	kou3
𬣛	zhi4
𬣜	hao4
𬣝	jun4
𬣟	tou3
𬣠	gan4
𬣢	ta1
𬣣	zhu4
𬣤	juan3
𬣥	tao1
𬣦	ao4
𬣧	fei4
𬣨	ya3
𬣩	wei1
𬣪	hui4
𬣬	hui4
𬣭	dang3
𬣮	ming2
𬣯	ren2
𬣰	hui4
𬣱	chou2
𬣲	bing4
𬣶	zha4
𬣷	su4
𬣸	han4
𬣹	cu4
𬣻	ting4
𬣼	lang3
𬣽	lian2
𬣾	zha1
𬣿	lao2
𬤀	xia4
𬤁	tao2
𬤂	tan4
𬤄	can4
𬤅	ji2
𬤆	gun4
𬤉	hui4
𬤋	cong4
𬤌	cha1
𬤍	huang2
𬤎	xuan1
𬤏	duo2
𬤐	ge1
𬤑	ge2
𬤒	ge2
𬤓	chi1
𬤕	ta4
𬤖	gun4
𬤘	chi4
𬤙	hu1
𬤚	ying1
𬤛	chan3
𬤜	zha1
𬤞	yi4
𬤟	liao2
𬤠	yan2
𬤡	ao4
𬤢	zun3
𬤣	dui4
𬤤	zeng1
𬤥	zhuan4
𬤦	yi2
𬤨	zao4
𬤩	ai4
𬤪	ta4
𬤫	hao2
𬤬	tuan1
𬤭	hui4
𬤮	zan4
𬤯	jian3
𬤰	huan1
𬤱	tui2
𬥄	zhe2
𬥈	mao4
𬥳	chuang4
𬥴	han1
𬥵	yi4
𬥶	bi4
𬥷	zheng4
𬥸	chuan4
𬥺	yan3
𬥻	ruan3
𬥼	zhuan4
𬥽	hou4
𬥾	lan4
𬥿	zhan4
𬦅	tang4
𬦆	tuan2
𬦣	li4
𬦥	bei4
𬦧	lun2
𬦩	zou3
𬦫	duo4
𬦯	xie2
𬦴	bing4
𬦵	zhang1
𬦻	guan4
𬧀	qiang1/qiang4
𬧃	teng2
𬧑	nian3
𬧚	dian1
𬧢	long3
𬧤	lao4
𬧩	guo2
𬨁	mao2
𬨄	yang3
𬨅	nian3
𬨆	gong3
𬨇	kai3
𬨈	wan3
𬨉	tian2
𬨋	zang4
𬨌	pi4
𬨍	ge2
𬨏	xu3
𬨐	hui4
𬨑	sang3
𬨒	guang1
𬨓	chao2
𬨔	pi4
𬩎	huo4
𬩾	lai2
𬪍	mao4
𬪧	yu4
𬪨	zhan3
𬪺	guang4
𬬇	zhe1
𬬧	han4
𬬨	hua2
𬬪	kou4
𬬫	pi1
𬬬	wei2
𬬯	ren2
𬬰	qiang1
𬬲	zhao1/pi4
𬬳	qi2
𬬵	chen2
𬬷	shi2
𬬺	chu2/ju3
𬬽	zuo2
𬬾	ning2
𬭀	si4
𬭂	hong2
𬭃	pi1
𬭅	xiang4
𬭆	duo3
𬭇	guo2
𬭈	cha2
𬭉	ji1
𬭌	hua2
𬭍	han4
𬭏	yang2
𬭑	zi4
𬭓	tian3
𬭔	chuo4
𬭕	diao1
𬭖	peng2
𬭗	nei4
𬭜	lei4
𬭝	san3
𬭞	da1
𬭟	cou4
𬭠	cha3
𬭡	zhao1
𬭢	gui4
𬭣	xian4
𬭥	zong3
𬭦	nou4
𬭨	chui2
𬭪	xia2
𬭫	zhan3
𬭭	qi1
𬭰	yi2
𬭲	suo3
𬭴	jie2/jie1
𬭷	cheng1
𬭺	biao1
𬭻	jiao3
𬭽	bi4
𬭿	ji1
𬮁	bo2
𬮃	zuan3
𬮄	jiao4
𬮘	huo4
𬮟	lin4
𬮠	xia3
𬮡	ma3
𬮢	hong4
𬮣	kuang1
𬮤	ge2/he2
𬮥	chu4
𬮨	huo4
𬮩	qi4
𬮪	sha1
𬮭	kui1
𬮯	que4
𬮰	e1
𬮲	yao3
𬮳	ban3
𬮴	an4
𬮵	xian4
𬮹	deng1
𬮺	ma4
𬮻	wu4
𬯅	xia2
𬰃	mu4
𬰡	luo3
𬰣	jian3
𬰤	zhou4
𬰥	liang3
𬰱	jian1
𬰳	die2
𬰶	sui4
𬰷	chan1
𬰸	yu4
𬰺	ye4
𬱓	qiu2
𬱔	you4
𬱕	mo4
𬱗	dan1
𬱙	pan4
𬱛	zhuan4
𬱜	lei4
𬱝	gen3
𬱠	gua1
𬱢	wen4
𬱣	cen2
𬱥	hong1
𬱦	qi1
𬱪	yi2
𬱫	ding4
𬱬	san3
𬱭	po4
𬱮	ao1
𬱯	shou3
𬱰	pi1
𬱱	zhan3
𬱳	yu4
𬱵	wei3
𬱷	xue4
𬱸	xue4
𬱼	kai3
𬱽	xuan4
𬱿	guo2
𬲀	hu1
𬲅	liao2
𬲆	yu4
𬲕	jian3
𬲜	cheng1
𬲦	si4
𬲪	song1
𬲫	nian3
𬲭	jie3
𬲮	di1
𬲯	gou1
𬲰	shang1
𬲲	ning2
𬲳	yi4
𬲴	man3
𬲶	ci2
𬲷	en4
𬲸	guo4
𬲹	mang1
𬲺	bao3
𬲻	ti2
𬲼	ye4
𬲾	hu2
𬳀	yi4
𬳁	yao2
𬳂	zhui4
𬳃	bi4
𬳅	sui3
𬳆	jian1
𬳉	da1
𬳊	tao2
𬳋	xi1
𬳌	qiu3
𬳍	tang2
𬳐	chong2
𬳑	ying3
𬳒	deng4
𬳓	yong1
𬳔	mo2
𬳟	fen2
𬳲	chan3
𬳳	fan1
𬳴	peng1
𬳷	gua1
𬳸	wo4
𬳻	kuang1
𬳾	chi2
𬴀	liang2
𬴁	an4
𬴅	peng2
𬴆	qi2
𬴇	chi4
𬴋	tie3
𬴌	meng2
𬴍	biao1
𬴎	tuo2
𬴏	jian3
𬴐	huan1
𬴨	nao4
𬴩	nong2
𬵨	mi4
𬶀	jie1
𬶁	ren2
𬶂	du4
𬶄	diao4
𬶆	bang4
𬶇	jie4
𬶉	wu3
𬶊	geng4
𬶌	dai4
𬶎	jie2
𬶓	ting2
𬶔	kao4
𬶕	ti2
𬶗	lao2
𬶛	shan4
𬶞	hu2
𬶢	xing1
𬶣	zha3
𬶤	ti2
𬶦	you2
𬶧	rou2
𬶪	ni4
𬶫	huang2
𬶬	qu1
𬶯	guo3
𬶱	jing3
𬶲	xiang4
𬶴	pu1
𬶵	guan1
𬶺	guan4
𬶻	ba4
𬷼	yi4
𬷽	xiao1
𬷾	hong2
𬸀	wen2
𬸁	ou3
𬸂	ge1
𬸅	chu2
𬸆	sheng1
𬸈	chi1
𬸉	qiong2
𬸊	ren2
𬸌	sha1
𬸍	chou2
𬸎	li2
𬸏	lang2
𬸐	chuang2
𬸑	yue4
𬸒	qi2
𬸕	ying1
𬸖	yan2
𬸙	miao2
𬸛	huang2
𬸜	pian1
𬸝	an1
𬸞	lv2
𬸠	ge1
𬸡	lan2
𬸢	gao1
𬸤	piao1
𬸥	chong1
𬸧	yan4
𬸨	qi1
𬸩	ao3
𬸬	kou4
𬸭	ya4
𬸮	kui2
𬸯	pi4
𬸰	he4
𬸱	qu2
𬸵	zhan4
𬸶	chang1
𬸷	cou4
𬸸	bian4
𬸹	gan4
𬸾	qi2
𬹅	cai2
𬹇	bo2
𬹉	hun2
𬹋	hun2
𬹌	nie2
𬹍	mo4
𬹎	shan4
𬹕	zhen3
𬹖	nong2
𬹗	lai2
𬹘	teng2
𬹣	zhu1
𬹺	ya2
𬹻	na4
𬹽	hang2
𬺀	zha1
𬺁	zhi4
𬺂	nie4
𬺃	ai2
𬺄	kuo4
𬺅	chan3
𬺇	cuo2
𬺉	ze2
𬺊	yun3
𬺋	zu2
𬺌	ya2
𬺍	jian1
𬺎	ci1
𬺏	bo2
𬺒	yin3
𬺔	jin4
𬺕	cha4
𬺖	jue2
𬺜	long2
𬺟	yao4
𭀖	li2
𭄛	zuan1/jian3
𭇜	po1
𭇯	liu2
𭈈	mu3
𭈉	ying4
𭈮	huan2
𭉨	zui3
𭊸	la4
𭎂	zong1
𭎜	dao3
𭏦	ai4
𭏸	wei3
𭕆	suo3
𭗡	ke1
𭘓	hu1
𭚦	guo1
𭝋	ling2
𭞄	ai4
𭠙	pu1
𭡜	shen3
𭣇	dian1
𭣧	yi4
𭤎	li2
𭤰	yu2
𭧋	tang3
𭩚	yi3
𭩛	men1
𭩰	fa2
𭪆	zhua1
𭫀	kui4
𭫙	di2
𭭈	ya4
𭰎	dang1
𭰒	sha1
𭱊	hong4
𭲫	zhu2
𭴊	mo2
𭹜	luo2
𭻔	lai2
𮀤	lao2
𮀲	geng4
𮅆	bi3
𮆏	lan2
𮇤	ling2
𮉠	qiu2
𮉡	lu2
𮉢	zhi4
𮉣	zuo2
𮉤	gua4
𮉧	liang3
𮉨	gua1
𮉪	zou1
𮉫	rui2
𮉬	cui4
𮉮	sui4
𮉯	cai4
𮏺	du2
𮐚	fan2
𮐨	ying1
𮔂	jie2
𮔅	fu4
𮔊	liang3
𮖁	liang3
𮖱	xie2
𮙊	yin3
𮙋	du2
𮛗	tang2
𮜶	dao4
𮝴	gu1
𮝵	er2
𮝷	fen2
𮝸	chun1
𮝹	huan4/huan2
𮝺	ge2
𮠞	qiang1
𮠳	chen3
𮡈	ke1
𮣲	gang1
𮣳	hong2
𮣴	chan2
𮣵	zhui4
𮣶	lv4
𮣷	ju4
𮤫	men2
𮤬	chu4
𮤯	rui4
𮤲	bi4
𮤸	e2
𮧴	chang4
𮧵	wei3
𮨴	feng1
𮨵	liu4
𮩛	bi4
𮩜	hai4
𮩝	ai4
𮩞	yi4
𮪡	mang2
𮪢	hai4
𮪣	zong1
𮪤	cao3
𮪥	dun1
𮫂	ning2
𮬛	xu4
𮬜	yi4
𮬝	gui4
𮬞	can1
𮬟	huo4
𮬠	lu4
𮬡	hua2
𮬢	weng1
𮬣	xian2
𮬤	zhen1
𮭡	jie4
𮭢	yao1
𮭤	mie4
𮭥	gong1
𮭦	chen2
𮭨	yan4
𮭪	shuang1
𮭰	gang3
𮮇	mou2
𮯙	ke4/qia1
𮯴	ni2
𮯸	li4
𮰄	chong3
𮰉	ping2
𮰔	wei2
𮰸	yi3
𮰽	yue4
𮰾	lan3
𮰿	qie4
𮱁	jin4
𮱇	lian2
𮱊	luo2
𮱐	wan1
𮱒	niao3
𮱠	jun4
𮱣	tui2
𮱩	yun4
𮱯	dan1
𮱵	qiao1
𮲁	qian4
𮲃	le4
𮲄	tong4
𮲇	guo2
𮲚	wan4
𮲝	yao1
𮲟	xu3
𮲮	shuang1
𮲰	bi4
𮲲	qing4
𮲶	jian4
𮳆	he2
𮳎	lan2
𮳏	xian4
𮳖	yan4
𮳗	shu1
𮳜	yi4
𮳠	feng4
𮳢	zhu3
𮳧	qiao1
𮳳	zong3
𮳴	ye4
𮴔	ye4
𮴕	qing4
𮴨	cong1
𮴼	yan3
𮴿	tian2
𮵅	xi1
𮵑	nao3
𮵠	yi1
𮵮	diao3
𮵱	lai2
𮵿	cha4
𮶁	guan1
𮶂	feng2
𮶃	tao1
𮶔	wei4
𮶙	jian4
𮶬	jian4
𮷅	dong3
𮷇	luo4
𮷈	ji1
𮷊	bo4
𮷍	zhu4
𮷗	dai4
𮷚	zang4
𮷛	hong1
𮷝	tao1
𮷣	yuan3
𮷨	li4
𮷸	yuan2
𮷻	liu2
𮸀	lian4
𮸈	jun1
𮸊	chan1
𮸌	shi4
𮸏	cuan1
𮸐	fang1
𮸕	fu4
𮸗	xian3
𮸛	kai3
𮸞	qi1
𮸟	chang2
𮸠	xian4
𮸥	xie2
𮸦	fu4
𮸧	que4
𮸮	xie2
𮸹	gu4
𮸼	biao1
𮸽	fei1
𮹀	pin1
𮹂	fei1
𮹅	mo4
𮹋	zhou1
𮹌	wen1
𮹘	ying1
𮹙	he4
𮹜	yan4
𮹝	ta4
灰	hui1
𰀡	qian1
𰀢	jian1
𰁜	luan2
𰁧	song3
𰁸	dang4
𰁾	fu4
𰂋	xian4
𰂎	xian4
𰂏	yu4
𰂗	di4
𰂜	tui3
𰂦	lv3
𰂭	si4
𰃆	zan3
𰃮	xue2
𰃷	cang1/chuang4
𰃻	bi4
𰃿	du2
𰄁	shen4
𰄞	tuan2
𰅔	lv4
𰅥	du2
𰅦	dan1
𰅻	xia2
𰆕	wei1
𰆚	lan2
𰇀	gai4
𰇎	dong3
𰇕	jia2
𰇖	hong2
𰇘	ji1
𰇡	he2
𰇣	xi1
𰇲	tan3
𰇼	shan1
𰈆	lan3
𰈇	chang2
𰈊	dian3
𰈍	chen4
𰈓	lan4
𰈯	za2
𰈶	mo2
𰉁	yan2
𰉄	za2
𰉘	wei3
𰉙	gang1
𰉚	xian4
𰉣	yi4
𰉥	jia1
𰉩	que4
𰉪	ye4
𰉱	jian3
𰉽	xue2
𰊂	zhi4
𰊅	zhan4
𰊈	qiang3
𰊑	xian4
𰊛	kui2
𰊟	man2
𰊡	yan2
𰊢	qian4
𰋖	lou3
𰋸	dang4
𰋹	zhuan1
𰋽	yan1
𰋾	bi4
𰌀	ying1
𰌂	zheng1
𰌆	qian4
𰌇	ze2
𰌉	yun4
𰌙	lan3
𰌦	ya1
𰌷	wei3
𰎌	song3
𰎎	long2
𰎏	dong1
𰎐	lu2
𰎑	ye4
𰎔	yao2
𰎖	ze4
𰎛	kuai4
𰎞	nao2
𰎠	yan2
𰎢	wei2
𰎫	yue4
𰎹	yan3
𰏁	cuan2
𰏓	wu4
𰏕	san4
𰏜	lou2
𰏟	lan2
𰏲	ma4
𰏶	kuai4
𰏼	dai4
𰐾	kuang3
𰑁	tuan2
𰑄	lun2
𰑔	zhi2
𰑕	yan1
𰑙	liu2
𰑟	gong1
𰑥	xian2
𰑧	can2
𰑪	sheng2
𰑫	luo3
𰑬	zhi4
𰑵	di4
𰑸	yi4
𰑿	tang3
𰒆	man2
𰒒	chi4
𰒖	miao3
𰓄	cheng2
𰓆	wu3
𰓔	shan3
𰓙	ye4
𰓜	zhi4
𰓟	za2
𰓧	sun1
𰓬	li4
𰓱	keng1
𰓷	ruan2
𰓻	gui1
𰓼	chan4
𰔇	di4
𰔋	gui4
𰔲	qian1
𰔶	yu2
𰕁	xun2
𰕅	qu1
𰕈	jiao3
𰕐	xie2
𰕭	kuai4
𰖈	yan3
𰖠	nan4
𰖩	li2
𰗆	hui4
𰗓	huang3
𰗖	lun2
𰗙	chou1
𰗚	xie3
𰗛	zhai2
𰗜	yan3
𰗡	chan3
𰗢	hui1
𰗣	za2
𰗦	jin3
𰗨	shi2
𰗬	qian1
𰗵	shen3
𰗹	su4
𰗺	fen2
𰘀	dai4
𰘈	ju2
𰘓	qing3
𰘠	yan2
𰘣	mian2
𰘩	xiao1
𰘳	lai4
𰘶	su1
𰘸	sou3
𰙋	wu1
𰙎	han1
𰙑	xiao4
𰙕	lou4
𰚔	ning2
𰚦	lv2
𰚪	ran2
𰚱	ye4
𰛊	ma3
𰛏	cong2
𰛒	dong1
𰛛	shan3
𰛡	bi4
𰛣	zhi2
𰛤	zhi4
𰛥	ai2
𰛦	hui4
𰛩	shan3
𰛪	luan2
𰛮	lu3
𰛲	lian4
𰛵	xian2
𰛽	ding3
𰜐	lan3
𰜜	qin4
𰜝	yang4
𰜢	he4
𰜨	jian4
𰜳	ying2
𰝅	ying2
𰝋	yin1
𰝍	hui1
𰝗	jian3
𰝟	xian3
𰝤	xian3
𰝾	chui3
𰞇	yi4
𰞍	jie2
𰞤	jian1
𰞲	bi4
𰞷	zao4
𰞻	fen2
𰟘	yan4
𰠛	jian1
𰠫	gang1
𰠲	keng1
𰠴	yao3
𰠹	pai2
𰡄	lu2
𰡊	xiao1
𰡋	hui1
𰡎	lai2
𰡏	wo1
𰡔	chan2
𰡞	ben4
𰡢	ying1
𰡩	qi2
𰡰	che1
𰡵	lu2
𰡻	nao3
𰡽	shu2
𰢄	su4
𰢢	wu3
𰢤	ying1
𰢦	lou3
𰣦	wei3
𰣩	ning2
𰣬	ji4
𰣯	xian2
𰣶	tui2
𰣼	ji1
𰣽	luan2
𰤓	tang3
𰤕	li4
𰤨	ta4
𰤫	du2
𰤬	du2
𰥊	kan4
𰥒	cong1
𰥛	fen4
𰥞	ying2
𰥠	man3
𰥢	xi3
𰥣	keng1
𰥨	xian2
𰥪	gui1
𰥭	meng3
𰥹	tang3
𰦜	ba4
𰦦	li4
𰦨	hui3
𰦭	long2
𰦰	ze2
𰦴	ya1
𰦷	lao2
𰦾	yan2
𰦿	tuo2
𰧃	jian4
𰧇	xian2
𰧉	zhi4
𰧎	qin1
𰧔	jian1
𰧘	zhu1
𰧰	yang2
𰧻	gui4
𰧾	nong2
𰨖	ti2
𰨜	kuang4
𰨦	ji4
𰨳	zi1
𰩅	long3
𰩏	tiao3
𰩓	cheng1
𰩧	xu1
𰩮	tuan2
𰩲	lu2
𰩸	jiao1
𰩹	dang4
𰩺	yue1
𰩻	zhua1
𰪊	zhong1
𰪏	lu4
𰪣	ying2
𰪫	tuan2
𰪭	zhang1
𰪶	tuan2
𰫋	men2
𰫖	lan4
𰫼	zheng3
𰫽	fou2
𰬀	ji4
𰬃	lie4
𰬅	fu1
𰬆	qu2
𰬇	zhu4
𰬈	xian2
𰬉	tuo2
𰬋	hong2
𰬌	geng1
𰬍	xie2
𰬎	bi4
𰬏	zhu1
𰬐	qiao1
𰬑	zheng1
𰬒	ci4
𰬓	gai1
𰬔	beng1
𰬖	cheng2
𰬗	qiu2
𰬘	fu2
𰬙	chen1
𰬚	yun2
𰬛	zhen4
𰬜	mian3
𰬞	qin1
𰬟	yu4
𰬠	hua4
𰬡	qie4
𰬢	qi1
𰬣	xi1
𰬤	bi4
𰬥	zong3
𰬦	hu1
𰬧	tian2
𰬩	xiu4
𰬪	shan1
𰬫	zhi4
𰬬	miao2
𰬭	beng3
𰬮	qian4
𰬯	zong1
𰬰	zong3
𰬱	suo3
𰬲	quan2
𰬳	ni4
𰬴	zai4
𰬵	xuan4
𰬶	qie4
𰬷	san3
𰬸	sui4
𰬹	zuan3
𰬺	zun1
𰬻	yu4
𰬼	la4
𰬽	xie4
𰬾	lian2
𰬿	pu2
𰭀	you1
𰭁	cong1
𰭄	guan4
𰭔	juan4
𰭚	lou2
𰭢	sha4
𰭣	dao4
𰭹	long2
𰮅	xiang1
𰮇	hu1
𰮙	zhu4
𰮝	xiao1
𰮲	sou1
𰯋	ni2
𰯎	man2
𰯲	jian1
𰰆	tan1
𰰋	shuang1
𰰌	zhou1
𰰏	dai4
𰰑	lou2
𰰠	xu4
𰰢	tang1
𰰤	qiu1
𰰨	lun2
𰰮	kui1
𰰱	dui4
𰰳	shi1
𰰴	qi3
𰰵	sha1
𰰶	za2
𰰷	fu4
𰰹	liu2
𰰺	she4
𰰾	ke1
𰱀	gong4
𰱇	jian1
𰱈	yong3
𰱉	meng2
𰱌	na4
𰱍	fen2
𰱐	xu4
𰱑	jian4
𰱛	zhong1
𰱝	xiang4
𰱟	fen2
𰱦	fu4
𰱩	lv2
𰱮	lv2
𰱯	bei1
𰱱	ci2
𰱲	zhi1
𰱾	lai4
𰲁	tui2
𰲂	teng2
𰲒	lei4
𰲟	wu1
𰲠	zhan4
𰲫	wu2
𰲬	che1
𰲮	qian3
𰲯	zong1
𰲰	lun2
𰲲	gui3
𰲳	zhan4
𰲴	long2
𰲵	ze2
𰲶	xing1
𰲸	e4
𰲹	yi3
𰲺	guo4
𰲻	da2
𰳁	ji1
𰳂	jian4
𰳄	chen2
𰳊	fei2
𰳗	ying1
𰳚	wei4
𰳲	long2
𰳵	yi4
𰳸	dui4
𰳹	yan3
𰳺	nong2
𰳼	shi1
𰴂	sen1
𰴕	mie4
𰴖	shao4
𰴗	li4
𰴘	jian4
𰴙	jun1
𰴚	lou2
𰴛	dou1
𰴜	qu1
𰴝	luo2
𰴞	qu1
𰴢	li4
𰴣	xue2
𰴤	dai3
𰴯	ying2
𰵊	jiao4
𰵌	yang2
𰵍	zhun4
𰵎	you2
𰵏	chao1
𰵐	fan3
𰵑	e2
𰵒	chen2
𰵓	xu4
𰵔	yi4
𰵖	yi4
𰵗	yang4
𰵙	die2
𰵚	ling2
𰵛	gou4
𰵜	tao2
𰵝	he2
𰵞	yong3
𰵠	nao2
𰵡	keng1
𰵢	jia2
𰵣	he2
𰵤	e4
𰵥	yi2
𰵦	xiao4
𰵧	zhi4
𰵨	zhan1
𰵩	bu1
𰵫	dou4
𰵬	bie2
𰵭	chan2
𰵮	e2
𰵯	shua4
𰵰	xing4
𰵱	chen1
𰵲	qi1
𰵳	zhuo2
𰵴	chu4
𰵵	ni4
𰵶	zhui4
𰵷	zhuo2
𰵸	ta4
𰵹	nie4
𰵺	yuan2
𰵻	hua2
𰵼	huo4
𰵽	tao1
𰵾	xi3
𰵿	he4
𰶀	yu2
𰶁	yi2
𰶂	cong4
𰶃	xi2
𰶄	zha1
𰶅	hao4
𰶆	han4
𰶇	tuo1
𰶈	chi2
𰶉	tan2
𰶊	yi1
𰶌	nou4
𰶍	juan4
𰶎	se4
𰶏	yao4
𰶑	long2
𰶔	du2
𰶨	mi4
𰶬	lou2
𰷞	te4
𰷠	yi4/yi2
𰷡	wan2
𰷢	chi2
𰷤	sui4
𰷥	cong2
𰷦	fei4
𰷧	jin4
𰷨	kui4
𰷩	sheng4
𰷪	yi4
𰷫	biao1
𰷬	zhuan4
𰷭	zang1
𰷮	xuan4
𰷴	li4
𰷵	qiao1
𰷶	qiao2
𰷸	du2
𰸇	shuang1
𰸈	die2
𰸊	gui4
𰸎	chan3
𰸐	xi3
𰸔	lian2
𰸚	dai4
𰸛	chi4
𰸞	tui2
𰹀	duo3
𰹲	wei4
𰹳	chun1
𰹴	fan4
𰹵	yi3
𰹶	kuang2
𰹷	yue4
𰹸	tun2
𰹺	fan3
𰹻	ba1
𰹼	zhan4
𰹽	peng1
𰹾	xian4
𰹿	rong3
𰺀	di3
𰺁	qu2
𰺂	pao2
𰺃	dui4
𰺄	gong3
𰺅	ju2
𰺆	hong1
𰺇	wan4
𰺈	yin3
𰺉	qian4
𰺊	ling2
𰺋	zhe2
𰺌	lu4
𰺍	guo3
𰺎	pai2
𰺏	peng2
𰺐	kan3
𰺑	yuan1
𰺒	chuan2
𰺓	fu4
𰺔	zong3
𰺕	duo2
𰺖	zhen1
𰺗	jian4
𰺘	keng1
𰺙	se4
𰺚	er2
𰺛	lao3
𰺜	fan1
𰺝	chong1
𰺞	zhan4
𰺟	ji2
𰺠	nie4
𰺡	xia2
𰺢	luo4
𰺣	lin4
𰺤	min2
𰺨	huo4
𰺭	chen2
𰺲	dang4
𰺷	rao4
𰻆	di4
𰻝	biang2
𰻞	biang2
𰻡	xu3
𰻦	wei2
𰻮	qiao1
𰻳	bi4
𰼅	yi4
𰼋	lao2
𰼏	lan4
𰼑	mi2
𰼻	qing1
𰽕	ji1
𰽖	ba1
𰽗	hua2
𰽘	di4
𰽚	kuang4
𰽛	qiao3
𰽜	ou1
𰽝	li4
𰽞	e4
𰽠	zhi3
𰽡	ri4
𰽢	xian4
𰽣	yin3
𰽥	bing3
𰽦	long2
𰽧	pi1
𰽨	zhai3
𰽩	ka3
𰽫	sheng1
𰽬	he2
𰽭	gou1
𰽮	fu2
𰽯	zhu4
𰽰	ban4
𰽱	fu2
𰽲	ji2
𰽳	qin1
𰽴	kua3
𰽵	guang1
𰽶	tong2
𰽷	hui4
𰽸	pi1
𰽹	chi3
𰽺	gui3
𰽻	ren2
𰽼	bing3
𰽽	rong2
𰽾	guo3
𰽿	zhe2
𰾀	bo2
𰾁	hong4
𰾃	zhuo2
𰾄	mei2
𰾅	han2
𰾆	yu4
𰾇	tun1
𰾈	sha1
𰾊	cong1
𰾌	jian4
𰾍	biao3
𰾎	pi1
𰾏	tao2
𰾐	fei4
𰾑	qian1
𰾒	guan3
𰾓	ta4
𰾕	ye4
𰾖	duo4
𰾗	zhen1
𰾘	chen3
𰾙	yu2
𰾚	wei3
𰾛	jie4
𰾜	duan1
𰾝	sheng1
𰾞	zong1
𰾟	fu4
𰾡	hong1
𰾢	shi1
𰾤	xia2
𰾥	kui2
𰾦	zuan3
𰾩	ye4
𰾪	ya1
𰾫	jian4
𰾬	da2
𰾭	ai4
𰾮	lian2
𰾯	tang2
𰾰	cui1
𰾱	zong3
𰾲	lu4
𰾳	lan2
𰾴	si1
𰾶	hui4
𰾷	zan1
𰾸	ding3
𰾹	juan1
𰾻	tian2
𰾼	quan1
𰾽	zhu2
𰾾	nie4
𰾿	la4
𰿁	ao2
𰿂	xu1
𰿃	mie4
𰿄	lei2
𰿆	zuan1
𰿇	zha2
𰿈	jian1
𰿉	lei3
𰿊	luo2
𰿦	zhen4
𰿨	guan3
𰿩	xia1
𰿪	xie4
𰿫	wei3
𰿬	peng1
𰿰	zuan1
𰿳	sha1
𰿴	ya4
𰿵	yu2
𰿹	guang1
𰿺	tang2
𰿻	xi4
𰿾	pi4
𱀑	zhi4
𱀡	fen2
𱁒	dui4
𱁞	wan1
𱁱	yang2
𱁳	duo2
𱁴	bi4
𱁶	qian1
𱁷	du2
𱁹	gui4
𱁺	lou2
𱁽	lan2
𱁾	lan2
𱂃	sa3
𱂄	mei4
𱂅	bi4
𱂆	ge2
𱂇	quan4
𱂈	yun4
𱂉	qiao4
𱂊	she4
𱂋	du2
𱂌	hu4
𱂍	dui4
𱂎	xie4
𱂐	yun4
𱂠	duo2
𱂡	ku1
𱂢	zhuo1
𱂣	yao2
𱂤	hui4
𱂥	e2
𱂦	ping1
𱂧	lei4
𱂨	e4
𱂩	fu4
𱂫	yan3
𱂬	kui2
𱂭	chui2
𱂮	pi3
𱂯	cui4
𱂰	han4
𱂱	kan3
𱂲	sai1
𱂳	gao3
𱂴	jiang3
𱂵	kui1
𱂶	xin4
𱂷	zhan1
𱂸	bin1
𱂺	piao3
𱂻	qiao2
𱃔	biao1
𱃕	xia1
𱃖	you3
𱃗	tai2
𱃘	lie4
𱃙	liu2
𱃚	li4
𱃜	rui2
𱃝	xiu1
𱃞	yu2
𱃟	xi2
𱃠	biao1
𱃱	xi4
𱃲	yu4
𱃳	bo2
𱃴	fan4
𱃵	ying3
𱃷	ban3
𱃸	zhi4
𱃹	en4
𱃺	tian3
𱃼	fen1
𱃽	e4
𱃾	bu4
𱃿	tan2
𱄀	fen1
𱄁	tou3
𱄃	jian4
𱄄	hui4
𱄆	xi1
𱄇	shang3
𱄈	meng2
𱄉	en4
𱄊	zan4
𱄼	zhu4
𱄽	zhe2
𱄾	guang1
𱄿	du2
𱅀	bao3
𱅁	zhi2
𱅂	sa4
𱅃	ju4
𱅄	ba2
𱅅	long2
𱅇	zhen3
𱅈	bi4
𱅉	rong2
𱅊	zhi4
𱅋	er3
𱅍	xu4
𱅎	fu2
𱅏	tao2
𱅐	bo2
𱅓	bo2
𱅔	song3
𱅕	lai2
𱅖	xuan1
𱅗	e3
𱅙	tui4
𱅚	she4
𱅛	tuo2
𱅜	yao3
𱅝	pian4
𱅞	xia2
𱅟	rou2
𱅠	han4
𱅡	gui1
𱅢	cheng2
𱅣	tao1
𱅤	pin1
𱅦	huang2
𱅧	xu1
𱅩	xi2
𱅪	dian4
𱅫	yu4
𱅬	yan4
𱅮	xiao1
𱆀	qian1
𱆁	qian1
𱆃	kui4
𱆄	fei4
𱆅	lan2
𱆆	man2
𱆈	zuan3
𱆌	shang1
𱆍	chao3
𱆙	chao1
𱆚	kui3
𱆛	chou3
𱆥	dan1
𱇍	ya4
𱇏	tuo1
𱇐	yuan2
𱇑	bei4
𱇒	pi2
𱇓	hu2
𱇔	na4
𱇕	yu2
𱇖	ban3
𱇗	lun2
𱇘	hang2
𱇙	shen3
𱇚	mo4
𱇛	wei4
𱇜	qu1
𱇝	pi1
𱇞	shan4
𱇟	xia2
𱇠	qiu2
𱇡	xing1
𱇢	gun3
𱇣	bo1
𱇤	you3
𱇥	geng4
𱇦	ku1
𱇧	yi2
𱇨	shu1
𱇩	jiao3
𱇪	luo4
𱇫	ru2
𱇬	yi2
𱇭	lai2
𱇮	mang2
𱇯	shao1
𱇰	ye4
𱇱	tiao2
𱇲	fu1
𱇳	suo1
𱇴	na4
𱇵	ji4
𱇶	lu4
𱇷	cuo4
𱇸	ying4
𱇹	zhi4
𱇺	ji4
𱇻	xian4
𱇼	jiu4
𱇽	ju2
𱇾	zong1
𱇿	su4
𱈀	ju4
𱈁	shan1
𱈂	yu2
𱈃	wei4
𱈄	hou2
𱈅	zong1
𱈆	lou2
𱈇	geng4
𱈈	geng4
𱈉	qian2
𱈊	liu2
𱈋	hao4
𱈌	xiu1
𱈍	ruo4
𱈎	sang3
𱈏	zhu2
𱈐	zhuan1
𱈑	hui1
𱈒	si1
𱈓	xun2
𱈔	cen2
𱈕	fan1
𱈖	lai4
𱈗	ru2
𱈘	chang2
𱈙	mie4
𱈚	e4
𱈛	meng2
𱈜	xian1
𱉇	yi3
𱉈	diao1
𱉊	gan1
𱉋	han4
𱉌	yi2
𱉍	yu4
𱉎	fu1
𱉏	tuan2
𱉐	ju2
𱉑	ban1
𱉒	huan1
𱉓	hu4
𱉔	jue2
𱉕	ge1
𱉖	pi2
𱉗	dan4
𱉘	ju1
𱉙	zhi3
𱉚	die2
𱉛	zhi4
𱉜	fu1
𱉝	bi1
𱉞	wu3
𱉟	ze2
𱉠	jing1
𱉡	bian3
𱉢	yao3
𱉣	song1
𱉤	gui4
𱉥	jia2
𱉦	lao3
𱉧	yuan1
𱉨	ya1
𱉩	ti2
𱉪	ai4
𱉫	zhu1
𱉬	jiao1
𱉭	gui3
𱉮	luo4
𱉯	yang2
𱉰	yu4
𱉱	kun1
𱉲	mou2
𱉳	mai3
𱉴	yang2
𱉵	lai2
𱉶	han4
𱉷	yi4
𱉸	tu2
𱉹	xi1
𱉺	fu2
𱉻	tuo3
𱉼	ji2
𱉽	ji4
𱉾	jun4
𱉿	jun4
𱊀	lu4
𱊁	qi2
𱊂	ming2
𱊃	li2
𱊄	yi4
𱊅	zhui1
𱊆	tu4
𱊇	ju2
𱊈	yi4
𱊊	kong1
𱊋	jian1
𱊌	ju1
𱊍	duo4
𱊎	zi1
𱊏	fu2
𱊐	jie1
𱊑	chun1
𱊒	yuan2
𱊓	mo4
𱊕	ti2
𱊖	tu2
𱊗	rou2
𱊘	chuan4
𱊙	zhen4
𱊚	tian2
𱊛	sun3
𱊜	niao3
𱊝	tang2
𱊟	xia2
𱊠	tu2
𱊡	yao3
𱊢	ji2
𱊣	an1
𱊤	yong1
𱊥	shang1
𱊦	yi4
𱊧	jue2
𱊩	tu2
𱊪	ling2
𱊫	yu2
𱊬	chu3
𱊭	yu4
𱊮	luo2
𱊯	ji1
𱊰	yi4
𱊱	di2
𱊲	bu3
𱊳	lei3
𱊵	yue4
𱊺	lu3
𱊻	lu3
𱊼	chuai4
𱊽	huai2
𱋆	shan4
𱋇	he2
𱋈	kuang4
𱋊	mo4
𱋋	qu4
𱋍	tou3
𱋎	hua2
𱋐	qu1
𱋓	ge2
𱋔	bing3
𱋕	chao3
𱋖	fu1
𱋗	fu1
𱋘	sha1
𱋙	guo3
𱋜	chao3
𱋝	bu4
𱋡	lou3
𱋢	chao3
𱋪	zhi2
𱋫	kuang4
𱋬	lian2
𱋮	meng2
𱋱	fen2
𱋴	chan3
𱋶	lu2
𱋾	cu4
𱋿	qu4
𱌀	yang1
𱌁	qu2
𱌃	wa1
𱌄	zhi1
𱌅	mi2
𱌆	meng3
𱌇	bie1
𱌈	ma2
𱌉	bi4
𱌊	chang1
𱌏	hun2
𱌖	nong4
𱌗	ji4
𱌘	zi1
𱌙	zi1
𱌫	yan3
𱌬	ze2
𱌭	zou1
𱌮	chu1
𱌯	chi1
𱌰	yao3
𱌱	xie4
𱌲	quan2
𱌳	yun3
𱌴	zhai1
𱌵	zhan1
𱌶	zou1
𱌷	yi2
𱌸	ji4
𱌹	ou2
𱌺	dian1
𱌽	yi4
𱍁	gong1
𱍂	da2
𱍄	ran2
𱍅	gou1
𱍆	jiao1
𱍇	tong2
𱍈	bie1
𱍐	qi2
𱍕	pa1
𱍛	ao2
𱎠	si3
𱎶	kua3
𱎼	ge3
𱏅	ji2
𱏋	an1
𱏤	lu1
𱏱	lao3
𱐏	gu4
𱐙	chan3
𱐛	tuo3
𱐿	wai4
𱑖	guan1
𱓰	ri4
𱔯	zhan4
𱕰	lei2
𱖀	hong1
𱖅	bian3
𱖇	gan1
𱖎	ao4
𱖑	ju4
𱖒	shan4
𱖕	zhuai3
𱖖	tu1
𱖙	hen4
𱖝	zai4
𱖞	zai4
𱖟	kuang1
𱖧	chong1
𱖫	wu2
𱖭	gong4
𱖰	tuo2
𱖲	jian4
𱖷	cheng2
𱖼	pai2
𱖽	zhong1
𱗂	sa3
𱗃	hun1
𱗅	niao4
𱗉	wa1
𱗋	ge2
𱗌	la4
𱗎	you1
𱗕	qiu1
𱗖	zhong3
𱗚	yong3
𱗞	ku1
𱗟	ling2
𱗢	huang3
𱗤	gao1
𱘆	hai3
𱘉	lian2
𱘭	nang3
𱘮	fen1
𱘲	tuo1
𱙧	xu1
𱚝	zha3
𱚦	mao1
𱚯	mo4
𱚱	a1
𱛆	niao
𱛍	lun2
𱛒	hong2
𱛓	long2
𱛔	le4
𱛧	hao1
𱛨	hong4
𱛬	shi2
𱛹	ye1
𱛽	duan4
𱜀	nang4
𱜒	xie4
𱜬	liang4
𱝃	shua3
𱝄	sao1
𱝉	tong4
𱝴	hu2
𱞌	hua1
𱞝	qie4
𱟫	chan4
𱠏	kang1
𱠸	yuan2
𱢡	huan2
𱣂	wu1
𱣄	hui2
𱣑	rou4
𱣕	qi3
𱣹	zang4
𱣻	he4
𱤑	gui1
𱤗	ge2
𱤦	luan3
𱤭	peng4
𱤺	beng1
𱥟	yue4
𱥣	ruo4
𱥰	ya1
𱥷	na4
𱦈	gui3
𱧚	lian3
𱧴	mai4
𱨙	zha1
𱨸	kuo4
𱩂	ying1
𱩉	wu4
𱩽	e4
𱪿	xun1
𱬏	lian4
𱭰	weng3
𱮒	sang1
𱮜	tan1
𱮴	gang1
𱮷	cang4
𱮿	bang1
𱯧	fu4
𱰎	sheng1
𱰗	che2
𱰤	qin2
𱰥	lei1
𱰭	zi1
𱰮	ling3
𱱚	xi1
𱱭	yan1
𱱱	jue2
𱲆	ce4
𱲎	ying4
𱳋	chu4
𱳞	zi1
𱳢	hui1
𱳩	hen2
𱳪	dai4
𱳳	wu4
𱴂	la4
𱴇	cheng2
𱴐	chang3
𱴘	jiang3
𱴞	hou2
𱴨	en4
𱴾	gua3
𱵁	shen3
𱶡	gan4
𱶻	tuo2
𱸂	ou1
𱸃	xi1
𱸇	lao2
𱸖	yang2
𱸛	ben3
𱸜	gan3
𱸡	hao2
𱸥	tiao4
𱸧	lu1
𱹁	qi2
𱹼	zi1
𱺨	mian3
𱺮	hao2
𱻴	zha2
𱼞	han4
𱼷	zhi3
𱽎	bei4
𱽕	dao1
𱽖	shen1
𱽿	jiang4
𱾃	hua1
𱾆	guan4
𱾎	xie2
𱾝	zhui1
𱾾	pu1
𱿅	bong4
𱿗	biang2
𱿣	ke4
𱿫	tang4
𱿯	wai1
𲀃	bang1
𲀄	xu1
𲀟	hang2
𲀯	xie2
𲁉	zhen1
𲁓	biang4
𲂆	xia2
𲂓	zao1
𲂔	zhuo2
𲂻	ying1
𲄀	mi2
𲄗	kuai3
𲄚	lao4
𲄨	qian2
𲅂	rou2
𲆦	xi1/xi4
𲆩	song1
𲆫	xun1
𲆰	xi1/xi2
𲆳	pin3
𲆵	rong3
𲇊	xi1
𲇙	xiu4
𲇰	ri4
𲈍	ye2
𲈖	ga2
𲈼	chu3
𲉅	tang2
𲉉	lun2
𲉨	kuang4
𲊹	chai1
𲊽	ci2
𲋁	xing4
𲋏	pao1
𲋶	mai4
𲌉	ju4
𲌞	qian2
𲌡	qiang2
𲌰	mao4
𲍇	yi2
𲍉	yuan2
𲍏	xian3
𲍐	mi3
𲍗	huan4
𲍛	tun2
𲍭	tun2
𲍮	fang1
𲍯	jian1
𲍰	mi2
𲍳	you3
𲍹	bao3
𲍾	zhui1
𲍿	ye4
𲎅	chi4
𲎆	tong2
𲎈	meng2
𲎉	mo4
